movie_id,actor_id
2,11716
2,11724
2,16015
3,11931
3,17402
3,18962
4,4070
4,4414
4,10956
8,3653
8,15495
8,22346
11,9392
11,23890
12,8920
12,8649
13,3107
13,8617
13,10375
16,72
17,1933
17,21413
17,21417
19,1505
19,3417
19,4311
19,5681
19,6615
19,13638
19,17008
19,18106
19,22749
19,23289
20,3785
20,10121
20,10212
20,13239
20,13588
20,13948
20,14385
20,14970
20,15065
20,15976
20,20168
20,20457
20,21255
20,23530
20,23986
20,24143
20,24652
22,2152
22,11670
23,2277
23,2288
23,2620
23,4379
23,7104
23,8378
23,10033
23,13912
23,16834
23,16863
23,17794
23,20119
23,22819
23,22949
23,23537
23,24264
23,24444
24,802
24,2652
24,3105
24,4303
24,8255
24,16725
24,16770
24,18819
24,18831
24,21116
26,1090
26,10337
26,12972
29,10990
29,12391
29,15831
30,770
30,5734
30,5747
30,10291
30,11751
30,16333
30,18595
30,23238
31,3518
31,4488
31,5013
31,5957
31,7777
31,11620
31,13004
31,15959
31,20752
31,21817
33,8390
36,11686
36,16036
36,20972
37,6776
37,13262
37,20165
38,3446
38,5861
38,17433
40,14362
40,16251
40,24639
42,7504
42,12565
42,14868
42,20551
44,285
44,1424
44,1463
44,2652
44,4437
44,4895
44,5434
44,6003
44,8151
44,8412
44,8482
44,11738
44,12109
44,15843
44,17535
44,18893
44,19296
44,19909
45,1650
45,2992
45,3325
45,3429
45,5500
45,6646
45,7365
45,8734
45,12760
45,17340
45,17808
45,18128
45,18751
45,20088
45,22049
45,22731
45,23039
46,24815
46,2648
46,6659
46,7512
46,9891
46,9925
46,9926
46,12691
46,15469
46,19387
46,22713
48,364
48,659
48,2835
48,3478
48,5029
48,5871
48,10445
48,15508
48,16680
48,16701
48,20717
48,23200
48,24008
49,459
49,1323
49,4008
49,4801
49,5130
49,6673
49,8550
49,8950
49,9035
49,11131
49,15804
49,17628
49,18057
49,22466
49,22813
51,504
51,572
51,4417
51,12517
52,168
52,12517
53,4882
53,18899
53,23665
54,2854
54,6152
54,6787
54,8077
54,15847
54,18924
58,5597
58,12375
58,14641
58,16586
59,2060
59,2969
59,5582
59,6670
59,13862
59,17963
59,19682
59,22507
59,24131
60,4303
60,11686
60,22957
62,7747
62,23439
62,24750
63,31
63,1480
63,4233
63,5266
63,6040
63,7844
63,13661
63,14243
63,16212
63,20701
63,20987
64,913
64,1730
64,2884
64,7039
64,8802
64,14917
64,22975
64,24021
65,11354
65,12950
65,13468
66,11987
66,12626
66,17150
66,21141
67,722
67,4042
67,4494
67,5235
67,8277
67,9963
67,10458
67,10578
67,11682
67,12127
67,13201
67,14838
67,16635
67,21760
67,22137
67,22807
67,23231
67,23897
68,2662
68,17635
68,21328
69,4070
69,9622
69,11931
71,1035
71,5025
71,6616
71,15758
71,16649
71,16841
71,18037
71,18515
71,22029
71,24186
72,1279
72,1723
72,3839
72,4184
72,9019
72,9850
72,11429
72,11925
72,11943
72,13307
72,13998
72,15577
72,15738
72,15739
73,4070
73,9622
73,11931
73,17984
73,19138
74,687
74,2544
74,3138
74,6626
74,13560
74,15792
74,16308
74,22220
74,23174
79,14287
79,22272
81,2477
81,6793
81,19197
82,10375
82,13014
83,20995
84,4696
84,17636
86,11086
86,20155
86,20503
89,4154
89,4402
89,4405
89,14717
89,20418
93,1078
93,4953
93,8948
93,13411
94,2551
94,10182
94,15252
94,16067
94,17639
95,7039
95,17635
95,22481
95,22773
97,21449
98,21587
99,3291
101,12183
101,16521
102,5542
102,11155
102,17995
103,5945
103,8470
103,14279
104,1430
104,3603
104,5945
104,7571
104,9085
104,10048
104,14279
104,20321
104,22423
104,24491
105,13411
105,13815
106,1732
106,6857
106,11955
106,20577
107,10506
107,10903
107,12389
107,14170
107,14394
107,15344
107,19923
107,21654
108,2595
108,4469
108,20628
111,1800
111,2595
111,12365
111,19488
114,2069
114,2744
114,6525
114,7673
114,10792
114,13899
114,14494
114,15667
114,17749
114,18664
115,1252
115,24050
116,12183
116,21530
118,481
118,1299
118,4042
118,4635
118,8996
118,9124
118,14910
118,18055
118,20709
118,22600
120,17720
120,18838
120,21534
120,24244
121,4201
121,23284
123,2329
123,4381
123,4723
123,15385
123,16245
123,16391
123,21035
123,24426
124,2329
124,3189
124,3337
124,5008
124,5663
124,11680
124,13496
124,17890
124,21876
124,22022
125,9417
125,11396
125,13169
125,13874
125,20060
125,22609
130,5148
130,6267
130,17402
132,1860
132,3540
132,13924
132,18441
133,203
133,6576
133,20120
133,21295
134,12134
134,24779
135,1644
135,12134
135,21441
139,22392
139,23741
140,66
140,4189
140,5603
140,5649
140,5963
140,7198
140,9264
140,10513
140,10940
140,12039
140,15219
140,16377
140,19678
140,23153
141,68
141,1392
141,2359
141,2642
141,4897
141,7298
141,10440
141,10577
141,11735
141,13595
141,15843
141,15975
141,17914
141,20438
141,22829
141,23158
143,7932
143,10904
143,12000
143,12505
144,265
144,2394
144,2600
144,4996
144,5649
144,9552
144,10390
144,14622
144,15408
144,17523
144,19159
144,20722
144,21349
144,21715
144,21877
144,24588
145,1373
145,3426
145,4108
145,10135
145,11654
145,15112
145,17830
145,17929
145,19065
145,22486
145,22521
145,23454
146,2
147,2933
147,22767
150,1317
150,1499
150,2629
150,3408
150,5380
150,6108
150,6707
150,12347
150,12794
150,14621
150,15797
150,18243
150,19140
150,20391
150,20487
153,4501
153,14920
153,20321
153,24024
154,4161
154,10048
154,18794
154,18871
154,20873
154,20894
154,21310
156,2257
156,2355
156,3747
156,5011
156,7833
156,9367
156,12134
156,16344
156,17470
156,18170
156,18495
156,18673
156,18908
158,457
158,1167
158,5527
158,6194
158,6970
158,8027
158,8862
158,10455
158,12369
158,12385
158,12619
158,14352
158,14954
158,15493
158,15932
158,18976
158,19004
158,19027
159,3384
159,7219
159,13539
159,16477
161,3950
161,5497
161,7281
161,7711
161,9828
162,1051
162,11831
162,16223
162,19322
162,23406
162,24038
163,24817
163,3800
163,20989
164,434
164,885
164,2614
165,5090
165,6927
165,10983
167,13520
167,15552
168,3014
168,3943
168,5729
168,6990
168,9206
168,9492
168,12950
170,3390
170,7614
170,12650
170,21558
171,1389
171,4737
171,14035
171,16863
171,18206
174,4265
174,4542
174,5942
174,10726
174,12637
174,13045
174,13722
174,17127
174,18505
174,19083
174,22481
175,4056
175,10243
175,10675
175,19722
176,2502
176,2715
176,5169
176,4478
176,6505
176,7105
176,7135
176,9664
176,13392
176,18728
177,3025
177,5516
177,5784
178,3794
178,4356
178,4556
178,5114
178,7307
178,13442
178,15193
178,16060
178,16255
178,18201
178,19747
178,20817
178,22470
178,22706
178,23305
178,24164
180,6684
180,20628
181,6098
181,12278
182,5232
182,16275
182,19558
182,23113
186,11323
186,13737
186,15276
186,16997
186,20607
186,20839
186,21858
186,22226
186,23233
186,24760
187,14714
188,1160
188,3305
188,6849
188,6940
188,8433
188,8673
188,10376
188,10528
188,10538
188,11236
188,17591
188,19191
188,23550
188,23661
188,24667
189,1734
189,3305
189,4355
189,6940
189,8433
189,8673
189,10311
189,10376
189,10538
189,11236
189,17591
189,19191
189,23550
189,23661
189,24667
191,1420
191,13906
191,14617
191,15454
191,16133
191,19504
191,20541
191,20978
191,21109
191,22086
195,4895
195,8290
195,11324
196,3950
196,10820
196,16128
197,5269
197,7960
197,9753
197,13696
197,18640
197,18777
197,19292
197,20293
197,22495
198,4039
198,9380
198,10984
201,17373
201,19701
203,1039
203,1176
203,2243
203,4826
203,6684
203,8562
203,11467
203,16811
203,18026
203,18799
203,19602
203,19907
203,23412
204,5359
204,9919
204,10651
204,16607
206,1424
206,2547
206,3404
206,3951
206,4457
206,4487
206,6118
206,8819
206,9958
206,10566
206,10635
206,16854
206,20998
208,7970
210,4380
210,21376
210,23497
211,74
211,1521
211,2011
211,2777
211,5472
211,6147
211,7270
211,9334
211,9571
211,10232
211,11862
211,12180
211,13051
211,13408
211,15526
213,746
213,2142
213,2483
213,2684
213,3300
213,3490
213,4025
213,4337
213,6787
213,7725
213,10991
213,11669
213,11930
213,13578
213,13947
213,14298
213,14930
213,17440
214,2069
214,2410
214,5241
214,6263
214,12130
214,13507
214,13898
214,14540
214,14840
214,24062
215,281
215,3235
215,4690
215,5116
215,10430
215,16467
215,17753
215,19233
215,20998
215,23653
218,803
218,911
218,1909
218,5138
218,6612
218,8470
218,8812
218,12420
218,13030
218,17170
218,22185
218,24244
219,4748
219,18830
219,21825
220,542
220,898
220,1146
220,1868
220,5482
220,7984
220,15003
220,18313
220,18086
220,23564
221,12464
221,16869
221,19075
221,19761
221,19950
221,20719
222,694
222,20753
224,5681
224,7196
224,23128
226,1731
226,2592
226,3661
226,5940
226,6390
226,7294
226,7847
226,8004
226,9145
226,11536
226,11909
226,15963
226,17403
226,17720
226,18884
226,21438
226,23046
226,24218
228,2461
228,3897
228,5205
228,8830
228,13324
228,14701
228,16403
228,19965
228,20456
228,21961
229,9524
229,11369
229,14405
230,9419
230,13360
230,15680
230,17054
230,17269
230,17279
230,17576
230,19812
230,22585
232,2846
232,4170
232,10678
232,13024
233,646
233,7409
233,11174
233,12223
233,13897
233,17954
233,18833
233,19190
235,3446
235,10188
237,9275
237,21220
237,23351
238,1427
238,3686
238,6784
238,10504
238,15166
238,18601
238,20594
238,21074
238,21865
238,22458
239,506
239,15721
239,20628
240,205
240,4410
240,5519
240,16104
240,21335
241,20166
241,21666
242,10656
242,12453
242,21376
243,960
243,1281
243,3127
243,4939
243,10990
243,11676
243,13087
243,13169
243,13792
243,14754
243,15868
243,17657
243,20119
243,22374
245,7483
245,15886
246,4004
246,7483
246,8164
246,10200
246,15886
247,704
247,2245
247,3453
247,8042
247,11559
247,12702
247,12877
247,12897
247,15608
247,15848
247,15986
247,16275
247,16334
247,16817
247,23227
247,23692
247,23753
249,6684
249,15575
249,23921
252,696
252,2645
252,21158
252,23305
253,4894
253,5252
253,20281
253,21875
255,24824
255,10822
257,1677
257,4074
257,4819
257,6511
257,8817
257,10267
257,10601
257,11598
257,15480
257,16640
257,20243
257,22056
257,22479
257,22692
257,23779
258,61
258,1174
258,1591
258,4699
258,4718
258,11347
258,12456
258,13238
258,14215
258,14302
258,18330
258,19369
258,21583
259,8970
259,11189
259,18774
259,23965
260,9233
260,15752
261,1290
261,6012
261,8411
261,9862
261,10059
261,13267
261,13487
261,15075
261,19150
261,24384
261,24561
262,3956
262,4655
262,15797
262,19197
263,24120
268,8214
268,12968
268,13056
268,19069
269,475
269,9277
269,12991
269,16275
269,22093
272,1049
272,2174
274,19054
275,8168
275,11837
275,21220
276,13966
276,23185
276,23944
282,2718
282,10825
284,2308
284,4078
284,7926
284,8996
284,14534
284,16602
284,18963
284,19439
284,21199
284,22842
285,1535
285,1946
285,5310
286,4614
286,7541
286,9156
286,16800
287,54
287,1467
287,2879
287,4121
287,4154
287,5632
287,5742
287,7535
287,8617
287,12568
287,18337
287,20694
287,23259
288,1058
288,4178
288,14440
288,17837
288,21124
288,21439
289,7766
289,14398
289,14440
289,21766
289,23234
291,503
291,585
291,3935
291,4582
291,5873
291,7115
291,11194
291,18545
291,19086
292,5380
292,19197
293,1004
293,1058
293,1172
293,3387
293,5611
293,7847
293,10979
293,12182
293,16737
293,18831
296,10072
296,13836
296,20456
297,2662
297,6866
297,7757
297,17525
297,18373
297,21418
297,23161
298,17154
298,22320
298,23185
300,9430
300,11938
300,14817
300,18142
300,18356
300,23928
301,10862
301,13279
301,15621
301,19548
301,23282
303,8260
303,11662
303,14537
303,16588
303,24342
304,2898
304,4049
304,11514
304,13676
304,18047
304,18634
304,19334
304,20814
304,21957
304,22453
304,24023
306,740
306,1042
306,4997
306,7692
306,7745
306,8780
306,8876
306,9394
306,9687
306,10449
306,11058
306,11263
306,17716
306,18114
306,19429
306,19567
306,20487
306,22067
308,22618
310,3554
310,6511
310,7168
310,7618
310,7658
310,11751
310,14314
310,17155
310,18203
310,19872
311,2137
311,2444
311,2949
311,3319
311,4696
311,6365
311,7168
311,11751
311,14118
311,15505
311,17155
311,18203
311,18350
311,21224
311,21652
311,21780
311,24140
312,2644
312,4262
312,6305
312,6920
312,7039
312,8824
312,8878
312,12365
312,13254
312,14464
312,18412
312,19722
312,21371
312,22417
312,22526
312,23195
313,4180
313,9399
314,7820
314,19981
318,1676
318,2552
318,7218
318,10021
318,10036
318,15790
318,20610
318,21089
318,23160
319,19671
319,23794
320,13169
320,20166
320,24319
323,6245
323,10065
323,11660
323,11829
323,13547
323,15547
323,18680
323,22708
323,22915
323,24620
324,14257
324,19159
324,21151
325,16875
325,19962
325,21155
326,1027
326,1482
326,4398
326,5802
326,7266
326,11552
326,11830
326,12634
326,12965
326,17629
326,19998
326,21813
328,16771
328,20168
331,1920
331,13351
331,16392
331,16462
331,17278
331,20782
331,21045
331,23481
331,24567
331,24629
332,1419
332,1644
332,1923
332,2954
332,5138
332,7363
332,8500
332,8646
332,9325
332,9582
332,10785
332,11284
332,12243
332,13010
332,13247
332,14561
332,16549
332,20611
332,21071
334,5210
334,17889
334,24377
335,4895
335,12505
335,16230
336,10651
336,10923
336,11498
336,13252
336,16527
336,18509
336,20899
336,22842
336,24271
338,787
338,2697
338,5161
338,10799
338,16354
338,20431
339,8899
339,9778
339,14489
341,22536
341,24030
342,2605
342,3960
342,6776
344,525
344,1383
344,1820
344,3066
344,3117
344,5180
344,5644
344,6703
344,8769
344,13895
344,15887
344,16747
344,19528
344,20867
344,24241
346,1798
346,3008
346,11467
346,15062
346,20640
347,17693
350,5420
350,8908
350,9540
350,9546
350,12593
350,12809
350,23044
352,15604
352,19243
352,20320
353,12330
354,6709
362,2241
362,8305
362,11492
363,2763
363,3549
363,4267
363,4663
363,5111
363,5908
363,7492
363,11332
363,12395
363,13834
363,17412
363,18425
363,18445
363,23459
364,2204
364,3092
364,5329
364,5788
364,14440
365,7268
365,13734
365,16045
365,17983
365,17984
365,20220
366,15385
366,21502
369,2400
369,4241
369,4626
369,5829
369,6677
369,12928
369,13461
369,15564
369,19814
369,21656
370,2215
370,2218
370,10710
370,13160
370,20015
371,2035
371,2931
371,7086
371,9096
371,9392
371,24831
371,9740
371,14016
371,21049
371,21772
375,1642
375,10793
375,10816
377,775
377,1299
377,2566
377,4412
377,5431
377,6181
377,8842
377,14390
377,16834
377,17182
377,18510
377,19771
377,20548
377,22374
377,24646
379,5237
379,9991
379,11037
379,11904
379,15692
379,19087
379,21627
379,22237
379,23458
379,24666
380,5841
380,6443
380,11291
380,12631
380,14569
380,15530
380,17824
380,19320
380,20379
380,23079
381,2668
381,4154
381,13087
382,5980
382,11219
382,11498
382,14544
383,63
383,21452
384,5679
384,21617
386,803
386,14518
386,22808
388,708
388,1974
388,5207
388,5437
388,8481
388,12177
388,13982
388,15812
388,18213
388,20829
388,21442
388,22848
388,23323
388,23870
389,14279
389,22133
391,511
391,4306
391,6705
391,10354
391,12135
391,16992
391,17020
391,19904
391,21116
391,22867
391,23600
393,9497
394,12968
394,22386
396,2140
396,6202
396,9242
396,10337
396,14489
398,1040
398,1280
398,1558
398,1574
398,1852
398,2659
398,2740
398,4970
398,7897
398,8666
398,9722
398,10489
398,10493
398,11217
398,12871
398,13758
398,14347
399,202
399,3469
399,4634
399,11536
399,12303
399,13428
399,16718
399,18924
399,19785
400,6183
400,9461
400,10046
401,2847
401,6390
401,19477
403,2277
403,3299
403,7139
403,10029
403,11865
403,12891
403,13417
403,18474
403,22019
403,23066
404,2688
404,6397
404,20598
406,6705
406,7260
406,11460
406,12947
406,15638
406,16430
406,20119
406,20146
406,21026
406,21825
407,10512
407,11018
407,11460
407,12451
408,1187
408,7972
408,16319
408,22275
408,22919
410,5005
410,5094
410,5196
410,6594
410,8445
410,8527
410,8531
410,14929
410,15464
410,17043
410,18087
410,19358
410,19892
410,23762
411,2954
411,11931
411,12647
414,204
414,1181
414,3963
414,4757
414,10517
414,11182
414,16015
414,19959
415,7611
415,11354
416,672
416,17869
416,20517
417,369
417,3356
417,3656
417,4413
417,4950
417,5296
417,5350
417,6876
417,7371
417,11556
417,11865
417,11872
417,12230
417,14307
417,16204
417,16724
417,21864
418,728
418,5309
418,6469
418,9240
418,9390
418,11060
418,11695
418,11777
418,11804
418,16797
418,18150
418,19948
418,21256
418,21636
418,22331
418,24059
422,1007
422,1711
422,3030
422,3105
422,5449
422,6468
422,6488
422,6939
422,8764
422,8991
422,10454
422,11712
422,11795
422,13565
422,13584
422,14671
422,14688
422,14780
422,17944
422,19654
423,9495
423,19083
423,20503
424,905
424,2163
424,4316
424,4937
424,5333
424,8731
424,8977
424,9707
424,10582
424,12459
424,14306
424,15534
424,16370
424,17282
424,17910
424,22501
425,10874
425,24244
426,4387
426,5065
426,15341
426,18653
427,15246
427,23695
428,512
428,19639
429,4356
429,16588
429,18037
430,3081
430,11787
430,21557
430,23673
433,8667
433,17658
433,18880
433,23197
434,1722
434,2776
434,4429
434,4447
434,4619
434,6272
434,6851
434,7520
434,17138
434,17283
434,17736
439,6988
439,8720
439,10917
439,12731
439,14250
439,15073
439,17822
439,20858
439,21472
439,21737
439,22697
439,24638
440,3019
440,3571
440,3596
440,11575
440,17977
440,20503
441,863
441,1378
441,3249
441,5676
441,6784
441,6823
441,11495
441,14812
441,18577
441,19436
442,4845
442,7262
442,7610
442,11686
445,11155
445,13736
447,2220
447,7568
448,765
448,17044
448,22874
448,23354
453,6625
453,9354
453,9698
453,10975
453,12266
453,12160
453,13478
453,16414
453,19083
453,19241
453,20974
453,21376
453,21500
453,22546
454,7423
454,7567
454,14485
454,14586
454,19813
454,19838
455,4371
455,5747
455,6304
455,8657
455,9826
455,10172
455,13763
455,20781
455,22023
455,24234
455,24790
456,3607
456,6002
456,5985
456,8569
456,11059
456,11533
456,14718
456,15309
456,15732
456,18435
456,20664
456,20939
456,21175
456,21381
459,1986
459,3539
459,3966
459,5163
459,7959
459,10168
459,15546
459,15926
459,19208
459,23087
461,1417
461,5801
461,6319
461,15412
461,20983
465,6421
465,8544
465,14909
467,19248
467,20844
467,24342
468,15246
468,20369
468,21757
469,73
469,609
469,617
469,2368
469,2884
469,6511
469,6836
469,8805
469,12505
469,16990
469,22461
469,24215
472,555
472,562
472,3043
472,3405
472,9759
472,13783
472,15742
472,18935
472,22578
472,24772
473,4537
473,12647
473,14440
480,1334
480,1991
480,6908
480,14784
480,17728
480,18020
480,21371
481,4124
481,16436
481,18477
483,8032
483,9380
484,1780
484,8032
484,9064
485,3432
485,4342
485,4429
485,8581
485,9220
485,10224
485,17328
485,19486
485,21309
485,24697
486,9344
486,13105
486,15985
486,17421
486,23337
489,4758
489,7940
489,8974
489,10248
489,12365
489,13290
489,13469
489,20897
489,23296
489,24274
490,354
491,354
491,1347
492,379
492,17956
493,993
493,8403
493,12378
494,12501
494,15607
496,2595
496,3897
496,13198
496,17737
496,20456
501,1504
501,13216
501,14121
502,3155
502,3442
502,6479
502,18467
502,20446
502,21199
502,21706
502,22953
502,22991
502,23850
504,153
504,481
504,2228
504,2710
504,2894
504,8022
504,11595
504,12056
504,12794
504,16006
504,16559
504,17632
504,17647
504,17794
504,18123
504,18300
504,18328
504,19370
504,22673
504,24080
505,4931
505,12898
505,22272
505,23152
508,6776
508,10783
508,16227
508,19479
508,23653
509,5877
509,12968
509,15065
509,22020
510,4396
510,6170
510,6441
510,16015
511,662
511,17023
511,22023
512,1750
512,1885
512,2346
512,2920
512,3116
512,3202
512,4466
512,5394
512,5469
512,9805
512,11450
512,12215
512,12736
512,13043
512,13564
512,15222
512,16627
512,18102
513,1535
513,1800
513,4894
513,20493
514,2563
514,6641
514,6691
514,6957
514,10990
514,13375
514,21755
514,22271
514,24770
516,12365
517,24234
518,3754
518,5356
518,6398
518,7155
518,8273
518,8571
518,10138
518,11149
518,17515
518,20778
520,1981
520,4323
520,4576
520,5730
520,6962
520,7146
520,7526
520,12411
520,12569
520,15981
520,18036
520,19219
520,20152
522,11860
522,16613
524,1701
524,9283
524,11860
524,16613
527,1190
527,2884
527,3605
527,3795
527,5542
527,6098
527,12615
527,13023
527,16725
527,17782
530,7372
530,10967
530,20213
531,2158
531,3886
531,20189
534,3907
534,4574
534,6173
534,6695
534,6839
534,7041
534,9628
534,10072
534,10872
534,10983
534,12085
534,13174
534,13929
534,15291
534,16982
534,20476
537,9204
537,21734
538,1538
538,2528
538,3670
538,4030
538,4809
538,4939
538,10737
538,12992
538,16015
538,17184
539,3117
539,20995
539,23036
540,9622
540,17073
543,1319
543,2176
543,4636
543,9842
543,10268
543,10923
543,12774
543,13242
543,16858
543,19581
543,19790
543,21474
543,24409
544,1742
544,5025
544,5357
544,6093
544,6402
544,9386
544,10277
544,12999
544,13211
544,14093
545,13623
545,20688
546,3110
546,4652
546,8642
546,14666
546,20354
546,21520
547,351
547,2954
547,3067
547,5533
547,5818
547,10632
547,11625
547,12758
547,17196
547,20804
547,22069
547,24180
547,24364
547,24619
548,3571
548,7047
548,7392
548,7707
548,8553
548,9161
548,10646
548,14333
548,14709
548,15427
548,21369
548,21562
548,23430
549,1433
549,3806
549,6026
549,6199
549,7354
549,7936
549,10754
549,14100
549,14927
549,15484
549,16828
549,21313
549,22070
551,199
551,1174
551,18831
551,18880
551,20839
551,22784
552,861
552,867
552,3818
552,4978
552,13109
552,15666
552,18439
552,18663
552,18803
552,23864
553,20220
554,6534
554,6877
554,7882
554,8103
554,9596
554,10005
554,12367
554,13053
554,13327
554,14760
554,16175
554,16856
554,19175
554,20868
555,308
555,1345
555,1756
555,5208
555,6508
555,9083
555,14551
555,14644
555,23034
555,23119
556,13171
556,20163
557,1577
557,4454
557,7634
557,9157
557,10740
557,11240
557,11920
557,12165
557,13168
557,13831
557,15674
557,17336
559,14348
559,20656
559,23190
560,5300
560,19987
562,2468
562,3690
562,4327
562,5825
562,6046
562,6796
562,8786
562,9902
562,11180
562,11680
562,11787
562,17497
562,17858
562,18749
562,22356
563,1078
563,1775
563,16890
563,24188
564,746
564,7039
564,7779
564,8587
564,12616
564,13176
564,13227
564,13923
564,15065
564,17185
564,18065
564,21930
565,12365
565,12991
565,21328
567,131
567,1377
567,4163
567,4171
567,4183
567,4642
567,7947
567,8634
567,9668
567,15497
567,15847
567,16990
567,18427
567,20372
567,22080
567,22887
567,23173
568,9340
568,16163
568,18998
569,6705
569,16181
569,23685
570,1296
570,1661
570,3049
570,5898
570,8294
570,10867
570,11430
570,12166
570,20176
570,24145
571,18704
571,18885
571,24779
574,3211
574,3325
574,5820
574,6174
574,6920
574,9106
574,10770
574,10931
574,17341
574,20497
574,20830
574,20887
574,22059
575,20622
578,1804
578,2252
578,2343
578,3552
578,3808
578,7220
578,8067
578,8460
578,8980
578,12397
578,12667
578,19866
578,22816
583,3105
583,15721
585,6110
585,7611
585,11512
585,12005
585,12450
585,13956
585,16355
585,17952
585,22890
585,24369
585,24438
586,5531
586,8207
586,9972
586,11259
586,13565
586,17288
586,18052
586,18477
586,20387
587,2884
589,1070
589,2251
589,4892
589,10234
589,11294
589,13725
589,16945
589,20913
589,21250
589,24754
592,4696
592,10983
592,17523
593,525
593,2846
593,3117
593,7264
593,11751
593,19477
594,1799
594,2779
594,3233
594,7206
594,12002
594,12412
594,13095
594,13744
594,14039
594,15452
594,16324
594,18012
594,21644
596,4510
596,22202
596,22750
597,1217
597,4899
598,16895
598,17370
598,17402
599,525
599,2638
599,6047
599,10972
599,19197
600,11039
600,12690
600,13661
600,13838
600,14333
600,14850
600,15489
600,16573
600,16777
600,17402
600,17731
600,17870
600,18742
600,19367
600,22047
601,4537
601,9207
601,12647
602,7136
602,12663
603,322
603,1984
603,2001
603,11877
603,22097
605,10656
607,10656
607,11140
607,12181
607,23433
608,10656
608,24664
609,461
609,1583
609,1783
609,8398
609,8757
609,10874
609,11904
609,17341
609,17626
609,18153
609,20078
609,20092
609,21928
609,23386
609,24177
609,24338
610,839
610,3902
610,4211
610,5390
610,10409
610,12826
610,12843
610,13169
610,15470
610,16945
610,17273
610,19600
610,22478
610,24031
611,3482
611,4783
611,5531
611,7544
611,14289
611,19266
611,21657
611,24275
615,6601
615,24070
616,506
616,9750
616,16734
617,707
617,1956
617,2720
617,2721
617,3550
617,4174
617,4668
617,4743
617,17009
617,19856
617,22554
618,7651
618,9382
618,19949
619,2241
619,16130
620,16130
620,23693
620,23696
622,51
625,1082
625,1486
625,3029
625,4070
625,5642
625,10660
625,12391
625,13423
625,13534
625,14960
625,18437
625,19617
625,21825
625,24218
627,1524
627,3207
627,16162
627,17221
628,1591
628,2472
628,2953
628,5057
628,6589
628,7610
628,8271
628,10519
628,10565
628,10629
628,13442
628,13958
628,23685
628,24141
628,24190
629,3527
629,4208
629,4442
629,4592
629,5921
629,6643
629,8926
629,12794
629,13516
629,16771
629,17962
629,20988
629,21227
629,21467
629,21697
629,22559
629,22807
633,14
633,21617
634,10318
634,11752
634,12575
635,6059
635,20453
636,2823
636,6469
636,7469
636,9390
636,22215
637,6147
637,9497
637,15385
639,2276
639,4326
639,5145
639,5641
639,10868
639,11306
639,11681
639,11717
639,12608
639,20104
639,20140
639,21599
639,21658
639,24334
640,1087
640,3427
640,5765
640,6984
640,7267
640,9431
640,11547
640,12474
640,13712
640,17213
641,6152
641,20628
642,6468
642,7912
642,14561
642,15485
642,23430
643,9591
645,585
645,1154
645,3117
645,4469
645,11005
645,11086
645,14837
645,20165
646,541
646,1927
646,2664
646,3591
646,4967
646,6390
646,6660
646,10756
646,11176
646,13442
646,13958
646,14755
646,20429
646,21141
646,23285
646,24282
648,1876
648,4797
648,5844
648,11704
648,13005
648,17860
648,18919
648,23578
648,23625
649,4894
649,21237
650,5229
650,7651
650,10983
650,19125
650,20609
650,23722
651,10625
651,21339
654,4469
655,4138
655,4813
655,6282
655,6328
655,7653
655,9963
655,12229
655,19067
655,21909
655,22423
655,22568
656,1005
656,10625
656,21339
657,2531
657,6393
657,13995
657,16887
657,17138
657,17737
657,18072
657,18491
657,21500
657,22985
658,3117
658,21760
659,7540
659,11072
659,13384
659,22341
660,9175
660,18831
660,21543
663,9037
663,10249
663,16449
665,4951
665,11155
665,11756
665,13736
666,133
666,1661
666,2150
666,3257
666,3439
666,3487
666,4053
666,6147
666,17419
666,18317
666,21396
666,24664
667,802
667,18055
667,24229
669,1005
669,7541
669,10625
669,21339
670,44
670,361
670,658
670,1176
670,4529
670,13240
670,15184
670,15264
670,15265
670,18679
670,21760
670,21895
670,24232
673,11686
673,12448
676,530
676,4731
676,7860
676,8345
676,9176
676,10378
676,12991
676,14443
676,16318
676,20893
676,21043
676,21137
676,24169
677,3453
677,5007
677,7566
677,8128
677,7797
677,7898
677,14722
677,15658
677,15926
677,16341
681,7152
681,8214
682,7285
682,9828
682,10804
686,322
686,530
686,1052
686,1248
686,3735
686,4190
686,7100
686,9686
686,10148
686,12116
686,14847
686,18868
686,19021
686,23265
686,24516
688,1202
688,15829
688,17261
688,17433
688,19032
689,12516
689,17966
690,673
690,822
690,1004
690,2639
690,4762
690,5754
690,6005
690,10455
690,10877
690,23109
693,8060
693,8544
693,18529
695,13262
695,13456
696,6468
696,19468
696,21875
697,200
697,1002
697,3811
697,4123
697,5851
697,6933
697,7163
697,8380
697,10903
697,11214
697,11450
697,12096
697,12778
697,13455
697,15901
697,16377
697,17331
698,17655
698,21220
699,2699
699,5160
699,4846
699,9306
699,13913
699,14678
699,14830
699,17014
699,17178
699,18015
699,18301
699,24681
700,803
700,3702
700,19127
701,4946
701,11404
701,16615
701,23716
701,24149
701,24376
701,24386
701,24555
701,24560
701,24725
702,2231
702,5075
702,7136
702,10131
702,10930
702,11750
702,15574
702,16153
702,16697
702,21894
702,24644
703,2476
706,429
706,1520
706,2420
706,6469
706,8430
706,9379
706,11750
706,15496
706,23336
706,24059
707,429
710,2605
710,3044
710,3046
710,6750
710,9343
710,17162
710,19131
710,20149
710,21908
710,24054
712,11006
712,17402
712,20220
713,9479
713,18675
713,19560
715,7535
715,12713
715,17427
716,2885
716,14651
716,20165
719,4181
719,5936
719,7697
719,8463
719,13964
719,16461
719,17671
719,18504
719,19180
719,20353
719,23551
720,4524
720,18880
720,22271
720,24217
721,4524
721,22271
721,24217
724,11070
724,18713
724,23003
726,1228
726,1230
726,2391
726,5195
726,8596
726,8602
726,12769
726,14380
726,14381
726,15678
726,18169
726,20763
726,22680
731,4999
731,8649
731,8812
731,13736
731,20912
731,23128
732,10282
732,20039
733,10310
733,11006
734,4342
734,5533
734,8092
734,8470
734,9140
734,10160
734,10605
734,12145
734,13126
734,13942
734,14573
734,16778
734,17402
734,17983
734,18515
734,19302
734,20292
734,21046
735,1760
735,7182
735,7844
735,9702
735,15037
735,17237
735,18245
735,19297
735,19461
735,19709
735,19986
735,20097
735,23505
735,24619
736,7701
736,7749
736,9180
736,17537
736,18104
736,20355
736,20543
736,21212
736,21943
736,24411
738,2349
738,7651
738,23305
740,2416
740,11406
740,13166
740,14185
740,16474
740,16565
740,23858
740,24153
740,24391
740,24565
741,203
741,10046
741,15732
742,1724
742,2090
742,2798
742,7127
742,7234
742,10464
742,10970
742,12350
742,14310
742,19058
744,8899
744,10338
744,11562
748,3271
748,15843
748,22630
749,568
749,718
749,1646
749,4696
749,7355
749,9278
749,14336
749,15037
749,18113
749,21176
749,21177
750,2646
750,3614
750,4629
750,7020
750,7021
750,11846
750,15340
750,15761
750,15878
750,18845
750,21131
750,21303
751,35
751,12365
751,13190
751,16238
752,802
752,1681
752,24126
753,3381
753,6706
753,7169
753,10430
753,11452
753,13099
753,13363
753,14903
753,15237
753,16408
753,16682
753,16831
753,18774
753,18822
753,20786
753,20942
753,21056
753,22067
754,134
754,883
754,1806
754,3101
754,8713
754,12122
754,13382
754,15070
754,15766
754,17215
754,19202
754,20942
754,22170
754,22672
755,6489
755,10337
755,12068
756,5387
756,6160
756,6515
756,9297
756,12922
756,14171
756,14626
756,16176
756,18674
756,20843
756,23093
756,23672
757,158
757,1270
757,1552
757,4519
757,6227
757,6422
757,8045
757,9681
757,12756
757,13470
757,13532
757,14095
757,15721
757,16938
757,17656
757,17666
757,17530
758,3636
758,10450
758,19421
759,2655
759,5035
759,5783
759,6792
759,8575
759,9445
759,10997
759,11822
759,17693
759,18545
759,21978
759,22935
759,23623
760,5926
760,10997
760,23327
761,312
761,1058
761,4841
761,4929
761,7525
761,9629
761,10420
761,10914
761,11546
761,11997
761,15818
761,17397
761,19482
761,21348
761,21983
761,23488
762,5926
762,19881
762,23794
763,3368
763,24281
765,11927
765,11966
765,16673
765,17260
768,3925
768,9292
768,14003
768,15246
768,15284
768,15578
768,16638
768,18552
768,22510
768,23017
769,11323
769,14348
769,20656
771,4999
771,7619
771,9214
771,16710
771,16834
771,18880
772,74
772,3019
772,5742
772,7619
772,9052
772,12235
772,12391
772,14121
772,15470
772,16710
772,16834
772,16980
772,18880
772,19012
772,19600
772,22595
772,23795
772,24080
773,1818
775,6226
775,7367
775,8149
775,10029
775,10533
775,10943
775,13523
775,14519
775,15890
775,20142
775,23402
776,884
780,4193
780,24244
781,20716
781,23161
782,3591
782,6557
782,11546
782,14627
782,15344
782,17862
782,17918
782,21089
782,21624
782,24163
783,1176
783,1489
783,2015
783,4870
783,8739
783,11097
783,11176
783,13370
783,15094
783,20459
783,21207
783,21255
785,6152
785,6170
785,12303
786,20125
786,22256
786,23217
787,461
787,7935
787,8255
787,9788
788,3412
788,4779
788,10648
788,11667
788,15555
788,16155
788,16290
788,16457
788,16658
788,22723
789,1414
789,3630
789,9799
790,4537
790,5524
790,10625
790,24338
791,4178
791,7939
791,22023
793,15879
793,15976
794,5242
794,20596
795,3529
795,4105
795,4825
795,9998
795,10534
795,11431
795,11858
795,16685
795,17823
795,24109
797,1726
797,2843
797,2957
797,3984
797,5329
797,6880
797,8250
797,9751
797,11790
797,11843
797,13762
797,14964
797,15810
797,16865
797,18835
797,19291
797,19882
797,19945
797,20536
798,6684
798,23921
800,353
800,24571
805,5374
805,12276
805,15688
805,21012
807,15580
807,23567
809,3701
809,5351
809,5659
810,1078
810,6365
810,6383
810,8740
810,10664
810,12509
810,14254
810,14987
810,16647
810,18069
810,18734
810,18774
810,19600
810,22620
810,22859
810,24244
810,24409
811,7262
811,11449
811,21055
817,2002
817,8674
817,17475
817,19819
817,19822
819,3227
819,4090
821,3368
821,19949
821,22481
821,23162
822,1137
822,1190
822,4615
822,8653
822,11538
822,12128
822,13519
822,15007
822,15156
822,18884
822,21898
822,24775
824,15246
824,15610
824,23207
825,19399
827,9622
827,11661
827,17890
828,534
828,9622
828,17890
828,19182
829,1181
829,18574
829,24646
833,2242
833,5124
833,5542
833,5670
833,6987
833,10164
833,12757
833,13471
833,14762
833,15065
833,20518
833,21441
833,23516
834,2478
834,3112
834,4058
834,4757
834,6725
834,9606
834,10132
834,10865
834,11772
834,14435
834,16773
834,18759
834,23950
834,24042
836,4938
836,14121
836,16166
837,4625
837,5656
837,7991
837,8485
837,9124
837,10534
837,15754
837,16659
837,16685
837,17823
837,20006
839,1244
839,5638
839,7027
839,8255
839,9417
839,15121
839,16276
839,16675
839,18251
839,18491
839,20931
839,22985
839,23102
840,2442
840,8902
840,11657
840,11968
840,16276
840,17745
840,18294
840,20584
840,22384
840,23533
842,4655
842,11928
842,12191
842,16672
843,10069
843,11323
843,22272
844,3797
844,3999
844,7562
844,9286
844,10706
844,14997
844,15910
844,16331
844,20471
844,24227
845,1154
845,7912
845,11086
845,16875
849,5330
849,8965
849,16050
850,11772
850,16336
850,22004
851,285
851,4894
851,7790
851,7836
851,8712
851,8719
851,9446
851,10218
851,11543
851,12180
851,12234
851,12367
851,16856
851,17217
851,18107
851,18243
851,19446
851,20651
851,21845
852,9278
852,10990
852,20626
853,8085
853,16605
854,2847
854,10379
854,11323
855,1702
855,4895
855,5677
855,7168
855,13750
855,22252
856,2594
856,6802
856,8052
856,15722
856,19008
859,1062
859,4151
859,11823
859,18569
859,21239
860,5211
860,7424
860,13877
860,13878
860,16083
860,17245
860,20062
860,20812
862,3906
862,7708
862,11285
862,11286
862,12808
862,22737
862,24381
862,24394
862,24483
862,24486
862,24729
862,24745
864,7262
864,17023
864,17658
864,21124
865,286
865,2552
865,10314
865,11930
865,14655
865,15984
865,19079
865,20873
865,22013
865,23181
866,574
866,6730
866,7643
866,8456
866,17238
866,17550
866,18511
866,21684
866,22703
866,22776
867,1959
867,5209
867,9279
867,11443
867,11768
867,11965
867,14335
867,17232
867,19268
867,20657
867,21893
867,22462
867,24117
868,4894
868,20844
869,17437
869,17444
871,110
871,1563
871,2563
871,2862
871,4869
871,4933
871,5547
871,9097
871,11575
871,16288
871,18337
871,22417
872,13055
872,14937
872,20168
872,20589
875,3209
875,4201
875,11070
875,15721
875,16725
875,16773
876,7520
876,14121
877,15274
877,16662
878,8085
878,13722
878,18037
879,2052
879,4929
879,8739
879,11013
879,11440
879,13716
879,15125
879,17170
879,18945
879,19941
879,20002
879,20994
880,9596
880,15996
880,17723
880,21310
881,4737
881,6147
881,9242
881,13546
881,24639
883,456
883,1131
883,1698
883,7286
883,14761
883,15246
883,16128
883,18090
883,18545
883,18733
883,20611
883,22131
883,23876
883,23973
883,24244
884,1470
884,17915
884,22055
884,22630
884,23339
884,23825
887,17887
887,23509
889,3449
889,5884
889,9834
889,10151
889,10814
889,17524
889,18456
889,22581
889,23767
889,23967
890,17706
890,22569
892,7614
892,22595
893,81
893,1115
893,2385
893,6277
893,9621
893,15370
893,16399
893,18075
893,23511
894,1442
894,2352
894,9646
894,13001
894,14527
894,14681
894,19196
894,21428
894,21429
894,23809
894,24020
895,11356
895,16761
896,7475
896,10622
896,18740
896,20934
897,13766
897,14065
897,20115
898,8748
898,22818
899,853
899,3283
899,12201
900,2862
900,4178
900,6707
900,10331
900,10379
900,11724
900,20365
900,20871
900,21925
900,23233
901,3197
901,10379
901,13190
902,616
902,11495
902,11653
904,4753
905,6819
905,20736
907,1702
907,10874
908,204
908,12183
908,17636
910,102
910,2652
910,4356
910,6183
910,7651
910,12448
910,12506
910,12568
910,16588
910,20901
911,8085
911,12000
911,13370
912,1497
912,4286
912,8832
912,14676
912,18459
912,20551
912,21944
912,22011
912,22388
912,23967
914,6468
914,12231
914,12568
915,3239
915,8442
915,10306
915,10525
915,10984
915,9974
915,13370
915,20035
916,17094
920,8773
920,15575
920,20078
920,20413
920,24244
921,1482
921,1872
921,2913
921,5889
921,6638
921,16492
921,20176
921,23155
924,19949
924,24319
925,2392
925,9472
925,14261
925,15303
925,17354
925,18659
925,21066
925,21605
925,23725
926,4894
926,4939
926,6258
926,6809
926,8337
926,9750
926,10532
926,11147
926,11194
926,11435
926,11772
926,17541
928,16982
928,20914
928,21766
929,4367
929,4379
929,10415
929,11086
929,15831
929,20166
929,20972
929,21220
930,2652
930,3117
930,3352
930,4042
930,4367
930,4379
930,5638
930,6436
930,7001
930,7619
930,8910
930,9214
930,11086
930,11898
930,12166
930,12841
930,13019
930,14183
931,1504
931,2652
931,2662
931,3117
931,3866
931,4042
931,4367
931,4379
931,4414
931,4865
931,5357
931,5638
931,6436
931,7001
931,8910
931,12166
931,12841
931,14374
932,505
932,5157
932,23768
933,1751
933,3011
933,9849
933,14789
933,17446
933,18497
933,18512
933,23654
933,24485
933,24747
934,7653
934,13941
934,19615
934,20988
935,19800
935,22341
936,9206
936,11182
936,22900
937,1978
937,2477
937,7843
937,7935
937,8536
937,8575
937,10997
937,21348
937,21423
937,21481
938,8693
938,12514
939,960
939,11751
939,16383
940,174
940,218
940,17069
941,648
941,658
941,2545
941,6409
941,6412
941,6504
941,7353
941,9190
941,14827
941,15217
941,15279
941,18125
941,18705
941,20911
941,22072
941,22843
941,23039
942,760
942,3798
942,7059
942,7685
942,8554
942,12345
942,12352
942,18598
942,22399
942,24602
943,2338
944,12303
944,15717
944,17890
944,18553
945,3105
945,3936
946,22132
946,24064
947,2505
947,9195
947,15562
949,1772
949,3546
949,6839
949,10450
949,11892
949,11904
949,13468
949,14528
949,16619
949,17398
949,17428
950,1181
950,21766
950,23197
951,1593
951,1947
951,2784
951,2786
951,3266
951,3365
951,5864
951,12893
951,23546
951,23881
952,17525
952,16994
952,23944
953,1318
953,2007
953,2616
953,4113
953,6968
953,7165
953,7485
953,8453
953,12659
953,16971
953,19362
953,19836
953,22033
953,23239
953,24674
954,9867
954,10375
954,13623
954,14717
955,662
955,4283
955,5512
955,8966
955,11010
955,12568
955,18027
955,20206
955,20213
955,21894
955,23292
956,1222
956,7342
956,7893
956,8052
956,10807
956,10808
956,16079
956,19293
956,22942
956,24413
959,360
959,2567
959,2605
959,3300
959,5477
959,10136
959,19489
959,20541
959,21581
959,22983
963,8657
963,10424
963,15530
963,21109
964,949
964,1894
964,2428
964,3318
964,3758
964,4362
964,12025
964,12440
964,12887
964,14938
964,20574
964,21785
964,22584
964,22960
964,23011
964,23685
964,24311
966,712
966,1811
966,2208
966,3759
966,4118
966,5182
966,5858
966,6187
966,7213
966,9094
966,9919
966,10127
966,10191
966,10973
966,11544
966,12266
966,12155
967,8207
967,15955
967,24234
968,1800
968,4417
970,7761
970,8214
970,10704
971,675
971,960
971,1685
971,3620
971,3948
971,8469
971,9498
971,11389
971,12660
971,13041
971,13152
971,18679
971,19679
971,22158
971,22238
971,22440
971,24154
973,2129
973,2939
973,5009
973,7042
973,10424
973,10740
973,12382
973,14154
973,14282
973,15207
973,16962
973,17436
973,22321
973,23798
973,24403
973,24706
975,766
975,1289
975,4781
975,5476
975,9667
975,13067
975,13755
975,18019
975,18381
975,23615
976,8558
976,13291
976,16029
976,18771
976,19138
976,22235
977,1747
977,4524
977,10160
977,13045
977,13722
977,17127
977,18505
978,2879
978,8773
978,15485
979,2825
979,2874
979,3704
979,4258
979,6036
979,6434
979,7330
979,8352
979,11441
979,13028
979,16761
979,16948
979,17151
979,20310
979,20840
980,2278
980,3142
980,3741
980,5349
980,5925
980,6084
980,7191
980,9039
980,10137
980,10674
980,13379
980,14629
980,19094
980,20116
980,20228
980,23428
980,23496
981,2734
981,2879
981,11813
981,14098
982,2879
982,3250
982,4529
982,13056
982,23423
983,521
983,2427
983,6932
983,8172
983,8631
983,9660
983,12645
983,14615
983,16332
983,23366
984,3636
984,7384
984,14981
985,995
985,2758
985,3560
985,4379
985,5142
985,5232
985,10862
985,11345
985,11904
985,12011
985,13005
985,14400
985,15393
985,15818
985,17984
985,21125
985,21611
985,24366
986,189
986,933
986,1802
986,2460
986,4110
986,5022
986,7331
986,8458
986,8778
986,10203
986,12777
986,13402
986,14478
986,16874
986,16903
986,16936
986,19743
986,22337
987,11059
987,11903
987,14735
987,15176
987,15820
987,24259
988,960
988,10619
988,13045
988,20357
991,143
991,4534
991,6170
991,6365
991,11312
991,18924
991,22791
991,23080
991,23554
992,8802
992,20537
992,22321
993,10450
994,11361
994,16915
994,22765
995,12651
995,23114
997,1872
997,14978
997,22670
998,886
998,2640
998,4506
998,5832
998,8112
998,11940
998,12915
998,23044
998,23116
998,23118
999,10773
999,11756
999,17032
1000,4655
1000,5308
1000,8410
1002,13798
1002,24396
1002,24461
1004,5291
1004,10160
1004,16842
1004,21201
1005,228
1005,3884
1005,3946
1005,6648
1005,7188
1005,8761
1005,8978
1005,9054
1005,10106
1005,10113
1005,11211
1005,14444
1005,15060
1005,16416
1005,18119
1005,22768
1005,23641
1006,197
1006,1538
1006,3421
1006,8067
1006,9063
1006,15323
1006,19657
1006,19852
1006,22508
1006,24759
1007,193
1007,5396
1007,7344
1007,9076
1007,13836
1007,16231
1007,16517
1007,22220
1008,2879
1008,3446
1008,3936
1009,1006
1009,8215
1009,23788
1012,4177
1012,18037
1012,21469
1013,18956
1013,19345
1014,10683
1014,20798
1015,9471
1015,24685
1016,278
1016,1747
1016,5292
1016,9577
1016,10449
1016,12036
1016,13737
1016,13823
1016,15798
1016,16750
1016,18727
1016,19480
1016,19858
1016,20500
1016,23321
1016,23781
1016,24158
1018,4004
1018,7621
1018,9622
1019,4004
1019,7621
1019,9622
1019,19399
1020,1780
1020,4004
1020,7621
1020,9622
1020,18006
1020,19785
1021,7611
1021,9963
1021,12952
1021,21280
1021,23530
1023,6693
1023,11327
1023,13429
1023,22340
1023,23659
1024,6592
1024,9373
1024,9426
1024,11047
1024,20325
1024,22402
1024,22441
1027,5040
1027,5531
1027,13433
1027,20867
1028,966
1028,1539
1028,6131
1028,11421
1028,13985
1028,14995
1028,17382
1028,21606
1028,22026
1028,22722
1032,5090
1032,5877
1033,4953
1033,11837
1033,20972
1034,5860
1034,5926
1034,21562
1036,3352
1036,3511
1036,5244
1036,6468
1036,13918
1036,20761
1036,21235
1036,22413
1036,23661
1036,23715
1037,4286
1037,12511
1037,14750
1037,16928
1037,23967
1038,4301
1038,5839
1038,6434
1038,7886
1038,10929
1038,15977
1038,16552
1038,21634
1038,22319
1038,22484
1040,4469
1040,13301
1040,16672
1041,1154
1041,2570
1041,9316
1041,10664
1041,11155
1047,28
1047,3347
1047,16982
1048,328
1048,461
1048,1336
1048,2856
1048,4409
1048,6945
1048,7264
1048,7344
1048,8067
1048,11226
1048,15922
1048,17691
1048,21124
1048,22271
1050,4622
1050,15117
1050,15892
1050,16478
1051,2477
1051,7912
1051,11837
1052,723
1052,3421
1052,14440
1052,20043
1052,22609
1053,729
1053,6617
1053,9076
1053,9662
1053,11891
1053,13254
1053,19369
1053,20105
1053,24409
1053,24639
1054,6617
1054,11837
1054,23698
1054,23950
1056,5531
1056,9999
1056,17433
1057,856
1057,3703
1057,8557
1057,10299
1057,11640
1057,13914
1057,15430
1057,19046
1057,19911
1057,22143
1059,1857
1059,5810
1059,6548
1059,8006
1059,9121
1059,9130
1059,12967
1059,15222
1059,17806
1059,18064
1061,3838
1061,5174
1061,5966
1061,10714
1061,11577
1061,13509
1061,18932
1061,19537
1061,22628
1061,23998
1063,4131
1063,4730
1063,7211
1063,8465
1063,9196
1063,11254
1063,11861
1063,18397
1063,18468
1063,21527
1063,23168
1063,23596
1064,1565
1064,4300
1064,5045
1064,5446
1064,12100
1064,13771
1064,21690
1064,22236
1064,22467
1064,24224
1065,174
1065,17069
1066,662
1066,16054
1066,23788
1068,6621
1068,8573
1068,12298
1068,14392
1068,14885
1068,17920
1068,18625
1068,19421
1069,1174
1069,4325
1069,4951
1069,5944
1069,7311
1069,10720
1069,11701
1069,11761
1069,20844
1069,21323
1069,21947
1070,1177
1070,3280
1070,5093
1070,13445
1070,14041
1070,14807
1070,15941
1070,17833
1070,19469
1070,20535
1070,20684
1070,22224
1072,6106
1072,8832
1072,16928
1073,8988
1073,17191
1074,2101
1074,22035
1076,1187
1076,4482
1076,12494
1076,12762
1076,13788
1076,16290
1076,18321
1076,22109
1076,22271
1076,23195
1077,19488
1077,22474
1078,852
1078,7268
1078,23996
1083,5329
1083,7271
1083,8472
1083,9197
1083,9210
1083,12180
1083,13440
1083,15037
1083,19667
1084,1564
1084,4234
1084,8491
1084,15617
1084,17302
1084,17450
1084,17818
1084,18244
1086,17171
1086,24148
1088,882
1088,19399
1089,6267
1089,8168
1089,15385
1090,1674
1090,4690
1090,5653
1090,7577
1090,10867
1091,11722
1091,19119
1091,19927
1092,884
1092,3092
1092,5563
1092,8611
1092,9815
1092,11693
1092,14280
1092,14329
1092,18377
1092,18633
1092,23861
1093,3555
1093,5308
1093,9217
1093,9491
1093,9810
1093,14278
1093,17366
1093,17681
1093,21164
1093,24106
1094,1033
1094,4062
1094,8220
1094,10381
1094,11575
1094,11689
1094,13433
1094,15070
1094,17070
1094,20208
1094,20705
1095,2420
1095,16979
1095,19228
1096,496
1096,2929
1096,3905
1096,7352
1096,9312
1096,14006
1096,14686
1096,15245
1096,15283
1096,15570
1096,15578
1096,15587
1096,15741
1096,17201
1096,18353
1096,21931
1096,23562
1097,10159
1098,1701
1098,10379
1098,12543
1100,3208
1100,6991
1101,203
1101,5040
1101,13370
1102,11129
1102,19849
1103,7880
1103,12563
1103,16336
1103,19949
1105,7417
1105,10715
1105,13430
1105,18888
1105,22295
1108,7294
1108,7735
1108,18903
1108,19990
1108,20418
1108,21588
1109,5150
1109,8990
1109,16418
1109,24768
1111,1721
1111,4895
1111,15843
1111,18069
1112,1984
1112,2209
1112,7520
1112,12517
1112,21290
1112,24112
1112,24374
1114,7520
1114,12517
1115,506
1115,7520
1115,19197
1116,6205
1116,16341
1116,23337
1119,853
1119,4367
1120,2214
1120,9403
1120,13161
1120,13293
1120,13871
1120,15296
1120,16083
1120,16089
1120,20739
1120,21675
1120,22645
1121,525
1121,2346
1121,2572
1121,2945
1121,3787
1121,9058
1121,10940
1121,12094
1121,14555
1121,15386
1121,16012
1121,16100
1121,17067
1121,18507
1121,19350
1121,20601
1121,20862
1121,22142
1122,185
1122,8948
1122,13190
1122,15831
1123,4642
1123,7651
1123,17523
1124,9557
1124,12770
1124,19642
1127,8354
1127,18574
1129,1511
1129,17755
1129,24716
1130,12273
1130,20321
1131,14543
1131,24396
1133,3892
1133,4939
1133,6216
1133,17410
1133,17990
1136,5234
1136,12505
1136,14489
1136,18441
1136,18819
1136,20165
1137,638
1137,1637
1137,5446
1137,5495
1137,7129
1137,8223
1137,9832
1137,11249
1137,11334
1137,14740
1137,16962
1137,20934
1138,1730
1138,11070
1138,16734
1139,841
1139,4758
1139,9963
1139,10228
1139,10701
1139,11816
1139,14576
1139,18069
1139,18148
1139,20216
1139,20450
1139,23433
1140,982
1140,5998
1140,6551
1140,11904
1140,11969
1140,12963
1140,13991
1140,14416
1140,15820
1140,20487
1140,21611
1141,4537
1141,13751
1141,20214
1141,23698
1143,3021
1143,4627
1143,6708
1143,7105
1143,7291
1143,7522
1143,8148
1143,11871
1143,12505
1143,13301
1143,16073
1143,16532
1143,18291
1143,18367
1143,20737
1143,21346
1143,22865
1144,3581
1144,4136
1144,4688
1144,8107
1144,10449
1144,12257
1144,12364
1144,12367
1144,14399
1144,17865
1144,18384
1145,6770
1145,15395
1145,22706
1146,7218
1146,8842
1146,16230
1146,17218
1146,23351
1148,3950
1148,4286
1148,14988
1148,18885
1149,4786
1149,7904
1149,9050
1149,9307
1149,15321
1149,16896
1149,20432
1150,3437
1150,16222
1151,1340
1151,5472
1151,6950
1151,7425
1151,16388
1151,16498
1151,17686
1151,21348
1151,23371
1153,3439
1153,3677
1153,3868
1153,4269
1153,5295
1153,9113
1153,10294
1153,10507
1153,11524
1153,11644
1153,11753
1153,14811
1153,16636
1153,18996
1154,2349
1154,10029
1154,11618
1154,16006
1154,17402
1154,17798
1154,20321
1154,21924
1154,23234
1155,741
1155,3673
1155,5042
1155,5954
1155,7699
1155,8243
1155,10208
1155,11249
1155,11480
1155,12448
1155,13050
1155,14916
1155,15895
1155,16540
1155,16606
1155,16723
1155,17502
1156,12000
1156,13190
1156,18658
1158,324
1158,3940
1158,4024
1158,9363
1158,10194
1158,11360
1158,15471
1158,18508
1158,18827
1158,20469
1163,771
1163,4201
1163,4846
1163,5566
1163,5727
1163,8846
1163,9359
1163,13924
1163,14866
1163,18459
1163,19402
1163,21194
1163,24011
1164,1623
1164,2030
1164,4905
1164,8142
1164,10057
1164,10298
1164,11238
1164,11564
1164,19239
1164,20275
1166,1550
1166,3133
1166,4334
1166,5571
1166,8154
1166,8746
1166,10426
1166,11107
1166,11335
1166,11888
1166,13514
1166,13618
1166,13893
1166,24231
1167,4388
1167,17733
1167,18001
1168,1535
1168,5090
1168,19682
1170,1884
1170,4284
1170,5032
1170,7547
1170,8845
1170,12934
1170,20850
1170,22497
1170,23233
1171,1279
1171,1587
1171,4742
1171,7774
1171,8143
1171,8707
1171,9000
1171,11584
1171,16512
1171,16613
1171,18548
1171,21873
1171,22364
1171,22873
1171,23162
1171,23861
1171,24345
1174,6278
1174,6305
1174,7166
1174,9207
1174,9278
1174,10956
1174,11354
1174,13190
1174,15065
1174,17023
1174,23839
1175,4572
1175,7090
1175,7226
1175,14943
1175,15360
1175,16271
1175,16341
1175,17652
1175,22889
1175,23074
1176,2566
1176,5829
1176,6842
1176,11350
1176,13179
1176,14111
1176,15251
1176,17611
1176,19962
1176,21169
1176,21630
1177,9999
1177,16241
1177,21695
1181,3963
1181,7541
1182,5091
1182,6195
1182,6805
1182,20925
1183,6284
1183,8694
1183,18218
1183,24263
1184,742
1184,2231
1184,3892
1184,6858
1184,7056
1184,8021
1184,16672
1184,21280
1184,23839
1184,23913
1193,10686
1193,18660
1193,22439
1194,5945
1194,22509
1195,551
1195,739
1195,2526
1195,3204
1195,5197
1195,6691
1195,8441
1195,14390
1195,16996
1195,18420
1195,18771
1195,22743
1195,23556
1195,24008
1198,2652
1198,3352
1198,8163
1198,8582
1198,8948
1198,10549
1198,11290
1198,11904
1198,13169
1198,14105
1198,16044
1198,16154
1198,16241
1198,17066
1198,17084
1198,17284
1198,18436
1199,1491
1199,3852
1199,8043
1199,11632
1199,11633
1199,12120
1199,13654
1199,19865
1201,7345
1201,8580
1201,22361
1202,16672
1202,18069
1202,21695
1202,24217
1204,1535
1204,4841
1204,14617
1206,20737
1206,22654
1206,23395
1206,23480
1207,1877
1207,2776
1207,3047
1207,3603
1207,4332
1207,8005
1207,9653
1207,10004
1207,10130
1207,12029
1207,13454
1207,14604
1207,18628
1207,23416
1207,23738
1207,24458
1208,7564
1208,16852
1209,9495
1209,11740
1210,5033
1210,5100
1210,5352
1210,23761
1211,5531
1211,8842
1211,15164
1211,17191
1211,17737
1212,10240
1212,17008
1212,22916
1214,11071
1214,15965
1214,16710
1216,11724
1216,12950
1216,13468
1217,12252
1217,12458
1220,23401
1220,24551
1224,2014
1224,6050
1225,6563
1225,14621
1225,20544
1225,23676
1226,2096
1226,7379
1227,1154
1227,4574
1229,1034
1229,8032
1230,506
1230,2884
1230,7651
1231,8841
1231,11292
1231,11413
1231,14466
1231,21506
1231,21717
1231,23171
1231,24385
1231,24558
1231,24733
1233,481
1233,5292
1233,8917
1233,10315
1233,10445
1233,16383
1233,20720
1233,21228
1233,22598
1236,6576
1236,11751
1237,15955
1237,17890
1238,7200
1238,15955
1238,17890
1239,3168
1239,15955
1243,3843
1243,6022
1243,17426
1243,19787
1243,21971
1243,22403
1245,1806
1245,2142
1245,10514
1245,10957
1245,11645
1245,18774
1245,24193
1246,1791
1246,10806
1246,12191
1246,12950
1246,19503
1247,372
1247,946
1247,3353
1247,7161
1247,7487
1247,8821
1247,11895
1247,12436
1247,15164
1247,16707
1247,17101
1247,18505
1247,19031
1247,22459
1247,22555
1247,23014
1248,23122
1249,4338
1249,15760
1249,17060
1250,1193
1250,11680
1250,15516
1252,7698
1252,14475
1252,21293
1252,22970
1252,24065
1253,6170
1253,14121
1253,18523
1254,244
1254,4296
1254,5146
1254,8075
1254,9598
1254,10118
1254,11896
1254,16745
1254,17013
1254,23038
1255,1672
1255,2824
1256,1592
1256,2848
1256,7552
1256,7969
1256,9238
1256,10428
1256,11502
1256,13284
1256,16716
1256,17839
1257,674
1257,1195
1257,1787
1257,2541
1257,3356
1257,7451
1257,8964
1257,9433
1257,10756
1257,11315
1257,13169
1257,13734
1257,20943
1257,21269
1257,24290
1258,10677
1258,20629
1258,21563
1260,13276
1260,13278
1261,2872
1261,4119
1261,5038
1261,23415
1262,2871
1263,10440
1263,12543
1264,11497
1266,290
1266,2741
1266,4804
1266,5815
1266,8534
1266,8830
1266,12232
1266,13249
1266,13882
1266,19923
1267,2380
1267,4934
1267,5503
1267,5742
1267,10067
1267,11772
1267,14478
1267,15164
1267,18658
1267,20476
1267,20995
1267,21116
1267,22800
1267,23312
1267,23537
1268,1271
1268,12171
1268,19503
1268,20495
1269,1306
1269,7583
1269,8129
1269,9652
1269,11902
1269,12081
1269,12261
1269,12262
1269,15641
1269,18303
1271,1187
1271,1336
1271,6793
1271,7264
1271,16771
1271,17635
1271,24646
1272,850
1272,3840
1272,5383
1272,6258
1272,7574
1272,9552
1272,10136
1272,11098
1272,13762
1272,17653
1272,20331
1272,22096
1273,2192
1273,3805
1273,8801
1273,11276
1273,12264
1273,12283
1273,12327
1273,17041
1273,17669
1273,21422
1274,839
1274,3047
1274,4081
1274,4396
1274,5345
1274,5699
1274,5932
1274,6180
1274,6407
1274,7022
1274,7651
1274,8800
1274,10945
1274,12393
1274,12613
1274,15010
1274,15557
1274,16015
1274,15138
1275,3631
1275,14090
1275,18069
1276,2894
1276,4532
1276,5608
1276,8947
1276,11407
1276,13587
1276,17698
1276,19195
1276,20053
1276,20421
1276,21836
1276,22343
1276,22888
1276,22913
1276,23795
1276,24124
1276,24553
1276,24562
1278,18069
1278,23952
1279,30
1279,1740
1279,2679
1279,4096
1279,4361
1279,6286
1279,6538
1279,10427
1279,13275
1279,16016
1279,17058
1279,19951
1280,2183
1280,3357
1280,3823
1280,7350
1280,10197
1280,10199
1280,10661
1280,10675
1280,13591
1280,14469
1280,15630
1280,19810
1280,20061
1280,21946
1281,2477
1281,16325
1281,20917
1281,22884
1282,11899
1282,23552
1283,10701
1284,2472
1284,4686
1284,4932
1284,8083
1284,9511
1284,10338
1284,11323
1284,17293
1284,21092
1284,22233
1285,2531
1285,3883
1285,6102
1285,8005
1285,8034
1285,10388
1285,13336
1285,13435
1285,14959
1285,14973
1285,16824
1285,17067
1285,17571
1285,17636
1285,17855
1285,19797
1285,23665
1285,23829
1286,934
1286,4789
1287,69
1287,2190
1287,5079
1287,6179
1287,7686
1287,8034
1287,12152
1287,13201
1287,20956
1287,22989
1288,709
1288,2231
1288,4582
1288,8755
1288,8957
1288,11002
1288,14591
1288,14822
1288,18637
1288,21089
1288,21524
1289,2923
1289,3586
1289,4721
1289,5904
1289,6158
1289,7799
1289,8959
1289,9562
1289,12991
1289,15177
1289,16202
1289,16339
1289,18754
1290,3705
1290,21346
1290,23010
1291,1037
1291,4212
1291,6470
1291,9007
1291,15376
1291,17580
1291,18306
1291,19233
1291,23483
1291,23587
1293,95
1293,734
1293,1872
1293,8595
1293,12000
1293,13094
1293,17748
1293,17908
1293,19302
1293,19601
1293,23975
1294,13890
1294,16015
1294,16988
1295,794
1295,2574
1295,3385
1295,3588
1295,3892
1295,9689
1295,14521
1295,15202
1295,17746
1295,21821
1296,3705
1296,6715
1296,13562
1296,21297
1297,2047
1297,16764
1297,23379
1299,12183
1300,2790
1301,15902
1301,15955
1302,2652
1302,5232
1302,11562
1302,11860
1304,1504
1304,7912
1304,10118
1304,10996
1304,16025
1304,17643
1304,20545
1304,24069
1305,1809
1305,8558
1305,13411
1305,18330
1306,3226
1306,15134
1306,14879
1306,15889
1308,1487
1308,1504
1308,4042
1308,5357
1308,5423
1308,7912
1308,14376
1308,15078
1308,15945
1308,16640
1308,22085
1308,22253
1308,24323
1309,1773
1309,3720
1309,10739
1309,12950
1309,13070
1309,13914
1309,24209
1310,2616
1310,5928
1310,12365
1310,21224
1311,17772
1311,18392
1311,22707
1312,4537
1312,12663
1312,20972
1314,17127
1314,17693
1314,23952
1314,24319
1315,1023
1315,1647
1315,1803
1315,2678
1315,11226
1315,14861
1315,15051
1315,18060
1315,20605
1315,22378
1316,346
1316,5788
1316,7633
1316,7894
1316,10165
1316,14623
1316,15971
1316,16969
1316,17617
1316,18318
1316,18373
1316,18460
1316,19488
1316,19682
1316,20166
1316,20698
1316,21220
1316,21795
1318,1774
1318,2789
1318,12991
1318,14592
1318,16613
1318,19544
1318,20890
1318,22481
1319,2396
1319,2551
1319,20808
1320,5645
1320,5995
1320,20920
1320,23115
1321,4379
1321,14240
1321,23996
1321,24150
1322,158
1322,525
1322,2070
1322,2163
1322,3314
1322,4996
1322,9133
1322,9863
1322,10698
1322,11693
1322,13283
1322,14048
1322,16670
1322,18900
1322,20195
1322,20681
1324,16829
1324,18759
1325,13706
1325,24185
1326,4282
1326,7429
1326,9014
1326,9204
1326,13158
1326,13287
1326,21675
1326,22586
1326,22659
1326,24624
1327,1243
1327,2458
1327,5638
1327,5742
1327,6787
1327,6861
1327,9124
1327,10573
1327,14287
1327,15176
1327,15755
1327,20281
1327,20688
1327,22568
1327,23679
1327,23942
1327,24337
1328,6408
1328,11189
1328,13706
1328,18653
1328,20722
1328,24185
1329,1181
1329,11905
1329,24205
1329,24217
1331,4396
1331,8358
1331,15058
1331,15483
1331,17542
1331,18569
1331,19415
1331,21110
1331,22773
1331,22931
1331,23559
1332,24818
1332,5409
1332,7154
1332,9743
1332,12114
1332,15159
1332,15642
1332,19009
1332,19587
1332,21922
1334,18
1334,142
1334,291
1334,841
1334,2590
1334,3243
1334,4085
1334,4086
1334,4093
1334,4169
1334,6291
1334,6733
1334,7520
1334,8873
1334,10774
1334,10864
1334,12182
1334,13143
1334,13705
1336,28
1336,4688
1336,13002
1336,17150
1337,3090
1337,3203
1337,3603
1337,5276
1337,6250
1337,6881
1337,7070
1337,7401
1337,8559
1337,9837
1337,10069
1337,10700
1337,12761
1337,13551
1337,16799
1337,17590
1337,18375
1337,21712
1337,22860
1338,203
1338,6576
1338,11575
1338,13453
1338,22914
1338,24158
1339,2664
1339,3927
1339,6380
1339,11476
1339,12115
1339,14995
1339,15040
1339,15408
1339,17226
1339,19805
1340,11387
1340,13539
1340,20598
1343,525
1343,6095
1343,6520
1343,6638
1343,6728
1343,8014
1343,9983
1343,10380
1343,11659
1343,12842
1343,19513
1343,19848
1343,21890
1343,24026
1347,23512
1348,48
1348,2878
1348,5792
1348,6003
1348,8030
1348,13637
1348,13791
1348,14218
1348,16428
1348,17847
1348,18112
1348,20095
1348,20423
1348,22740
1348,24028
1351,2319
1351,3896
1351,5660
1351,7519
1351,10550
1351,10603
1351,11894
1351,13311
1351,13401
1351,18307
1351,19514
1351,20367
1351,23212
1351,23715
1351,24143
1351,24670
1351,24741
1353,5985
1353,12085
1353,12233
1353,15224
1353,16574
1353,17866
1353,18574
1353,20449
1353,20844
1353,22321
1355,251
1355,387
1355,5329
1355,7141
1355,9867
1355,10333
1355,12367
1355,12485
1355,14362
1355,21816
1356,8309
1356,8809
1356,9634
1356,10925
1356,15995
1356,18559
1356,19535
1356,19821
1356,19862
1356,23936
1357,4935
1357,8280
1357,8469
1357,8528
1357,8569
1357,8743
1357,9076
1357,9650
1357,10238
1357,11368
1357,11670
1357,12595
1357,13050
1357,14362
1357,17149
1357,19580
1357,19871
1357,21150
1359,326
1359,9495
1359,18458
1360,120
1360,2500
1360,3278
1360,3850
1360,7399
1360,8296
1360,11383
1360,13726
1360,14657
1360,15835
1360,16531
1360,18799
1360,20693
1360,23266
1362,6365
1362,10983
1362,14323
1366,2756
1366,3483
1366,4059
1366,6944
1366,9996
1366,10570
1366,11380
1366,12235
1366,23452
1366,24229
1367,3155
1367,6204
1367,7045
1367,7915
1367,8281
1367,13594
1367,16744
1367,18440
1367,22373
1367,24249
1368,963
1368,8515
1369,2884
1369,4841
1369,10304
1369,14489
1369,15721
1369,16275
1369,17127
1369,18199
1369,24764
1370,4827
1371,2605
1371,13721
1371,16222
1371,16789
1371,16982
1372,598
1372,628
1372,6839
1372,8899
1372,12690
1372,13927
1372,20875
1372,21751
1372,22677
1372,23234
1372,23664
1372,23944
1374,2114
1374,2620
1374,3834
1374,5797
1374,10018
1374,12218
1374,16260
1374,16433
1374,21998
1374,23517
1375,16793
1376,10395
1376,17925
1376,23158
1378,11860
1378,18998
1379,475
1379,17723
1380,216
1380,1731
1380,5731
1380,5880
1380,6674
1380,8327
1380,12597
1380,15468
1380,15550
1380,15834
1380,16579
1380,17410
1380,21892
1380,22019
1380,24213
1381,884
1381,7297
1381,8467
1381,11335
1381,12626
1381,14611
1381,15818
1381,15933
1381,19843
1381,22552
1381,22567
1381,23500
1383,9848
1383,11604
1383,22875
1383,23128
1384,326
1384,5919
1384,15530
1385,12950
1385,16982
1386,2982
1386,15076
1386,21714
1387,437
1387,1041
1387,1297
1387,1856
1387,2630
1387,7930
1387,11027
1387,14229
1387,19075
1387,19123
1387,19226
1387,20899
1387,21803
1388,124
1388,977
1388,1708
1388,2269
1388,2686
1388,2696
1388,3966
1388,11058
1388,15135
1388,17356
1388,20832
1388,20992
1389,525
1389,3019
1389,3936
1389,14837
1389,16875
1389,19127
1389,20839
1390,15779
1390,21116
1392,1795
1392,3439
1392,4362
1392,5355
1392,6147
1392,7805
1392,8003
1392,9784
1392,11380
1392,17031
1392,17754
1392,19685
1392,22280
1393,2597
1393,20070
1394,1094
1394,2050
1394,6188
1394,9347
1394,11679
1394,14821
1394,16695
1394,17144
1394,18259
1394,20179
1395,1171
1395,6213
1395,13441
1395,15184
1396,7366
1396,11418
1396,12604
1396,12725
1396,12906
1396,13484
1396,16916
1396,20358
1396,21331
1396,22229
1397,11698
1397,16990
1397,20688
1400,2288
1400,4199
1400,7597
1400,11384
1400,13544
1400,14974
1400,15273
1400,16834
1400,16853
1400,17104
1400,18651
1400,19335
1400,20131
1400,20691
1401,2262
1401,3134
1401,8268
1401,9208
1401,13946
1401,14974
1401,17406
1401,18237
1401,20885
1401,22007
1401,23280
1401,23655
1401,24004
1403,5122
1403,9465
1403,20517
1404,3004
1405,3011
1405,14035
1405,18344
1405,18512
1406,1800
1409,4721
1409,10310
1409,11080
1411,1810
1411,3618
1411,4079
1411,6049
1411,6361
1411,6602
1411,10077
1411,11996
1411,20467
1411,21707
1411,24118
1413,3400
1413,3896
1413,7158
1413,11707
1413,11721
1413,12882
1413,15979
1413,16199
1413,17205
1413,22463
1414,14323
1414,15843
1414,20628
1416,1504
1416,5531
1417,38
1417,119
1417,362
1417,943
1417,2600
1417,8909
1417,11146
1417,11260
1417,12142
1417,14775
1417,14964
1417,16311
1417,16954
1417,17094
1417,19572
1417,23312
1418,8617
1419,24816
1419,854
1419,9069
1419,9939
1419,10644
1419,14150
1419,14878
1419,15334
1419,19676
1419,22207
1419,22825
1419,23987
1422,6336
1422,14664
1422,17452
1422,19534
1423,11837
1423,17151
1423,22508
1424,10101
1424,10169
1427,1068
1427,1134
1427,1910
1427,5136
1427,8252
1427,8338
1427,15331
1427,19549
1427,21696
1427,23813
1428,489
1428,853
1428,960
1428,2139
1428,3356
1428,3420
1428,4178
1428,4951
1428,5173
1428,6944
1428,11010
1428,11761
1428,12974
1428,14684
1428,15344
1428,15557
1428,15779
1428,17797
1429,2815
1429,4089
1429,5511
1429,10837
1429,14631
1429,15419
1429,16480
1429,18167
1429,19047
1429,24162
1430,8920
1430,8835
1430,9819
1430,24013
1432,18620
1432,21917
1435,11216
1435,11430
1435,13056
1437,1298
1437,3917
1437,6242
1437,13503
1437,14413
1437,14708
1437,18694
1437,23653
1437,24546
1438,2483
1438,7177
1438,14977
1439,5647
1439,6386
1439,12085
1439,17091
1439,18628
1439,19023
1439,19327
1439,22275
1439,22821
1439,22824
1441,882
1441,1470
1441,3677
1441,5078
1441,6267
1441,6441
1441,6679
1441,10508
1441,16045
1441,19941
1441,24103
1442,7397
1442,10906
1442,22180
1444,1634
1444,3256
1444,3387
1444,5026
1444,7527
1444,7722
1444,19528
1444,20759
1444,21292
1444,24575
1445,2511
1445,2875
1445,6258
1445,6762
1445,10684
1445,11251
1445,12762
1445,14651
1445,16102
1445,17333
1445,21903
1445,22172
1445,23912
1445,24218
1446,777
1446,3749
1446,4885
1446,7669
1446,10393
1446,10998
1446,11340
1446,16053
1446,16752
1446,18706
1448,2395
1448,20564
1449,13280
1449,20778
1450,9770
1450,14990
1450,15573
1450,17097
1450,20592
1450,20778
1451,1349
1451,1604
1451,6806
1451,7580
1451,11428
1451,12694
1451,13647
1451,16280
1451,19552
1451,22134
1451,23357
1451,23933
1452,2928
1452,5690
1452,9566
1452,10090
1452,10524
1452,10552
1452,14297
1452,15514
1452,20169
1452,20447
1452,21233
1452,21666
1452,22133
1452,22538
1452,23623
1453,679
1453,8936
1453,10472
1453,11108
1453,23290
1454,3438
1454,5561
1454,6106
1454,6562
1454,9873
1454,10356
1454,13900
1454,14871
1454,18448
1454,21851
1457,5069
1457,9579
1458,3610
1458,3795
1458,7520
1459,2917
1459,5568
1459,17402
1461,5526
1461,21592
1462,1681
1462,8005
1462,13286
1462,16133
1462,16414
1462,16482
1462,16994
1462,17635
1462,20103
1462,21374
1462,21612
1462,24232
1463,1172
1463,1907
1464,475
1464,2856
1464,4412
1465,3524
1465,6110
1465,6407
1465,6415
1465,10374
1465,11538
1465,15583
1465,16791
1465,16851
1465,20129
1465,21942
1465,23972
1465,24420
1466,3002
1466,13055
1466,20249
1466,20280
1467,2570
1467,8910
1468,3019
1468,4631
1468,4642
1468,6244
1468,6376
1468,6978
1468,8360
1468,8648
1468,13734
1468,14398
1468,14630
1468,19078
1468,20356
1468,21553
1468,23825
1468,24409
1472,4260
1472,9229
1472,10406
1472,17295
1472,20036
1472,22627
1473,1389
1473,19117
1473,21573
1474,14889
1474,15491
1474,23991
1476,3395
1476,4262
1476,5749
1476,5820
1476,6212
1476,7186
1476,7874
1476,11166
1476,11497
1476,11562
1476,14916
1476,15226
1476,16156
1476,18069
1476,19599
1476,20628
1476,23591
1476,23869
1476,24366
1478,3059
1478,6925
1478,7036
1478,7520
1478,14454
1478,14778
1478,15499
1478,18697
1478,22327
1479,3201
1479,6623
1479,12123
1480,4721
1480,8086
1481,2267
1481,4863
1483,238
1483,985
1483,1844
1483,1989
1483,2031
1483,3970
1483,8133
1483,17520
1483,17578
1483,20760
1483,21802
1483,21814
1485,2270
1485,2638
1485,10930
1485,10958
1485,15014
1485,15065
1485,16865
1485,17106
1485,21609
1485,24367
1486,1579
1486,4115
1486,4602
1486,5564
1486,7066
1486,11468
1486,11590
1486,13087
1486,13366
1486,17690
1486,18402
1486,18566
1486,19559
1487,4679
1487,9968
1487,22202
1487,23266
1491,10530
1491,21904
1492,2883
1492,5069
1492,7268
1492,12543
1492,13245
1492,13447
1492,20128
1493,1621
1493,5296
1493,7419
1493,7603
1493,8718
1493,9239
1493,16486
1493,18206
1493,19686
1493,20878
1493,20998
1493,23433
1494,3207
1494,8065
1494,8255
1494,10347
1494,10664
1494,11314
1494,20825
1494,21179
1494,22220
1494,22831
1494,24682
1496,4759
1496,5294
1496,6441
1496,8072
1496,8372
1496,10979
1496,15439
1496,17478
1496,19325
1496,20114
1496,23304
1496,23685
1496,23950
1497,4356
1497,6139
1497,20716
1498,302
1498,19283
1499,3453
1499,14457
1503,8207
1503,10450
1503,17427
1504,524
1504,10563
1504,15337
1505,12365
1505,20281
1506,405
1506,2882
1506,4459
1506,5277
1506,8207
1506,10693
1506,14389
1506,15785
1506,19929
1506,21435
1507,960
1507,2326
1507,4392
1507,4826
1507,7046
1507,11365
1507,12568
1507,13365
1507,16245
1507,17127
1507,19785
1507,20954
1507,22592
1507,24122
1509,326
1509,5662
1509,11832
1509,12969
1509,15224
1509,20854
1509,21514
1509,21587
1511,836
1511,4455
1511,4669
1511,6139
1511,12191
1511,14639
1511,15466
1511,17067
1511,17609
1511,19745
1511,20909
1511,22153
1511,23461
1511,23889
1512,2636
1512,3398
1512,6983
1512,9987
1512,16454
1512,17207
1512,19434
1512,19986
1512,20959
1512,21798
1514,1135
1514,1301
1514,1389
1514,2611
1514,3655
1514,4722
1514,5712
1514,6003
1514,6255
1514,6696
1514,9445
1514,9494
1514,10429
1514,17217
1514,20330
1514,22223
1514,23312
1515,1187
1515,7766
1515,8899
1515,15176
1515,16221
1516,8385
1516,8474
1516,12875
1516,23056
1517,520
1517,3625
1517,4088
1517,4253
1517,5729
1517,5993
1517,6506
1517,6796
1517,8098
1517,8591
1517,8773
1517,9131
1517,11014
1517,16017
1517,16149
1517,16499
1517,17379
1517,17514
1517,21655
1518,2993
1518,3322
1518,3444
1518,3729
1518,6149
1518,6452
1518,7107
1518,8889
1518,10257
1518,11339
1518,14582
1518,17974
1518,22340
1518,22801
1519,7148
1519,12134
1519,15023
1519,16415
1519,19985
1520,4647
1520,21190
1520,22726
1521,5695
1521,18899
1521,22972
1523,21142
1523,23973
1524,394
1524,1909
1524,5408
1524,9710
1524,15947
1524,17558
1524,17586
1524,17790
1524,18183
1524,21958
1525,1701
1525,3677
1525,12968
1526,9214
1526,16230
1526,18756
1527,13737
1527,16383
1527,20503
1528,454
1528,1187
1528,15833
1528,23305
1529,1674
1529,12188
1529,20213
1529,24779
1531,4895
1531,9497
1531,19849
1533,4895
1533,19849
1534,12506
1535,19943
1535,24199
1536,653
1536,3112
1536,5968
1536,24821
1536,9094
1536,9650
1536,10726
1536,11562
1536,14971
1536,18245
1536,22959
1536,24234
1540,68
1540,2645
1540,18885
1541,5295
1541,7196
1541,22191
1542,112
1542,2547
1542,4487
1542,5747
1542,6973
1542,6974
1542,7290
1542,8786
1542,10086
1542,10995
1542,16177
1542,16578
1542,22184
1542,22257
1545,683
1545,4648
1545,8773
1545,10501
1545,12085
1545,13849
1545,15791
1545,16213
1545,16906
1545,20724
1548,6965
1548,13623
1549,7541
1549,19399
1549,22297
1550,2856
1550,15482
1550,17154
1550,22053
1552,1283
1552,3997
1552,6349
1552,7024
1552,9079
1552,13944
1552,15302
1552,15359
1552,18141
1552,18464
1552,19013
1552,19089
1552,21768
1552,22129
1552,23826
1553,207
1553,862
1553,4986
1553,5299
1553,7396
1553,7487
1553,7934
1553,8353
1553,8566
1553,10987
1553,11315
1553,12612
1553,12944
1553,16338
1553,16906
1553,17110
1553,18687
1553,20177
1553,23714
1556,9233
1556,10222
1556,16990
1559,2477
1559,3974
1559,10923
1559,13835
1559,15847
1559,20628
1560,2961
1560,14723
1560,18998
1561,8351
1561,16555
1561,18653
1562,2846
1562,12517
1565,23306
1566,11323
1566,12543
1566,21043
1570,6436
1570,7520
1570,19949
1571,13821
1571,22654
1572,11094
1572,11474
1572,20013
1574,15776
1574,20975
1575,10222
1575,17693
1575,23222
1576,4953
1576,18130
1576,23695
1577,9791
1577,10239
1578,1861
1578,3779
1578,5068
1578,7782
1578,10394
1578,11571
1578,15309
1578,16275
1578,16796
1578,17922
1578,18094
1578,18885
1578,20716
1578,23121
1580,9160
1580,15062
1581,17433
1581,20988
1581,22791
1582,10972
1582,11324
1582,17402
1583,3444
1584,222
1584,295
1584,5521
1584,6150
1584,8986
1584,9262
1584,10110
1584,12570
1584,12907
1584,14264
1584,15472
1584,15773
1584,18127
1584,19659
1584,21282
1584,21481
1584,21598
1584,21620
1584,20754
1585,20778
1586,3430
1586,18553
1587,6017
1588,10222
1591,4537
1591,6441
1591,17995
1593,8838
1593,9616
1593,15404
1593,18489
1594,595
1594,1999
1594,4942
1594,6477
1594,17107
1594,19158
1594,19804
1594,22448
1594,23209
1594,24528
1594,24675
1596,1661
1596,6684
1596,11474
1597,626
1597,3309
1597,3899
1597,6889
1597,10188
1597,10373
1597,10759
1597,11102
1597,12391
1597,12977
1597,14814
1597,15080
1597,17919
1597,18208
1597,18951
1597,19684
1597,24768
1598,2142
1598,9137
1598,16863
1602,1077
1602,10411
1602,12904
1602,13178
1602,13188
1602,14237
1602,18979
1602,20114
1602,23586
1602,24515
1603,302
1603,730
1603,1872
1603,4844
1603,5103
1603,6230
1603,10642
1603,11772
1603,12178
1603,13200
1603,18515
1603,18570
1603,20460
1603,23818
1604,4510
1604,10664
1604,22564
1605,10197
1605,21339
1605,24582
1607,3107
1607,17993
1608,4698
1608,11842
1608,16803
1608,17769
1608,20559
1608,23437
1609,73
1609,1504
1609,4493
1609,6643
1609,8229
1609,8672
1609,8730
1609,8816
1609,8948
1609,10650
1609,11143
1609,11670
1609,11795
1609,12085
1609,12661
1609,13328
1609,13438
1609,14271
1609,15138
1611,651
1611,5152
1611,7798
1611,7818
1611,8166
1611,12092
1611,14999
1611,19000
1611,19201
1611,19473
1611,23873
1612,4051
1612,4274
1612,17389
1612,19231
1612,20807
1612,21152
1612,21159
1612,22877
1612,22955
1612,24538
1614,1336
1614,1626
1614,2277
1614,4110
1614,5116
1614,6228
1614,7912
1614,8257
1614,10635
1614,22928
1614,23351
1614,23712
1615,20722
1617,461
1617,4257
1617,4523
1619,3105
1619,7939
1619,8398
1619,11772
1619,23113
1621,1995
1621,8671
1621,10129
1621,10679
1621,11230
1621,15996
1621,19588
1621,21170
1621,22454
1621,22797
1621,23755
1621,23825
1621,24008
1622,340
1622,3048
1622,9542
1622,9979
1622,12021
1622,12034
1622,16597
1622,17390
1622,21390
1622,21445
1622,21985
1622,21986
1622,22353
1625,3136
1625,5140
1625,6426
1625,7300
1625,7430
1625,12844
1625,24157
1628,3117
1628,5380
1628,18487
1628,19903
1628,21760
1629,6767
1629,14328
1632,21013
1634,323
1634,602
1634,1531
1634,2080
1634,3390
1634,4505
1634,5638
1634,10727
1634,10882
1634,11057
1634,14303
1634,16193
1634,17503
1634,18755
1634,19408
1634,23249
1637,4809
1637,17720
1638,1516
1638,2279
1638,3106
1638,4919
1638,8226
1638,12738
1638,13756
1638,19872
1638,20137
1638,20700
1638,21628
1638,23642
1638,23644
1638,23656
1638,24202
1639,2139
1639,9498
1639,10990
1639,18445
1639,23628
1639,24437
1641,7813
1641,15410
1641,23721
1642,603
1642,1699
1642,2006
1642,2503
1642,3170
1642,4677
1642,12097
1642,13955
1642,14387
1642,15426
1642,17570
1642,17787
1642,18242
1642,20033
1642,21614
1642,21976
1642,23872
1646,1205
1646,2722
1646,6108
1646,7342
1646,8051
1646,8059
1646,9553
1646,12254
1646,12519
1646,15994
1646,16555
1646,18454
1646,22543
1647,1535
1647,3105
1647,17523
1647,16555
1647,18090
1648,1269
1648,1835
1648,9083
1648,10847
1648,11426
1648,15797
1648,17421
1648,19383
1648,23165
1648,24074
1649,3591
1649,8341
1649,20896
1649,21043
1649,23070
1651,4023
1651,10320
1651,11601
1651,12052
1651,20038
1654,5374
1654,12563
1656,302
1656,2790
1656,4938
1656,10923
1656,17433
1660,11155
1660,22271
1662,290
1662,1644
1662,3387
1662,4396
1662,7765
1662,10972
1662,14981
1662,15373
1662,17257
1662,20914
1662,24271
1663,9278
1663,12543
1663,18992
1664,3639
1664,8388
1664,9603
1664,10038
1664,11509
1664,12951
1664,13641
1664,15960
1664,22993
1664,23424
1665,3
1665,776
1665,5540
1665,13037
1665,20155
1666,1823
1666,5853
1666,9345
1666,11078
1666,11776
1666,13272
1666,15948
1666,19980
1666,20901
1666,21786
1666,23305
1667,1131
1667,1893
1667,2026
1667,6885
1667,7504
1667,15502
1667,16875
1667,23195
1667,23774
1667,23862
1670,7711
1670,11070
1670,11442
1672,1830
1672,2472
1672,3275
1672,5035
1672,5948
1672,9230
1672,14430
1672,17812
1672,17899
1672,20360
1672,20707
1672,21846
1672,23409
1674,6209
1674,7881
1674,9682
1674,11234
1674,15218
1674,16554
1674,16706
1674,18687
1674,19400
1674,20938
1676,1425
1676,3948
1676,4221
1676,4605
1676,5361
1676,5815
1676,8811
1676,11073
1676,17560
1676,18214
1680,5428
1680,6437
1680,11454
1681,11667
1681,13736
1681,13948
1681,19159
1681,22742
1684,2864
1685,858
1685,1627
1685,2593
1685,4505
1685,6376
1685,7413
1685,8794
1685,10507
1685,11023
1685,11450
1685,12510
1685,15442
1685,16530
1685,16696
1685,19376
1685,19909
1686,68
1686,8384
1686,9233
1687,24
1687,2313
1687,3297
1687,3716
1687,3922
1687,4933
1687,5307
1687,13842
1687,15351
1687,17229
1687,17548
1687,17776
1687,19744
1687,22945
1687,23451
1687,23798
1687,24409
1688,2446
1688,3813
1688,9678
1688,19983
1688,23394
1689,9887
1689,12588
1690,1488
1690,22361
1690,22369
1693,439
1693,3052
1693,6913
1693,7690
1693,8493
1693,8955
1693,12136
1693,13131
1693,13132
1693,17555
1693,18282
1693,20953
1693,24524
1693,24688
1694,5168
1694,8155
1694,8213
1694,14693
1694,17660
1695,3492
1695,7696
1695,7702
1695,7971
1695,8181
1695,8561
1695,9568
1695,12154
1695,12990
1695,14913
1695,18854
1695,18870
1695,19591
1695,21815
1695,22455
1696,16810
1697,435
1697,4591
1697,6733
1697,8589
1697,10038
1697,13041
1697,13847
1697,14561
1697,15392
1697,16103
1697,16140
1697,16166
1697,18228
1697,20502
1697,22405
1697,23306
1697,24146
1698,3956
1698,19197
1699,1809
1699,4042
1699,4367
1699,6436
1699,11086
1699,18801
1699,20166
1699,21220
1699,21351
1700,4367
1700,9511
1701,1809
1701,4367
1701,4865
1701,7216
1701,8005
1701,9214
1701,16364
1701,20220
1701,20972
1701,21220
1701,21351
1702,18998
1703,1686
1703,4171
1703,8012
1703,8412
1703,13045
1703,17928
1703,20930
1703,21713
1703,23560
1703,23921
1704,813
1704,1730
1704,2616
1704,3352
1704,4670
1704,4758
1704,4896
1704,5289
1704,5986
1704,6365
1704,8343
1704,12365
1704,13338
1704,14010
1704,14231
1704,16408
1704,19646
1704,20198
1704,20607
1704,20754
1705,1540
1705,20846
1706,2458
1706,2459
1706,3956
1706,23305
1707,3307
1707,5913
1707,6057
1707,6685
1707,12058
1707,13428
1707,13734
1707,16486
1707,17977
1707,23048
1709,5873
1709,12972
1709,14333
1709,16770
1709,17172
1710,478
1710,2176
1710,2587
1710,3323
1710,5179
1710,10079
1710,10404
1710,11724
1710,11992
1710,13417
1710,13432
1710,13501
1710,14719
1710,15164
1710,15218
1710,23825
1711,5408
1711,6958
1711,19373
1712,2036
1712,5769
1712,6850
1712,11156
1713,8626
1713,11461
1713,17555
1715,3563
1715,24089
1718,1797
1718,3441
1718,3700
1718,5782
1718,11593
1718,13708
1718,15945
1718,17727
1718,21847
1718,22509
1721,2831
1721,4543
1721,5248
1721,5650
1721,6871
1721,7510
1721,10453
1721,13617
1721,17852
1721,23515
1722,24818
1722,4286
1722,10154
1722,19627
1723,4574
1723,11492
1723,12991
1725,3936
1725,5029
1725,10228
1725,11771
1725,13835
1725,20456
1725,21116
1727,4317
1727,12505
1729,3061
1729,18574
1729,18865
1731,2026
1731,3061
1731,4356
1731,5092
1731,13997
1731,14191
1731,17761
1731,18574
1731,19673
1731,23448
1734,6305
1734,6812
1734,8214
1734,8917
1734,17984
1734,24217
1735,9233
1735,21760
1736,9598
1736,11486
1736,19849
1737,7141
1737,21298
1738,12572
1738,16386
1738,18715
1739,2477
1739,11914
1739,13468
1740,9993
1740,23288
1740,24252
1741,5388
1741,7571
1741,10923
1741,12367
1742,1175
1742,2321
1742,13218
1742,13394
1742,14867
1742,14908
1742,14956
1742,19458
1742,20617
1742,21122
1743,4894
1743,7651
1743,9214
1744,23305
1746,675
1746,1690
1746,6491
1746,9689
1746,12728
1746,13186
1746,13594
1746,15670
1746,17876
1746,22095
1746,23286
1749,3060
1749,6170
1749,23161
1750,10990
1750,13466
1750,23185
1751,4960
1751,20944
1752,4655
1752,14323
1752,23305
1753,10975
1753,13736
1753,20897
1757,1702
1757,21002
1758,17875
1760,5479
1760,5522
1760,7946
1760,9596
1760,9633
1760,10192
1760,10313
1760,10636
1760,10996
1760,12367
1760,13975
1760,14127
1760,14140
1760,14341
1760,16593
1760,17622
1760,19682
1760,19751
1760,20135
1762,2769
1762,4404
1762,10039
1763,2668
1763,8986
1763,21562
1767,2578
1767,4134
1767,4973
1767,9745
1767,11977
1767,14259
1767,20913
1767,21862
1770,475
1770,11862
1770,12618
1770,15361
1770,19999
1771,16492
1771,22202
1772,1702
1772,6685
1772,11662
1773,3950
1773,13898
1773,14876
1773,19255
1773,24609
1774,1486
1774,6927
1774,7262
1774,19636
1775,9826
1775,11686
1775,20972
1776,4367
1776,13539
1779,286
1779,1393
1779,4749
1779,5537
1779,7449
1779,7768
1779,16311
1779,16869
1779,17899
1779,17917
1779,17955
1779,22000
1779,23959
1781,6617
1781,12188
1781,16672
1782,1056
1782,7523
1782,21167
1783,8917
1783,16307
1783,23974
1784,1187
1784,5504
1784,6617
1784,13428
1785,6413
1785,16725
1785,18373
1787,10369
1787,13736
1787,14035
1787,16990
1790,1104
1790,8169
1790,11772
1790,16834
1790,20493
1791,2360
1791,10842
1796,198
1796,4157
1796,5034
1796,5440
1796,11147
1796,11451
1796,14091
1796,21155
1796,22232
1796,24208
1800,426
1800,4279
1800,6064
1801,1535
1801,4929
1802,2570
1802,20972
1803,1294
1803,15169
1803,17882
1803,17883
1803,21121
1803,22920
1807,7196
1807,20722
1807,22386
1808,2756
1808,5142
1808,5223
1808,5873
1808,6098
1808,9129
1808,13816
1808,15246
1808,17500
1808,17974
1808,18467
1808,24833
1808,19674
1808,22747
1808,23311
1809,1439
1809,3434
1809,4737
1809,6685
1809,8560
1809,10632
1809,10666
1809,11334
1809,11713
1809,12972
1809,13086
1809,14411
1809,18441
1809,21088
1809,22468
1809,22813
1809,23043
1810,1770
1810,6202
1810,9498
1810,12104
1810,18165
1810,21547
1810,21766
1812,2456
1812,4792
1812,9910
1812,10492
1812,10497
1812,10587
1812,11410
1812,11426
1812,12112
1812,12611
1812,13894
1812,15521
1812,15964
1812,15978
1812,15988
1812,17239
1813,5827
1813,8085
1813,11860
1814,1860
1814,9461
1814,20166
1815,7611
1815,15246
1815,20613
1815,21666
1815,23111
1816,1682
1816,3342
1816,4030
1816,8723
1816,9056
1816,9704
1816,13152
1816,13584
1816,14593
1816,15639
1816,16207
1816,16585
1816,22040
1816,22417
1817,4172
1817,13539
1817,24639
1820,12448
1820,19197
1820,23305
1821,2846
1821,3636
1821,6576
1821,14978
1822,4408
1822,6365
1822,6973
1822,7015
1822,8948
1822,12006
1822,13736
1822,14486
1822,15002
1822,15078
1822,17381
1822,17632
1822,17657
1822,18195
1822,18767
1822,20858
1823,3636
1823,6576
1823,14978
1825,3936
1827,5229
1827,12448
1827,18510
1828,2041
1828,4057
1828,4102
1828,5664
1828,6401
1828,6478
1828,8570
1828,9355
1828,10184
1828,10835
1828,13313
1828,13475
1828,13916
1828,15864
1828,16422
1828,16495
1829,1364
1829,11448
1829,12649
1829,15409
1829,15780
1829,17805
1829,18565
1829,19176
1829,19286
1829,20648
1831,15385
1831,15793
1833,6945
1833,8470
1833,12029
1834,6770
1834,9988
1834,20517
1834,21942
1837,6884
1837,7549
1837,12099
1837,14043
1837,14492
1837,15623
1837,17034
1837,18690
1837,18969
1837,22718
1839,1044
1839,5829
1839,7519
1839,18679
1839,21055
1840,3061
1840,9380
1840,22297
1841,3061
1841,9380
1841,22297
1843,6998
1843,7766
1843,10396
1843,15062
1844,3019
1844,6610
1844,11756
1844,11898
1844,20166
1844,21220
1844,21942
1845,7910
1845,16435
1845,18648
1845,24225
1847,18963
1847,23954
1848,245
1848,2270
1848,3425
1848,3545
1848,3948
1848,4991
1848,9961
1848,11913
1848,12822
1848,14486
1848,16369
1848,16434
1848,20159
1848,21099
1848,21521
1849,13056
1849,16980
1849,20611
1850,20278
1850,23128
1852,186
1852,4683
1852,5292
1852,5442
1852,6788
1852,7861
1852,7915
1852,10054
1852,10443
1852,10921
1852,13225
1852,14434
1852,16735
1852,16851
1852,18065
1852,19324
1852,19346
1853,2336
1853,7088
1853,9073
1853,16360
1854,6813
1854,8522
1854,8611
1854,13691
1854,18136
1854,18633
1854,20819
1854,23799
1854,24495
1855,1504
1855,5179
1855,5876
1855,10996
1855,11686
1855,17958
1855,20972
1855,22945
1855,24185
1856,3974
1856,19849
1856,19949
1857,10923
1857,17983
1857,20561
1858,8261
1858,11436
1858,24643
1859,12451
1859,16482
1860,6755
1860,8684
1860,15613
1860,16128
1862,11571
1862,18245
1862,23306
1866,4303
1866,4841
1866,12505
1866,16672
1867,2013
1867,10802
1868,1578
1868,2529
1868,2681
1868,6119
1868,8695
1868,9375
1868,12855
1868,15103
1868,15378
1868,15457
1868,17173
1868,21040
1868,21365
1868,22428
1868,23682
1868,24316
1868,24626
1870,1091
1870,2231
1870,2519
1870,3319
1870,3738
1870,5840
1870,8154
1870,9045
1870,13753
1870,15791
1870,15883
1870,16599
1870,18051
1870,23153
1870,23534
1870,23629
1870,23812
1870,24684
1874,17454
1874,24584
1875,15575
1875,24553
1877,2241
1877,5157
1877,13252
1877,20372
1877,21011
1879,21691
1879,24109
1880,1058
1880,12505
1880,14440
1883,803
1884,1583
1885,10494
1886,7333
1886,21818
1891,10455
1891,23122
1892,285
1892,3100
1892,3407
1892,4405
1892,7651
1892,9214
1892,11328
1892,11691
1892,13120
1892,13294
1892,15787
1892,17980
1892,18393
1892,18814
1892,19057
1892,20330
1892,20442
1894,668
1894,5359
1894,16640
1894,16772
1895,11756
1898,4444
1898,17106
1899,1478
1899,13244
1899,22646
1900,9545
1900,21448
1901,3271
1901,5549
1901,7027
1901,8388
1901,10401
1901,11828
1901,11948
1901,12492
1901,17218
1901,19942
1904,14528
1905,2900
1905,3647
1905,4204
1905,9630
1905,10313
1905,11786
1905,15192
1905,17191
1905,17926
1905,20392
1906,5062
1906,19849
1906,20628
1910,1302
1910,12008
1912,492
1912,768
1912,2475
1912,2896
1912,6447
1912,7050
1912,7806
1912,8082
1912,8621
1912,10891
1912,12194
1912,12849
1912,13981
1912,16620
1912,18949
1912,19475
1913,3082
1913,10928
1913,17120
1913,17134
1913,17199
1914,4393
1914,11662
1914,20844
1915,9596
1916,5245
1916,7398
1916,9647
1916,11677
1916,15082
1916,21997
1917,1191
1917,1494
1917,10254
1917,10314
1917,24348
1918,2873
1918,6457
1918,6840
1918,9141
1918,10843
1918,11781
1918,11856
1918,14793
1918,22152
1918,23083
1918,23865
1919,12126
1919,13252
1919,13418
1919,21280
1921,767
1921,1851
1921,3075
1921,3085
1921,9644
1921,14331
1921,15595
1921,17117
1921,22783
1921,24059
1923,4852
1923,5851
1924,6800
1924,8651
1925,7939
1925,10337
1925,20165
1926,16000
1927,1470
1927,12503
1927,22346
1928,2846
1928,23233
1929,10304
1929,16166
1929,17708
1930,115
1930,8998
1930,9183
1930,9530
1930,17297
1930,17581
1931,759
1931,16122
1933,5980
1933,7912
1933,11860
1933,14123
1933,14843
1933,16488
1933,17825
1933,21481
1933,21611
1933,23232
1933,24361
1935,5593
1935,6556
1935,11982
1936,4924
1936,6490
1936,13928
1936,14848
1936,19672
1936,24554
1937,13481
1937,19097
1937,19990
1938,14672
1938,17433
1938,17531
1939,13643
1939,22194
1942,9828
1942,11403
1942,15821
1942,16598
1942,17174
1942,21468
1942,22615
1942,24125
1942,24523
1944,71
1944,1590
1944,2557
1944,3341
1944,3958
1944,4365
1944,7967
1944,8974
1944,9864
1944,18923
1945,78
1945,347
1945,2206
1945,6847
1945,9020
1945,9470
1945,15299
1945,17850
1945,22758
1945,24094
1946,14440
1946,19558
1946,20914
1947,14440
1947,20487
1947,20914
1948,4372
1948,10680
1948,11382
1948,11865
1949,15266
1949,17983
1950,520
1950,802
1950,978
1950,5494
1950,6020
1950,6138
1950,13888
1950,16820
1950,16946
1950,18281
1950,19953
1950,19990
1950,23831
1950,24157
1951,921
1951,3657
1951,4218
1951,8787
1951,14040
1951,14490
1951,16423
1951,18558
1951,19583
1951,20980
1951,21332
1951,21983
1951,22555
1951,24213
1953,3306
1953,10662
1953,10861
1953,13466
1953,20493
1954,203
1954,4655
1954,12947
1955,6934
1956,8954
1956,9364
1956,24456
1956,24481
1957,5571
1957,5670
1957,9465
1957,9935
1957,10064
1957,11215
1957,11678
1957,12847
1957,13308
1957,18878
1957,20527
1957,20632
1957,20636
1957,21759
1957,23433
1957,24440
1958,5082
1958,11813
1958,13217
1958,24139
1960,4770
1960,4771
1960,8624
1960,13512
1960,14198
1960,20374
1960,21546
1960,21915
1960,21925
1960,22042
1960,22805
1960,22974
1961,8101
1961,11151
1961,18916
1962,79
1962,417
1962,4131
1962,4261
1962,4645
1962,7323
1962,8404
1962,9534
1962,9710
1962,17168
1962,18245
1962,18432
1962,20270
1962,21154
1962,22022
1963,17534
1963,21914
1964,8688
1964,18602
1964,21693
1965,4688
1965,7333
1965,11323
1965,19722
1966,4841
1966,12365
1966,12448
1966,17693
1969,8986
1969,9497
1969,9511
1969,23305
1970,6629
1970,10665
1970,14478
1970,15237
1970,17500
1970,17876
1970,20771
1970,22114
1970,22432
1970,23292
1970,24044
1971,4324
1971,12563
1971,13736
1972,1631
1972,2833
1972,3430
1973,1631
1973,2833
1973,17837
1973,24218
1974,7422
1974,10253
1974,11246
1974,11868
1974,11887
1974,12435
1974,15849
1974,16739
1974,18062
1974,23089
1975,11220
1975,14717
1975,17104
1976,10715
1976,13430
1977,3161
1977,3601
1977,4988
1977,6853
1977,8211
1977,9985
1977,11474
1977,12943
1977,13336
1977,13477
1977,16042
1977,17346
1977,17485
1977,21224
1977,24343
1978,20009
1978,20222
1978,20972
1982,489
1982,798
1982,1795
1982,2668
1982,4235
1982,6787
1982,8164
1982,8214
1982,9346
1982,10195
1982,11810
1982,14765
1982,17662
1982,19842
1982,21372
1982,21941
1983,585
1983,2241
1983,2700
1984,1657
1984,15246
1984,24476
1985,7304
1985,9802
1985,12282
1985,12381
1985,12788
1985,19003
1985,19895
1985,23855
1985,24559
1986,1169
1986,5041
1986,5395
1986,7142
1986,7399
1986,7553
1986,7791
1986,11713
1986,13405
1986,14773
1986,15869
1986,17324
1986,18568
1986,23588
1987,18470
1987,20935
1987,23161
1989,4004
1989,14978
1989,18083
1990,12563
1990,23004
1991,3981
1991,11031
1991,12304
1991,13165
1991,15853
1991,16576
1991,21783
1991,23510
1991,24709
1992,3936
1992,20251
1992,23349
1994,1368
1994,2777
1994,4052
1994,5670
1994,6685
1994,6759
1994,8065
1994,8251
1994,11161
1994,20422
1994,20926
1994,21408
1994,22755
1994,22902
1994,24245
1995,3902
1995,4999
1995,5234
1995,6001
1995,6110
1995,11980
1995,23582
1997,1619
1997,5783
1997,8057
1997,9649
1997,10783
1997,11498
1997,13000
1997,20174
1997,20921
1997,21106
1998,5133
1998,5203
1998,8927
1998,9081
1998,9385
1998,10471
1998,15244
1998,17817
1998,19259
1998,20157
1998,20333
2000,6147
2000,21562
2000,22202
2001,6441
2001,16671
2001,20901
2001,23986
2002,12365
2002,18069
2002,19849
2003,552
2003,2603
2003,3123
2003,5867
2003,6386
2003,7117
2003,7172
2003,7294
2003,11352
2003,11698
2003,12435
2003,14035
2003,14440
2003,16720
2003,16995
2003,17930
2003,19617
2003,23262
2004,6335
2004,7218
2004,18831
2005,885
2005,4265
2005,19047
2005,21983
2005,23917
2006,161
2006,210
2006,217
2006,316
2006,3086
2006,5163
2006,6573
2006,8609
2006,10841
2006,11459
2006,21909
2006,23358
2009,400
2009,437
2009,1936
2009,2224
2009,3829
2009,6118
2009,6290
2009,6413
2009,6875
2009,7860
2009,9941
2009,10220
2009,12840
2009,13190
2009,16097
2009,17517
2009,19676
2009,19742
2009,20136
2010,5861
2010,15942
2010,16516
2010,18446
2012,10160
2012,10450
2012,15831
2012,23285
2013,1591
2013,6793
2013,9278
2013,10118
2013,12991
2013,13190
2013,16834
2013,17636
2013,24234
2014,2039
2014,11756
2016,3931
2016,17223
2016,19699
2016,22851
2016,24051
2017,1379
2017,6571
2017,13412
2018,15955
2018,19653
2019,1800
2019,2605
2019,7766
2019,17931
2021,3608
2021,16883
2021,24764
2022,5380
2022,7271
2022,16817
2022,20000
2024,1031
2024,3211
2024,3258
2024,7073
2024,11592
2024,12169
2024,12476
2024,15204
2024,16533
2024,18037
2024,19391
2024,23377
2026,987
2026,3570
2026,7432
2026,8975
2026,11331
2026,11676
2026,16956
2026,18653
2026,20460
2026,24356
2029,3552
2029,5225
2029,6078
2029,8149
2029,8753
2029,9208
2029,10528
2029,10999
2029,12268
2029,12846
2029,12860
2029,15677
2029,15921
2029,19657
2030,1535
2030,1623
2030,2300
2030,3890
2030,4762
2030,5264
2030,5783
2030,5873
2030,6167
2030,8842
2030,11030
2030,11978
2030,12056
2030,13189
2030,16672
2030,19763
2030,20330
2031,2142
2031,10906
2031,23128
2032,2203
2032,3557
2032,5981
2032,7217
2032,10951
2032,11358
2032,11567
2032,19156
2032,19392
2032,23438
2033,6674
2033,23986
2034,487
2034,1209
2034,2368
2034,5254
2034,6675
2034,8316
2034,8558
2034,9859
2034,10752
2034,11716
2034,12961
2034,19489
2034,24320
2035,955
2035,1411
2035,3993
2035,4303
2035,4945
2035,5531
2035,8471
2035,10681
2035,12336
2035,13586
2035,13915
2035,15976
2035,19890
2035,21370
2035,22075
2035,23400
2035,23494
2036,929
2036,6927
2036,8251
2036,15212
2036,15942
2036,16869
2036,18498
2036,19633
2036,20669
2036,21807
2036,22225
2037,2274
2037,3147
2037,3739
2037,3830
2037,4073
2037,4618
2037,4651
2037,6892
2037,11833
2037,12450
2037,13136
2037,13946
2037,15867
2037,16981
2037,21496
2037,21902
2037,22850
2038,12684
2038,22394
2040,11129
2041,8049
2041,9828
2041,18728
2042,7294
2042,12647
2043,6908
2043,13466
2043,21441
2043,22085
2044,2047
2044,3229
2044,4832
2044,5837
2044,6709
2044,8247
2044,10329
2044,11102
2044,11639
2044,13501
2044,14358
2044,14831
2044,14990
2044,18797
2044,20545
2044,21541
2044,22944
2044,23507
2044,23782
2045,2398
2045,4675
2045,5562
2045,9514
2045,11283
2045,14418
2045,17889
2045,18984
2045,22735
2046,4532
2046,10070
2046,11759
2046,12626
2046,14247
2052,6553
2052,21766
2053,6338
2053,8238
2053,13683
2053,17703
2053,19317
2053,21362
2053,23364
2053,24057
2053,24576
2053,24592
2055,1591
2055,2820
2055,6574
2055,18679
2058,10664
2058,20418
2058,20510
2061,3531
2061,3592
2061,4129
2061,6401
2061,9633
2061,9918
2061,10466
2061,10978
2061,11275
2061,12728
2061,13764
2061,14705
2061,14813
2061,16591
2061,16876
2061,18757
2061,20754
2062,2631
2062,7192
2062,10529
2062,11854
2062,12521
2062,15275
2062,20279
2063,503
2063,525
2063,5861
2063,18875
2063,24234
2066,6576
2066,20899
2067,9495
2067,9867
2067,13774
2068,14596
2068,16446
2069,11213
2069,15945
2070,6610
2070,6776
2070,19488
2073,5751
2073,17894
2073,23406
2075,6365
2075,13169
2075,19488
2076,2886
2076,8207
2076,24764
2078,12365
2078,12991
2078,16163
2082,5073
2082,20896
2082,20935
2083,7511
2083,22579
2086,28
2086,9283
2087,9382
2087,16527
2087,20899
2092,3670
2092,9227
2092,10339
2092,13396
2092,21611
2093,3446
2093,23507
2095,786
2095,2025
2095,4035
2095,5935
2095,6232
2095,8005
2095,8470
2095,8517
2095,9967
2095,12104
2095,12764
2095,13203
2095,15906
2095,20238
2095,20713
2095,22631
2095,23232
2095,23493
2096,6268
2096,6684
2096,16230
2097,5229
2097,11737
2097,22896
2099,4387
2099,19074
2101,3618
2101,5296
2101,6095
2101,6685
2101,9863
2101,11002
2101,11251
2101,12826
2101,15920
2101,17647
2102,7218
2102,9283
2102,11860
2104,563
2104,1615
2104,2440
2104,2486
2104,6967
2104,14371
2104,14459
2104,15026
2104,23360
2104,24714
2105,7308
2105,7958
2106,12563
2106,16128
2106,20214
2106,21089
2109,8544
2109,20375
2109,20775
2109,23741
2111,1718
2111,2291
2111,4159
2111,6318
2111,6993
2111,12042
2111,13932
2111,16182
2111,18582
2111,19073
2111,22672
2111,23089
2111,23338
2114,8257
2114,8910
2114,14255
2115,939
2115,2170
2115,5924
2115,6619
2115,7470
2115,9257
2115,12461
2115,13371
2115,15338
2115,17317
2115,19558
2115,21537
2115,22216
2115,22617
2115,24116
2115,24322
2116,11898
2116,15361
2116,23950
2117,640
2117,13274
2117,13416
2121,2527
2121,16520
2123,10
2123,1591
2123,3006
2123,4358
2123,8281
2123,11315
2123,11642
2123,11811
2123,21174
2123,22320
2124,5388
2124,9124
2124,18445
2125,943
2125,1191
2125,16781
2126,165
2126,19302
2127,1519
2127,11064
2129,5190
2129,11267
2129,15776
2130,1193
2130,3777
2130,10683
2131,1193
2131,4826
2131,10683
2132,6436
2132,20995
2133,1109
2133,1687
2133,1774
2133,2477
2133,8425
2133,12105
2133,13137
2133,17395
2133,20530
2133,22066
2133,23201
2135,10215
2135,15023
2135,15224
2135,22719
2136,10862
2136,15270
2137,19205
2138,3522
2138,14584
2139,3973
2139,6519
2139,14035
2139,18652
2139,19926
2140,10845
2140,21766
2140,23122
2141,2326
2141,4408
2141,4980
2141,8343
2141,9157
2141,9325
2141,11384
2141,11405
2141,13286
2141,14656
2141,16994
2141,21978
2142,12505
2142,20688
2142,22271
2144,10726
2144,13623
2146,10983
2146,18801
2147,776
2147,2674
2147,5311
2147,18257
2149,16640
2149,19233
2149,22564
2149,22935
2150,1304
2150,5448
2150,5586
2150,5732
2150,6383
2150,7903
2150,9919
2150,10103
2150,13754
2150,15811
2150,15860
2150,16640
2150,16669
2150,16860
2150,17161
2150,17367
2150,17495
2150,19232
2151,849
2151,2473
2151,3635
2151,5076
2151,10860
2151,11441
2151,13619
2151,14292
2151,14369
2151,24144
2154,15405
2154,20602
2154,21016
2155,6042
2157,6305
2157,11662
2157,15270
2158,853
2158,8234
2158,8290
2158,13411
2158,20722
2158,23386
2161,4154
2161,11194
2161,16613
2161,23309
2162,6127
2162,6132
2162,6682
2162,7615
2162,9427
2162,10370
2162,11672
2162,12374
2162,13972
2162,14620
2163,2026
2163,7619
2163,8290
2163,8773
2163,8898
2163,9710
2163,14540
2163,15037
2163,16609
2163,16637
2163,16982
2163,21269
2163,23839
2164,1498
2164,5021
2164,10924
2164,11756
2164,12085
2164,16773
2164,19450
2164,19582
2164,24221
2164,24780
2165,1606
2165,3023
2165,3068
2165,8484
2165,11860
2165,16300
2165,21497
2165,21866
2165,22971
2165,23909
2166,14575
2166,18839
2168,1029
2168,4502
2168,4529
2168,8556
2168,8649
2168,9458
2168,11731
2168,12488
2168,16325
2168,19351
2168,20330
2168,22107
2168,22884
2172,2142
2172,9124
2175,1809
2175,24139
2175,24183
2176,1775
2176,3371
2177,16994
2177,24582
2177,24750
2179,4841
2180,295
2180,2820
2180,3319
2180,3761
2180,8332
2180,10422
2180,12200
2180,13915
2180,15038
2180,15901
2180,17316
2180,17692
2180,17867
2180,18188
2180,20403
2180,24575
2180,24648
2181,656
2181,3347
2181,5834
2181,6225
2181,7251
2181,7724
2181,10286
2181,12187
2181,13052
2181,15049
2181,21283
2181,21671
2181,23039
2183,113
2183,135
2183,2710
2183,4322
2183,7166
2183,7264
2183,7268
2183,7646
2183,8517
2183,9167
2183,10448
2183,11564
2183,11779
2183,11848
2183,12973
2183,13153
2183,13607
2183,14609
2183,15843
2184,1291
2184,9686
2185,745
2185,1080
2185,1238
2185,3501
2185,4827
2185,5462
2185,6622
2185,6766
2185,7805
2185,9464
2185,9899
2185,17672
2185,18791
2185,21358
2186,10575
2186,12482
2186,14607
2187,322
2187,7175
2187,8728
2187,10678
2187,13914
2187,14863
2187,16677
2187,19138
2187,23040
2188,338
2188,8211
2188,12098
2188,12322
2188,16677
2193,4405
2193,9598
2193,17971
2193,18415
2193,19636
2195,2134
2195,3145
2195,3858
2195,5003
2195,5432
2195,6628
2195,10992
2195,11663
2195,12515
2195,14602
2196,1268
2196,5343
2196,6755
2196,6811
2196,13369
2196,14621
2196,18342
2196,21157
2196,24404
2197,16092
2198,6576
2198,7541
2198,24217
2199,10716
2199,14418
2199,24582
2200,4537
2200,11155
2201,4992
2201,6108
2201,7145
2201,7887
2201,15133
2201,16131
2201,16132
2201,20760
2201,22025
2201,23032
2204,1359
2204,6093
2204,6153
2204,6839
2204,7520
2204,9848
2204,11578
2204,12999
2204,13174
2204,20114
2204,21480
2204,22595
2204,22900
2204,24185
2205,18265
2205,23713
2206,2812
2206,6090
2206,7505
2206,7732
2206,9658
2206,16395
2206,15369
2206,16398
2206,16419
2206,17509
2207,10957
2207,16170
2209,2490
2209,2616
2209,8970
2209,13266
2209,19069
2209,21251
2210,872
2210,4860
2210,6427
2210,9642
2210,14944
2210,16135
2210,18455
2210,21796
2210,23058
2210,23320
2211,11662
2211,11931
2211,15732
2213,4042
2213,4762
2213,6086
2213,8506
2213,9863
2213,10698
2213,10783
2213,11870
2213,11992
2213,17525
2213,18267
2213,18900
2213,22959
2213,24401
2215,5122
2216,1583
2216,6709
2216,10873
2218,14561
2218,15847
2218,24217
2219,576
2219,1261
2219,4969
2219,6291
2219,11670
2219,11761
2219,14204
2219,14561
2219,15847
2219,16482
2219,18573
2219,21218
2219,24217
2220,8207
2220,9633
2220,23492
2225,8820
2225,10573
2225,10990
2225,16241
2225,22320
2226,11865
2227,410
2227,2569
2227,11740
2227,12000
2227,12702
2227,17794
2227,17871
2227,18441
2227,21378
2227,21507
2227,23599
2227,24328
2227,24491
2228,5950
2228,5956
2228,8140
2228,8276
2228,12121
2228,16613
2228,17407
2228,17778
2228,19670
2228,20176
2228,20214
2228,20285
2229,143
2229,1250
2229,3872
2229,8802
2229,16437
2230,5358
2230,12563
2230,22271
2233,2924
2235,4182
2235,5626
2236,19261
2236,24617
2238,3995
2238,6474
2238,24750
2239,3330
2239,3626
2239,3648
2239,7079
2239,8251
2239,10445
2239,11259
2239,17988
2239,21169
2239,23547
2240,1367
2240,1375
2240,4220
2240,4671
2240,5433
2240,7699
2240,8825
2240,9054
2240,10141
2240,10278
2240,13074
2240,16046
2240,16693
2240,17149
2240,17757
2240,18765
2241,434
2241,1730
2241,3019
2241,4642
2241,10990
2242,12670
2242,17215
2242,19881
2244,2154
2244,7294
2244,24647
2245,2570
2245,4894
2245,10990
2245,16683
2246,6436
2247,13815
2247,21280
2247,23988
2248,13777
2248,18501
2249,316
2249,1663
2249,4193
2249,11324
2249,12428
2249,13064
2249,15996
2249,19295
2249,20240
2249,24050
2249,24713
2251,4655
2251,12048
2251,16605
2251,21376
2257,746
2257,2212
2257,5389
2257,7603
2257,7610
2257,10379
2257,11005
2257,11194
2257,13661
2257,16725
2257,17931
2257,18437
2257,22032
2257,23637
2258,4178
2258,4324
2258,4529
2258,17931
2259,375
2259,5990
2259,7478
2259,11933
2259,15839
2259,20658
2259,21297
2259,21485
2259,22278
2259,23700
2260,2558
2260,4317
2260,7571
2260,9283
2260,10072
2260,11860
2260,16980
2261,1755
2261,5230
2261,9963
2261,10251
2261,12182
2261,12723
2261,13370
2261,13883
2261,17501
2261,19905
2266,1990
2266,10983
2266,11662
2267,1701
2267,2820
2267,2856
2267,3282
2267,4066
2267,5442
2267,13413
2267,14863
2267,15520
2267,15831
2267,17185
2267,21219
2267,23161
2267,23536
2267,23866
2267,24276
2268,284
2268,1618
2268,2520
2268,2616
2268,4131
2268,5896
2268,8290
2268,9065
2268,9394
2268,12066
2268,13751
2268,14528
2268,17932
2268,19194
2268,19299
2268,19971
2268,20427
2269,4065
2269,7237
2271,6267
2271,6281
2271,6942
2271,13440
2271,15779
2271,19959
2271,20901
2275,5232
2275,8280
2275,9520
2275,17915
2275,17984
2276,151
2276,1005
2276,6703
2276,8079
2276,10984
2277,15847
2277,22271
2277,23197
2278,1255
2278,2482
2278,7273
2278,7608
2278,7861
2278,9601
2278,14151
2278,14757
2278,21555
2278,21846
2280,499
2280,7121
2280,8635
2280,14422
2280,16111
2280,16930
2280,16935
2280,21048
2280,23685
2280,23748
2282,5644
2282,14152
2282,17433
2283,147
2283,7994
2283,10423
2283,11732
2283,12796
2283,13627
2283,16429
2283,17999
2283,20016
2283,21258
2283,21271
2283,22144
2283,23184
2285,5713
2286,3635
2286,5736
2286,8741
2286,9319
2286,9320
2286,10088
2286,10478
2286,17838
2286,20347
2286,22240
2289,10253
2289,16477
2289,21118
2289,23988
2290,1487
2290,8290
2290,10632
2290,12391
2290,13370
2290,13661
2292,2844
2292,2850
2292,4331
2292,13061
2292,16738
2292,20883
2293,15016
2294,13681
2294,15746
2294,24058
2296,7520
2296,20890
2296,24244
2299,1766
2299,12810
2300,20495
2300,20948
2300,20985
2301,1955
2301,3755
2301,10705
2301,12265
2301,13741
2301,15718
2301,21963
2301,22866
2301,23747
2302,863
2302,6670
2302,7077
2302,8715
2302,8875
2302,14345
2302,17364
2302,17779
2302,18502
2302,18807
2302,18859
2302,20095
2302,22710
2303,4222
2303,6207
2303,6496
2303,13687
2303,13891
2303,15891
2303,21584
2304,2142
2304,11998
2304,13440
2307,2018
2307,4894
2307,6397
2307,9828
2307,18245
2307,22900
2309,8295
2309,18602
2309,23234
2310,21729
2312,1942
2312,5891
2312,9093
2312,14419
2312,16105
2312,24038
2312,24711
2313,1093
2313,6489
2313,20701
2314,4192
2314,11036
2314,11048
2315,9731
2315,11481
2315,15980
2315,22365
2315,23815
2315,24838
2317,4154
2317,7333
2317,13706
2317,18445
2317,21875
2319,6695
2319,17394
2319,20722
2319,22598
2320,2862
2320,3105
2320,3335
2320,6707
2320,9222
2320,10033
2320,12166
2320,12467
2320,12826
2320,14367
2320,14401
2320,16163
2320,17394
2320,20099
2320,20722
2320,21683
2320,22102
2320,22598
2320,22914
2320,24710
2321,3238
2321,3523
2321,15598
2322,3002
2322,8569
2322,10433
2322,9972
2322,10873
2322,13373
2322,17894
2322,19962
2322,22257
2323,2023
2323,10640
2323,11322
2323,11438
2323,11699
2323,11875
2323,14798
2323,16335
2323,19996
2323,21804
2324,2186
2324,6781
2324,8929
2324,11138
2324,12948
2324,13040
2324,22325
2325,713
2325,1435
2325,21411
2325,24063
2325,24577
2325,24578
2326,288
2326,7865
2326,9053
2326,10087
2326,10625
2326,12076
2326,13087
2326,16672
2326,18339
2326,21438
2327,1062
2327,1154
2327,2311
2327,2621
2327,4937
2327,5545
2327,5983
2327,9790
2327,12505
2327,12762
2327,14702
2327,18103
2328,7196
2328,8470
2328,10040
2329,1058
2329,4070
2329,19959
2330,2708
2330,10858
2330,21438
2330,22138
2331,917
2331,2856
2331,4407
2331,10440
2331,16633
2333,2984
2333,5686
2333,6566
2333,6568
2333,6569
2333,6672
2333,11889
2333,13026
2333,13812
2333,24655
2334,4417
2334,15955
2335,7653
2335,16238
2335,19069
2337,3974
2337,8899
2337,23190
2339,4595
2339,10014
2339,10658
2339,13915
2339,15534
2339,16099
2339,16235
2339,16862
2339,17658
2339,17690
2339,18857
2339,18863
2339,21611
2339,24244
2340,6674
2340,20230
2341,1522
2341,6016
2341,6341
2341,10384
2341,12829
2341,15524
2341,18952
2341,19992
2341,23898
2342,2544
2342,9300
2343,10683
2343,11430
2343,23665
2344,11724
2344,13251
2344,13396
2345,6793
2345,20280
2346,2531
2346,3446
2346,3649
2346,5998
2346,6945
2346,10033
2346,13565
2346,13605
2346,14271
2346,17073
2346,20445
2346,23954
2348,6215
2348,11311
2348,12068
2348,16415
2348,21051
2349,5444
2349,22889
2350,7651
2350,9498
2352,5524
2352,13745
2352,16219
2355,6062
2355,8699
2356,2884
2356,15385
2356,23351
2357,19248
2359,6456
2359,23113
2360,10307
2361,3103
2361,5849
2361,6552
2361,8575
2361,10327
2361,11510
2361,11772
2361,13815
2361,15847
2362,238
2362,504
2362,3849
2362,4992
2362,7986
2362,8919
2362,10778
2362,14135
2362,15648
2362,18630
2362,19264
2362,22393
2364,5388
2364,10440
2364,14464
2365,20722
2367,6152
2367,10310
2367,18924
2368,1693
2368,8086
2368,23729
2372,7483
2372,8207
2372,13884
2373,23027
2374,4358
2374,6506
2374,24821
2374,7333
2374,11575
2374,15070
2374,17082
2374,18437
2374,21310
2375,4414
2375,4865
2375,10054
2375,23950
2376,2828
2376,5188
2376,13997
2378,4356
2378,9246
2378,10222
2378,12359
2378,17635
2380,77
2380,407
2380,421
2380,550
2380,3496
2380,5215
2380,9401
2380,12610
2380,12730
2380,17785
2380,21045
2380,21192
2380,24535
2380,24641
2381,1305
2381,4446
2381,16760
2382,4325
2382,4953
2382,8569
2383,1
2383,3320
2383,4985
2383,5968
2383,7340
2383,7602
2383,8470
2383,11104
2383,12040
2383,12764
2383,14401
2383,16297
2383,16414
2383,17283
2383,18316
2383,18364
2383,18595
2383,21979
2383,23120
2386,16084
2386,20738
2386,23606
2387,229
2387,602
2387,845
2387,1229
2387,4316
2387,4403
2387,5717
2387,12233
2387,15584
2387,18569
2388,4841
2388,10972
2388,23952
2390,1688
2390,2832
2390,3288
2390,5940
2390,5984
2390,6164
2390,13996
2390,15693
2390,23141
2392,20493
2395,11372
2395,22841
2395,24114
2396,984
2396,5843
2396,6299
2396,8214
2396,10905
2396,15500
2396,18544
2397,1621
2397,3480
2397,8391
2397,9242
2397,9942
2397,11193
2397,13927
2397,17286
2397,17647
2397,20127
2397,20318
2397,21076
2397,21278
2398,10681
2398,20626
2398,22271
2399,434
2399,13737
2399,22271
2400,5341
2400,11037
2400,12509
2400,13737
2400,17206
2400,17874
2400,19258
2400,22271
2400,22272
2400,23553
2402,4028
2402,6689
2402,7990
2402,15899
2402,17028
2402,19788
2402,20378
2402,22089
2402,23868
2403,5127
2403,5176
2403,6362
2403,6484
2403,8775
2403,10341
2403,13169
2403,16809
2403,21230
2403,21333
2403,22839
2403,24319
2404,2531
2404,3127
2404,10167
2404,10361
2404,17662
2404,18069
2404,21224
2404,21351
2404,21481
2404,22777
2404,23232
2404,23234
2405,302
2405,4529
2405,14978
2405,15485
2407,5358
2407,12188
2407,21513
2407,22054
2410,2552
2410,7297
2410,22227
2410,23637
2411,812
2411,1809
2411,2620
2411,9056
2411,10054
2411,10118
2411,10663
2411,11653
2411,12762
2411,24230
2414,6703
2414,20120
2415,3107
2415,22202
2416,3049
2416,3836
2416,4396
2417,963
2417,24647
2418,4895
2418,19771
2419,13362
2419,24155
2424,118
2424,1247
2424,3736
2424,3782
2424,4287
2424,4817
2424,7829
2424,9510
2424,11445
2424,15542
2424,15594
2424,24078
2425,6489
2425,20176
2427,17635
2427,17790
2428,870
2428,6252
2428,8182
2428,12267
2428,18003
2429,1454
2429,3435
2429,4395
2429,7438
2429,8249
2429,10840
2429,12394
2429,17770
2429,20324
2429,24640
2430,6259
2431,1332
2431,1390
2431,4012
2431,5646
2431,6070
2431,6248
2431,6312
2431,7496
2431,8673
2431,10228
2431,10985
2431,12312
2431,13380
2431,14393
2431,14786
2431,16018
2431,16029
2432,4848
2432,9359
2432,15135
2432,23967
2433,4690
2433,13565
2433,22282
2433,23653
2434,19437
2434,20154
2434,24659
2435,6216
2435,20154
2435,24659
2436,6216
2436,20154
2436,24659
2437,882
2437,4176
2437,4357
2437,6650
2437,10650
2437,12230
2437,17202
2437,18567
2437,23292
2437,24353
2438,12222
2438,16975
2438,21596
2439,1225
2439,6288
2439,13624
2439,23808
2440,1016
2440,5914
2440,16036
2441,6942
2441,9497
2441,20867
2441,21098
2443,8986
2443,19248
2443,20487
2444,4100
2444,10670
2444,17720
2445,4793
2445,5019
2445,5095
2445,5253
2445,5373
2445,6296
2445,6306
2445,6307
2445,7459
2445,7819
2445,8511
2445,8519
2445,8616
2445,12080
2445,15422
2447,16582
2447,23218
2448,1854
2448,5056
2450,13291
2450,16290
2450,18880
2451,3352
2451,10231
2451,18521
2451,20518
2454,454
2454,16219
2454,24008
2455,6333
2455,21260
2456,18880
2456,22174
2456,22271
2457,5518
2457,6752
2458,5179
2458,12503
2458,20965
2462,47
2462,2298
2462,4377
2462,5331
2462,5945
2462,7800
2462,8257
2462,8414
2462,10108
2462,11231
2462,12454
2462,13245
2462,22548
2464,6305
2464,20395
2466,2973
2466,5346
2466,6961
2466,8110
2466,12894
2466,13018
2466,19746
2466,21728
2466,22607
2466,23860
2467,2231
2467,6183
2467,10660
2467,10899
2467,12504
2467,20165
2467,24639
2467,24768
2470,2241
2470,4303
2470,22023
2471,11088
2473,50
2473,1481
2473,5318
2473,5735
2473,7363
2473,9049
2473,15671
2473,18208
2473,23126
2473,23619
2475,3796
2475,18071
2475,23791
2476,1765
2476,19917
2476,23040
2477,725
2477,2800
2477,3304
2477,3680
2477,4230
2477,10446
2477,10938
2477,14154
2477,14510
2477,16697
2477,17950
2477,20996
2477,21393
2477,22485
2477,23211
2477,23529
2477,24419
2479,723
2479,1336
2479,4896
2479,8005
2479,8978
2479,9461
2479,10619
2479,11928
2479,16348
2479,16817
2479,18924
2481,184
2481,585
2481,792
2481,932
2481,1853
2481,2728
2481,2732
2481,3694
2481,5767
2481,6392
2481,14009
2481,15841
2481,17946
2481,19477
2481,19488
2481,21993
2481,22277
2481,23489
2484,5154
2484,5695
2485,10634
2485,21547
2486,5154
2486,5695
2487,3875
2487,5861
2487,21666
2489,10188
2489,12991
2489,21472
2489,22983
2490,918
2490,2283
2490,2388
2490,3947
2490,8648
2490,17259
2490,17598
2490,19977
2490,20327
2490,20429
2491,3050
2491,5121
2491,10586
2493,1887
2493,4805
2493,6353
2493,7302
2493,12701
2493,14941
2493,15625
2493,20574
2493,22530
2493,22836
2493,22952
2493,22960
2493,23449
2494,7047
2494,20995
2496,2508
2496,2905
2496,5157
2496,8170
2496,11869
2496,18758
2496,19621
2496,19756
2496,23957
2496,24365
2497,4574
2497,6441
2497,10450
2497,13384
2497,14323
2497,20972
2498,5327
2498,5900
2498,5927
2498,8426
2498,15528
2498,23141
2500,3289
2500,4548
2500,5761
2500,7313
2500,7360
2500,9075
2500,9411
2500,10293
2500,19590
2500,21308
2501,6215
2501,10200
2501,21077
2502,731
2502,2756
2502,3437
2502,3699
2502,3723
2502,4251
2502,4821
2502,5538
2502,7159
2502,7651
2502,10129
2502,11479
2502,13096
2502,13864
2502,17936
2502,19716
2502,20205
2503,2652
2503,2655
2503,2668
2503,4303
2503,15246
2503,16875
2503,19477
2503,21227
2503,23113
2505,2638
2505,4565
2505,23950
2506,804
2506,4468
2506,4551
2506,4785
2506,7403
2506,8046
2506,8385
2506,8488
2506,15592
2506,19835
2506,23880
2506,23929
2507,197
2507,3900
2507,7575
2507,7848
2507,10603
2507,11218
2507,11243
2507,11719
2507,11891
2507,14105
2507,16675
2507,18152
2507,20098
2507,20402
2507,20691
2507,23046
2507,23102
2507,23255
2511,221
2511,889
2511,1561
2511,6754
2511,7952
2511,8508
2511,8512
2511,14061
2511,15475
2511,18302
2513,21328
2514,14090
2514,18069
2514,18801
2516,2480
2516,4245
2516,4417
2516,5075
2516,5193
2516,5847
2516,6709
2516,10270
2516,13176
2516,13661
2516,14766
2516,17073
2516,20402
2516,21917
2516,22595
2516,23216
2516,24185
2517,1872
2517,3795
2517,7268
2517,9136
2517,11254
2517,11323
2517,11670
2517,12923
2517,13792
2517,15721
2517,16865
2517,18330
2517,19558
2517,19559
2517,19572
2517,20166
2517,21371
2517,23310
2518,9372
2518,13870
2518,17045
2518,22780
2518,23605
2519,4542
2519,6375
2519,6555
2519,10838
2519,10950
2519,12206
2519,16031
2519,16233
2519,21368
2519,23530
2520,1508
2520,6381
2520,8669
2520,9390
2521,2142
2521,9137
2521,17402
2522,2142
2522,5058
2522,9137
2522,17402
2522,17762
2523,6098
2523,7139
2523,12365
2523,19944
2525,11837
2527,8169
2527,22133
2528,24821
2528,13190
2528,17023
2529,1950
2529,3705
2529,6311
2529,6432
2529,7034
2529,7452
2529,8899
2529,9721
2529,10261
2529,10741
2529,18035
2529,18129
2529,18643
2529,22456
2529,22589
2529,23061
2530,3352
2530,8660
2530,9893
2530,11076
2530,12134
2530,12505
2530,14600
2530,20093
2530,21220
2530,23425
2531,6945
2531,16527
2531,23036
2533,1187
2533,5542
2533,10930
2533,20899
2533,24218
2534,11178
2534,13767
2535,3080
2535,7642
2535,8454
2535,9771
2535,13680
2535,21412
2535,22540
2535,23069
2535,23724
2535,23761
2536,10204
2536,17906
2536,21739
2538,10222
2538,16037
2539,134
2539,1286
2539,1568
2539,4342
2539,5570
2539,5863
2539,8005
2539,10291
2539,10357
2539,10440
2539,11001
2539,12396
2539,13413
2539,15534
2539,16630
2539,18679
2539,19878
2540,2400
2540,8899
2540,13087
2542,5470
2542,6641
2542,7231
2542,7985
2542,10516
2542,22220
2543,219
2543,3031
2543,3215
2543,4513
2543,6238
2543,7858
2543,15228
2543,20292
2543,20420
2543,22116
2543,22146
2543,22220
2545,1011
2545,4271
2545,8968
2545,9328
2545,10337
2545,10921
2545,11054
2545,19636
2545,21242
2545,24679
2546,20901
2546,23162
2547,1921
2547,4185
2547,6191
2547,8318
2547,8710
2547,13920
2547,15042
2547,16521
2547,21810
2547,22202
2550,1653
2550,5854
2550,9282
2550,12918
2550,13920
2550,15806
2551,803
2551,3319
2551,3534
2551,5443
2551,5873
2551,17492
2551,18479
2551,21676
2551,22374
2552,1977
2552,3936
2552,4367
2552,8569
2552,11005
2552,11931
2552,14323
2552,15833
2552,16251
2552,16500
2552,16588
2552,20418
2552,23195
2554,16710
2555,2034
2555,6058
2555,11962
2555,17809
2555,20538
2556,590
2556,8613
2556,14991
2559,4372
2559,8558
2559,12975
2559,13176
2559,17062
2559,22698
2560,2748
2560,3865
2560,7155
2560,9999
2560,11474
2560,11931
2560,13550
2560,15849
2560,18428
2560,20444
2560,20456
2560,23431
2560,23685
2561,5457
2561,11921
2561,12367
2562,6617
2562,12900
2562,20487
2563,19874
2564,11762
2565,1819
2565,13523
2565,13565
2565,21480
2566,290
2566,860
2566,2662
2566,3562
2566,3814
2566,4623
2566,5548
2566,6053
2566,7346
2566,7553
2566,7575
2566,8981
2566,9803
2566,9857
2566,10921
2566,12641
2566,15124
2566,15186
2570,8214
2570,10317
2570,17673
2572,1846
2572,6428
2572,7713
2572,10136
2572,10829
2572,10819
2572,12685
2572,13192
2572,15708
2572,17507
2574,6703
2574,18523
2575,1154
2575,16588
2575,19197
2578,1858
2578,2079
2578,5513
2578,7570
2578,9032
2578,9289
2578,17131
2578,19294
2578,22539
2578,24475
2579,1674
2579,5756
2579,9826
2579,11487
2579,13630
2579,18215
2579,19299
2579,19720
2579,20524
2579,22817
2579,23698
2579,23910
2580,13593
2580,16550
2580,18054
2580,24792
2581,7296
2582,5861
2582,6793
2582,7611
2583,12422
2583,20187
2583,20268
2585,4417
2587,8086
2587,12453
2588,5805
2588,7651
2588,19849
2589,736
2589,3453
2589,5006
2589,12501
2589,23692
2590,1141
2590,8632
2590,9552
2590,12439
2590,12475
2590,13573
2590,13763
2590,16184
2590,17215
2590,17559
2590,24217
2590,24653
2590,24754
2592,3356
2592,4574
2592,9446
2592,9724
2592,10424
2592,10684
2592,10760
2592,11473
2592,13737
2592,14035
2592,15550
2592,15643
2592,16163
2592,17837
2592,18089
2592,20369
2592,22588
2593,865
2593,943
2593,3205
2593,5785
2593,6998
2593,8465
2593,9494
2593,9686
2593,11467
2593,12983
2593,14026
2593,14349
2593,15276
2593,16230
2593,16313
2593,16953
2593,18992
2593,19018
2594,10781
2596,6709
2597,2782
2597,5524
2597,6685
2597,20119
2597,22820
2597,24639
2598,19949
2599,8470
2599,12024
2599,12673
2601,6397
2601,15037
2601,20917
2601,21089
2602,4042
2602,6107
2602,8012
2602,10990
2602,13411
2602,20867
2603,915
2603,12647
2603,20652
2604,1385
2604,6441
2604,8072
2604,10979
2604,12075
2604,12674
2604,14142
2604,14451
2604,16482
2604,16764
2604,23044
2604,23471
2604,23555
2604,23685
2604,23842
2604,23950
2605,6490
2605,22653
2607,1032
2607,10623
2607,20176
2608,10376
2608,12625
2608,24582
2609,13411
2611,6247
2611,7807
2611,17234
2612,2924
2612,16215
2613,463
2613,1814
2613,2106
2613,3891
2613,5260
2613,5610
2613,6236
2613,11462
2613,12895
2613,13017
2613,15098
2613,17925
2613,18572
2613,19066
2613,19885
2613,21885
2613,22116
2613,23406
2614,5388
2614,17635
2614,19488
2615,10656
2615,17402
2615,23039
2617,5229
2617,13815
2617,18333
2618,2790
2618,6709
2618,10450
2620,5571
2620,7842
2620,8257
2620,8583
2620,8758
2620,9080
2620,10107
2620,10527
2620,11504
2620,13379
2620,13715
2620,14755
2620,15557
2620,18588
2620,22201
2620,23148
2620,23514
2621,2202
2621,2436
2621,5569
2621,8854
2621,9013
2621,9337
2621,12568
2621,14649
2621,17399
2621,22390
2621,22225
2621,22978
2621,23679
2624,12900
2624,14279
2624,18441
2626,31
2626,14350
2626,17498
2626,20289
2626,20914
2626,22264
2626,24371
2627,18574
2628,1644
2628,10231
2628,10684
2628,18445
2628,20414
2628,23078
2629,3470
2629,3702
2629,20688
2630,1078
2630,18037
2630,24264
2632,1595
2632,5199
2632,9372
2632,16086
2632,19020
2632,19799
2632,21191
2632,21972
2632,23680
2632,24522
2633,13596
2633,22564
2633,23111
2634,4999
2634,7445
2634,9629
2634,9794
2634,10432
2634,10684
2634,12391
2634,12618
2634,14231
2634,16689
2634,22752
2634,24569
2635,2818
2635,3273
2635,4546
2635,5723
2635,9042
2635,9446
2635,10002
2635,10323
2635,10985
2635,11117
2635,11268
2635,11523
2635,14918
2635,21996
2635,22083
2635,23639
2636,12543
2636,14053
2636,20613
2637,2769
2637,5524
2638,9453
2638,14848
2638,16993
2638,24480
2639,17958
2639,18523
2639,24764
2640,1075
2640,4172
2640,5650
2640,8011
2640,8633
2640,10719
2640,12819
2640,15969
2640,19287
2640,21110
2640,22551
2640,23397
2640,24218
2640,24644
2645,841
2645,3909
2645,6028
2645,9446
2645,10720
2645,11033
2645,12948
2645,13792
2645,13887
2645,13904
2645,14591
2645,15251
2645,15451
2645,15779
2647,2174
2647,21339
2648,16974
2648,20166
2648,24646
2649,9493
2649,18831
2651,654
2651,3667
2651,9461
2652,10867
2652,11324
2652,14142
2652,19478
2652,20119
2653,6177
2653,7344
2653,7541
2654,455
2654,2710
2654,4894
2654,5524
2654,6156
2654,7571
2654,7838
2654,11419
2654,12132
2654,12794
2654,14001
2654,14969
2654,16669
2654,16771
2654,18017
2654,20521
2654,21018
2654,21560
2656,302
2656,17154
2657,2789
2657,5503
2657,6564
2657,8447
2657,9111
2657,10972
2657,12214
2657,13062
2657,15029
2657,15192
2657,18339
2657,20892
2658,2390
2658,4201
2658,4252
2658,5638
2658,5742
2658,8665
2658,10664
2658,10701
2658,12166
2658,16814
2658,18404
2658,18545
2658,18812
2658,19716
2658,21554
2658,22133
2658,22190
2659,3360
2659,14355
2659,15266
2660,11070
2660,12665
2660,24762
2661,1494
2661,2472
2661,5272
2661,7862
2661,9159
2661,10038
2661,10298
2661,14216
2661,15833
2661,23300
2661,23306
2662,2638
2662,6576
2662,6824
2663,4841
2663,12448
2663,23351
2665,4038
2665,15710
2668,6703
2670,12148
2670,24518
2672,16974
2672,20493
2672,21666
2673,5071
2673,10930
2673,14781
2675,6715
2675,8578
2675,11876
2675,13153
2675,13446
2675,15315
2675,15850
2675,17227
2675,17985
2675,19916
2675,20095
2675,21373
2675,21813
2675,23190
2675,23309
2676,18767
2678,811
2678,2204
2678,3926
2678,7031
2678,10647
2678,13382
2678,19768
2678,19769
2678,21981
2678,21982
2678,22870
2679,414
2679,884
2679,4281
2679,5110
2679,10029
2679,13157
2679,13304
2679,13320
2679,13356
2679,13531
2679,17623
2679,17634
2679,18011
2679,20051
2679,24533
2679,24591
2681,606
2681,8231
2681,9955
2681,13670
2681,14733
2681,18631
2681,19944
2681,22433
2681,22802
2681,23019
2683,14556
2683,18470
2686,2029
2686,17635
2686,23921
2688,1034
2688,7264
2688,18994
2689,6570
2689,11571
2689,14646
2689,15302
2689,16138
2691,2571
2691,11189
2691,13751
2692,2884
2692,10701
2692,12448
2692,23996
2693,8024
2695,481
2695,5494
2695,6958
2695,7287
2695,13858
2695,13927
2695,18900
2695,20127
2695,21079
2695,23433
2696,17693
2697,7170
2697,11357
2697,21261
2699,3228
2699,8593
2700,2540
2700,3509
2700,7345
2700,7851
2700,10088
2700,10162
2700,12669
2700,14819
2700,22963
2700,22964
2701,9498
2701,22764
2702,446
2702,6647
2702,8452
2702,18809
2702,22225
2702,23070
2705,7665
2705,9507
2705,18940
2705,23968
2707,5533
2707,16482
2707,19682
2708,2854
2708,7168
2708,23285
2710,1177
2710,4606
2710,5474
2710,6463
2710,13426
2710,18808
2710,19438
2710,21622
2710,23464
2710,24168
2711,11539
2711,24271
2712,5229
2712,7268
2712,8780
2712,23340
2713,1004
2713,1621
2713,4529
2713,5669
2713,8332
2713,9122
2714,3437
2714,10625
2714,18899
2715,203
2715,2287
2715,10080
2715,20120
2716,5681
2716,12862
2717,3964
2717,5469
2717,6045
2717,7106
2717,7203
2717,7999
2717,8071
2717,8462
2717,8767
2717,9683
2717,10242
2717,12182
2717,15057
2717,15561
2717,17255
2717,17677
2717,18254
2718,7089
2718,14661
2718,14993
2718,16386
2718,22121
2719,3999
2719,4299
2719,5399
2719,7816
2719,14788
2719,15003
2719,15347
2719,16571
2719,19099
2719,24288
2722,44
2722,4092
2722,8797
2722,11176
2722,11950
2722,12537
2722,13984
2722,16177
2722,23251
2722,23270
2723,15433
2724,264
2724,382
2724,3026
2724,5721
2724,12104
2724,12992
2724,14728
2724,15873
2724,19702
2724,20254
2724,23139
2724,23277
2726,7316
2726,8861
2726,17528
2728,522
2728,1026
2728,17538
2728,21042
2728,24734
2729,525
2729,6855
2729,10342
2729,23197
2732,2605
2732,18704
2732,18998
2733,8688
2733,10990
2733,24238
2735,569
2735,1437
2735,17540
2735,24475
2737,621
2737,6915
2738,16458
2740,10734
2741,3001
2741,6773
2741,24217
2744,64
2744,3733
2744,4688
2744,6626
2744,16216
2745,3936
2745,4841
2745,8384
2746,13623
2746,18521
2746,22481
2747,1701
2747,3892
2747,9495
2747,11460
2748,1698
2748,4095
2748,9828
2748,14132
2749,1271
2749,11459
2749,12563
2749,14862
2750,17635
2751,19006
2751,22535
2752,4620
2752,8393
2752,10789
2752,10870
2752,11678
2752,12188
2752,15977
2752,17394
2752,20235
2752,20919
2756,3913
2756,19979
2757,13468
2757,16863
2758,846
2758,11492
2758,16163
2758,21547
2759,1865
2759,3934
2759,5105
2759,6768
2759,8214
2759,8521
2759,12113
2759,15622
2759,15624
2759,18635
2759,18920
2759,21031
2760,2297
2760,4110
2760,5613
2760,6455
2760,6458
2760,6587
2760,6589
2760,7005
2760,7871
2760,10724
2760,12919
2760,15649
2760,16888
2760,17167
2760,21214
2760,22202
2760,23668
2761,1873
2761,3366
2761,10472
2761,14992
2761,18084
2761,18137
2761,24455
2762,21074
2763,6837
2763,9404
2765,368
2765,1074
2765,1547
2765,1914
2765,2847
2765,3612
2765,4319
2765,4445
2765,6778
2765,8348
2765,11861
2765,12198
2765,14378
2765,16607
2765,17211
2765,17505
2765,20612
2765,22732
2768,4906
2768,7431
2768,9854
2768,16096
2768,16097
2768,16227
2768,21730
2768,22648
2768,23386
2768,23480
2769,6124
2769,11756
2769,19127
2771,5358
2771,5975
2771,11242
2772,98
2772,544
2772,801
2772,5106
2772,6761
2772,7808
2772,8373
2772,8546
2772,8547
2772,19897
2775,225
2775,1540
2775,3821
2775,6266
2775,11197
2775,11756
2775,16070
2775,16302
2775,19655
2775,19866
2775,22148
2775,24306
2776,1154
2776,10375
2776,22481
2777,258
2777,1881
2777,2826
2777,3224
2777,10550
2777,13213
2777,14935
2777,18330
2777,20085
2777,20459
2779,1164
2779,1328
2779,4584
2779,5779
2779,5780
2779,6105
2779,11729
2779,13839
2779,13920
2779,14738
2779,16038
2779,18322
2779,24832
2779,21074
2779,21318
2779,21585
2779,24808
2781,9273
2781,12326
2781,15640
2781,17527
2781,19575
2782,4031
2782,10025
2782,14832
2783,1104
2783,1644
2783,10222
2783,16834
2784,102
2784,2098
2784,8948
2784,9124
2785,10421
2785,10449
2785,10546
2785,13232
2785,13865
2785,14598
2785,14749
2785,15028
2785,16231
2785,18285
2785,19347
2785,21351
2785,21472
2785,21481
2785,21659
2785,24159
2786,662
2786,3437
2786,8198
2786,20213
2787,223
2787,545
2787,816
2787,2496
2787,3408
2787,3859
2787,11055
2787,12416
2787,14209
2787,18624
2788,5388
2788,19881
2788,20935
2790,4600
2790,11587
2790,17861
2791,9817
2791,10222
2791,17523
2791,21089
2792,6684
2792,12131
2792,12365
2793,80
2793,1973
2793,6599
2793,9880
2793,10261
2793,12161
2793,16667
2793,24837
2793,21830
2793,22759
2794,183
2794,7850
2794,8735
2794,10038
2794,11191
2794,11490
2794,13022
2794,14143
2794,19110
2794,21846
2795,6561
2795,12991
2796,233
2796,3521
2796,5690
2796,7860
2796,7933
2796,9197
2796,9283
2796,9316
2796,14857
2796,17156
2796,20858
2796,22490
2797,11006
2798,3956
2798,10342
2798,12439
2798,23406
2800,2382
2800,6244
2800,7365
2800,8734
2800,10944
2800,11147
2800,11627
2800,15687
2800,18070
2800,19593
2800,21580
2800,23048
2802,5155
2802,17781
2802,18466
2802,18963
2803,1190
2803,11662
2803,14816
2803,16677
2803,17829
2803,23637
2804,272
2804,11081
2804,11120
2804,13409
2804,13414
2805,1181
2805,2638
2805,9999
2805,19488
2807,1058
2807,2790
2807,4894
2807,12188
2808,8079
2808,10984
2808,12771
2809,18503
2810,13736
2810,17931
2811,4469
2811,7218
2811,21297
2811,22791
2812,1004
2812,1637
2812,5062
2812,10401
2812,15530
2812,17734
2812,21109
2813,6365
2813,6696
2813,11070
2813,11772
2813,21759
2814,28
2814,704
2814,5692
2814,7355
2814,8259
2814,14444
2814,17835
2814,17951
2814,18373
2814,24448
2815,506
2815,12448
2816,8887
2816,23718
2819,21678
2821,3208
2821,10342
2821,11182
2821,21098
2822,196
2822,214
2822,5444
2822,5465
2822,5949
2822,8752
2822,9579
2822,10833
2822,15808
2822,15931
2822,17773
2822,18586
2822,19643
2822,22213
2823,1727
2823,5510
2823,6894
2823,10008
2823,12998
2823,20554
2824,1
2824,1187
2824,2039
2824,22564
2824,23954
2825,201
2825,2484
2825,5017
2825,6029
2825,10463
2825,10721
2825,11245
2825,13333
2825,14740
2825,18103
2825,20627
2825,22817
2825,23651
2825,23828
2825,24525
2826,1023
2826,1850
2826,2318
2826,3741
2826,5004
2826,6029
2826,7601
2826,9432
2826,9714
2826,9826
2826,10336
2826,10463
2826,10722
2826,10758
2826,14740
2826,16168
2826,21240
2826,22733
2826,22590
2828,8999
2829,1222
2829,2662
2829,3128
2829,3755
2829,4790
2829,12188
2831,9583
2831,22435
2833,863
2833,2146
2833,2417
2833,2876
2833,5926
2833,17395
2833,18837
2833,18992
2833,20142
2833,20218
2833,20839
2834,11324
2834,12991
2834,23351
2835,1535
2835,2472
2835,3319
2835,6475
2835,8343
2835,8537
2835,8933
2835,13634
2835,13792
2835,14113
2835,14425
2835,19973
2835,20844
2837,636
2837,3197
2837,9136
2837,11323
2837,12594
2837,15062
2837,18619
2837,19147
2837,20328
2837,21809
2837,24009
2839,9023
2839,11151
2839,19679
2839,20063
2840,275
2840,884
2840,2247
2840,4072
2840,4103
2840,4201
2840,4515
2840,7571
2840,7629
2840,13103
2840,15839
2840,17702
2840,18424
2840,22117
2840,23103
2841,1918
2841,13879
2842,1252
2842,4476
2842,5308
2842,5467
2842,7124
2842,9863
2842,12912
2842,16817
2842,21547
2843,10126
2843,16988
2843,21267
2843,23524
2844,2930
2844,5329
2844,6094
2844,8742
2844,10448
2844,12690
2844,11879
2844,11910
2844,16541
2844,17050
2844,17729
2844,18314
2844,24832
2844,19247
2845,895
2845,9071
2845,9266
2845,9659
2845,10583
2845,12292
2845,16281
2845,19279
2845,19573
2845,21039
2847,14098
2847,17402
2847,22271
2848,421
2848,1771
2848,8120
2848,13695
2848,15153
2848,16463
2848,16464
2848,17443
2848,24633
2848,24590
2849,12503
2849,19248
2850,7912
2850,13539
2850,17958
2852,4718
2852,23406
2852,23794
2857,3897
2857,4391
2857,5070
2857,5375
2857,7159
2857,9400
2857,9703
2857,13491
2857,14508
2857,16974
2857,20858
2857,23839
2857,23960
2859,1030
2859,1545
2859,4896
2859,6023
2859,9563
2859,10106
2859,10245
2859,10948
2859,12616
2859,13077
2859,14917
2859,15575
2859,16687
2859,18571
2859,20464
2859,21314
2865,3536
2865,3730
2865,6757
2865,7108
2865,9743
2865,10198
2865,10701
2865,18998
2865,19587
2865,19896
2865,20334
2865,21059
2867,2953
2867,20689
2867,23645
2867,24768
2868,4023
2868,10730
2868,11746
2869,7866
2869,8495
2869,9467
2869,9675
2869,11273
2869,12049
2869,14473
2869,15183
2869,19336
2869,20096
2870,7586
2870,12259
2871,12947
2871,20165
2871,20899
2872,233
2872,4202
2872,11779
2872,12721
2872,14112
2872,14178
2872,16322
2872,19559
2872,19586
2872,19944
2872,20651
2872,20962
2872,21103
2872,21479
2872,21555
2872,21703
2872,23199
2872,24698
2876,3273
2876,10247
2876,24193
2877,1062
2877,1244
2877,1563
2877,5324
2877,5557
2877,7857
2877,17990
2877,20202
2877,20801
2877,22803
2878,3083
2878,6927
2878,7539
2883,1353
2883,8885
2883,9310
2884,6977
2884,10516
2884,11220
2884,14827
2884,21670
2885,1577
2885,2099
2885,2724
2885,12798
2885,13553
2885,14273
2885,18481
2885,19569
2885,21158
2885,22445
2886,5751
2886,12505
2886,18523
2890,884
2890,6390
2890,18545
2890,21978
2894,1832
2894,7976
2894,17965
2895,4406
2895,6128
2895,15234
2895,20341
2895,20964
2896,1283
2896,10472
2896,11626
2896,12945
2896,13138
2896,16592
2896,18129
2896,18968
2896,20142
2896,21912
2896,21973
2896,23623
2896,23848
2897,2418
2897,22045
2897,23001
2898,5190
2898,22345
2899,2605
2899,2616
2899,4469
2899,11562
2899,21766
2900,22133
2908,2482
2908,3867
2908,4788
2908,7238
2908,10439
2908,15254
2908,16038
2908,20065
2908,22904
2908,24218
2909,2570
2909,10619
2909,13737
2910,60
2910,139
2910,3499
2910,4379
2910,4383
2910,5788
2910,6170
2910,8339
2910,8684
2910,9227
2910,15441
2910,17197
2910,18632
2910,18762
2910,19314
2910,19343
2910,19371
2910,19592
2911,3208
2911,9124
2911,13370
2914,1576
2914,3376
2914,8087
2914,8536
2914,11172
2914,16502
2915,3350
2915,6223
2915,20598
2917,1524
2917,2302
2917,3283
2917,6626
2917,8974
2917,10350
2917,10906
2917,11347
2917,11772
2917,12639
2917,13137
2917,14518
2917,15165
2917,17409
2917,19960
2917,22557
2917,24639
2918,44
2918,475
2918,2458
2918,9278
2918,9562
2918,11080
2918,13548
2918,19226
2919,2142
2919,7651
2922,1088
2922,3697
2922,4178
2922,4872
2922,7312
2922,7842
2922,9278
2922,11346
2922,11670
2922,12068
2922,13779
2922,14402
2922,14910
2922,14985
2922,16001
2922,16853
2922,16982
2922,17745
2922,22439
2923,15371
2923,23824
2925,333
2925,1071
2925,4768
2925,4769
2925,9966
2925,10805
2925,10815
2925,10849
2925,9976
2925,14133
2925,15652
2925,23962
2925,24605
2927,8613
2927,16117
2927,19615
2928,8899
2928,9206
2928,21760
2929,14489
2929,15732
2929,16166
2930,10748
2930,17253
2931,11840
2931,21562
2931,21942
2931,24338
2933,763
2933,2118
2933,2426
2933,3409
2933,5801
2933,6469
2933,8430
2933,10853
2933,11505
2933,11648
2933,11649
2933,12301
2933,16810
2933,20327
2933,20515
2933,22215
2933,22263
2933,24327
2934,8430
2935,13056
2935,16241
2935,21098
2935,22911
2936,17635
2936,21328
2937,4396
2937,19907
2937,21116
2937,23329
2938,2304
2938,2981
2938,3094
2938,3706
2938,5735
2938,7023
2938,7527
2938,8139
2938,9049
2938,13941
2938,14053
2938,22538
2938,22913
2938,23921
2939,2722
2939,3513
2939,8076
2939,8437
2939,9828
2939,10826
2939,14840
2939,15402
2939,22561
2939,24606
2940,8812
2940,9656
2940,12182
2940,12661
2940,13234
2940,14984
2940,19248
2940,20767
2940,21994
2940,22422
2941,2535
2941,13262
2941,16452
2942,966
2942,3319
2942,3498
2942,7350
2942,7686
2942,9251
2942,11255
2942,12336
2942,12824
2942,12974
2942,16213
2942,19090
2942,21493
2942,21552
2942,22406
2942,22818
2944,2081
2944,5416
2944,12558
2945,9860
2945,15297
2948,5308
2948,10712
2948,13722
2950,10371
2950,22297
2951,920
2951,3795
2951,4894
2951,5308
2951,6715
2951,7663
2951,13023
2952,920
2952,3612
2952,3795
2952,5308
2952,5892
2952,6178
2952,6715
2952,7663
2952,11251
2952,11860
2952,12365
2952,12794
2952,13023
2952,13426
2952,24832
2952,21987
2952,23920
2952,24326
2953,4367
2953,8996
2953,9750
2953,11182
2953,16680
2954,10440
2954,12972
2954,16640
2954,17150
2954,23234
2955,4367
2955,9750
2955,11182
2955,16680
2956,1432
2956,2051
2956,2859
2956,3352
2956,4111
2956,6141
2956,7546
2956,8288
2956,8629
2956,10725
2956,12373
2956,14797
2956,16041
2956,16837
2956,17943
2956,18789
2956,18890
2956,19109
2956,20363
2957,2846
2957,8398
2957,16588
2958,6139
2958,6147
2958,12505
2959,1845
2959,6364
2959,9194
2959,10801
2959,18041
2959,19756
2959,23921
2959,23970
2959,24432
2960,3702
2960,12609
2960,16275
2960,16865
2960,23340
2961,1155
2961,1428
2961,9135
2961,9994
2961,10655
2967,244
2967,1601
2967,5035
2967,5293
2967,8363
2967,8842
2967,10204
2967,11691
2967,12947
2967,14235
2967,18868
2967,21896
2967,22980
2967,23276
2967,24642
2972,927
2972,4605
2972,5919
2972,8842
2972,10639
2972,11105
2972,14388
2972,14813
2972,16717
2972,19967
2972,20668
2972,21022
2972,22573
2972,22771
2973,6617
2973,18899
2973,23944
2974,1648
2974,10452
2975,3935
2975,8773
2976,16982
2976,18899
2976,23944
2977,6617
2977,16982
2977,18899
2977,23944
2978,164
2978,1065
2978,1884
2978,2331
2978,2728
2978,4821
2978,4947
2978,5397
2978,5862
2978,6617
2978,6707
2978,6839
2978,6910
2978,9278
2978,9287
2978,9633
2978,10386
2978,10683
2978,11500
2978,11839
2981,2879
2981,6617
2981,15269
2982,13308
2982,13830
2982,15892
2982,18492
2983,1273
2983,20552
2985,2821
2985,10131
2985,16196
2986,2227
2986,3860
2986,7494
2986,8090
2986,10695
2986,13489
2986,16385
2986,17890
2986,18477
2986,22183
2987,5246
2987,5257
2987,5545
2987,5800
2987,6117
2987,8383
2987,9382
2987,12498
2987,12783
2987,13943
2987,16068
2987,16718
2987,17067
2987,18321
2987,20862
2987,23666
2990,1600
2990,2837
2990,4655
2990,6685
2990,8649
2990,9156
2990,9963
2990,11205
2990,12597
2990,13070
2990,16022
2990,18574
2990,19852
2990,20196
2990,20674
2990,22911
2990,23988
2990,24660
2993,3279
2994,802
2994,1787
2994,4558
2994,4617
2994,6030
2994,5986
2994,8029
2994,9715
2994,11742
2994,12466
2994,13428
2994,14375
2994,14478
2994,16548
2994,18792
2994,18875
2994,20309
2996,7051
2996,16957
2998,497
2998,536
2998,1232
2998,3731
2998,6340
2998,7087
2998,7584
2998,7828
2998,8688
2998,9174
2998,9800
2998,11446
2998,11447
2998,12314
2998,11473
2998,12084
2998,15137
2998,15422
2999,2867
2999,4052
2999,6035
2999,12037
2999,15637
2999,16482
2999,16968
2999,18945
2999,21569
2999,24121
3000,1792
3000,1926
3000,2832
3000,3068
3000,4549
3000,7969
3000,8430
3000,14141
3000,22480
3000,23030
3002,1834
3002,1849
3002,7900
3002,8385
3002,9031
3002,9873
3002,11634
3002,21773
3004,10874
3004,14427
3004,18653
3007,2162
3007,2677
3007,4081
3007,5602
3007,5939
3007,6274
3007,7169
3007,7205
3007,8071
3007,8558
3007,12077
3007,12446
3007,13395
3007,13505
3007,16268
3007,16379
3007,18194
3008,2162
3008,2677
3008,4081
3008,5602
3008,7008
3008,7205
3008,8071
3008,8558
3008,11066
3008,12446
3008,13505
3008,15756
3008,16268
3008,18444
3008,19599
3008,20724
3009,2162
3009,2677
3009,4283
3009,6587
3009,7205
3009,8558
3009,13505
3009,16268
3009,16460
3009,16840
3009,18444
3009,20724
3009,20790
3011,17708
3011,22202
3011,22233
3012,11267
3013,2413
3013,12357
3013,13714
3013,17791
3014,681
3014,17402
3014,19503
3015,229
3015,1423
3015,11197
3015,11544
3015,12184
3015,15108
3015,15237
3015,18799
3015,19661
3015,21903
3016,16939
3017,8506
3017,16553
3017,18492
3018,635
3018,7185
3018,9390
3018,11563
3018,11783
3018,14645
3018,16171
3018,20144
3018,20919
3018,22195
3019,5165
3019,6352
3019,6863
3019,7793
3019,8058
3019,8216
3019,17556
3019,18642
3019,19359
3019,24075
3023,10188
3023,11562
3023,23351
3024,1168
3024,13361
3025,1872
3025,19062
3025,19741
3026,6152
3026,23996
3027,1780
3027,3019
3027,3081
3027,3774
3027,4898
3027,5473
3027,5660
3027,5925
3027,7909
3027,8164
3027,8575
3027,10022
3027,11090
3027,11115
3027,11266
3027,11670
3027,12974
3027,13124
3030,1767
3030,19449
3033,5097
3033,6379
3033,7157
3033,8480
3033,8857
3033,8860
3033,11882
3033,15158
3033,15477
3033,16079
3034,6576
3034,11377
3035,2283
3035,3624
3035,7927
3035,9112
3035,9894
3035,14545
3035,16655
3035,21634
3037,2883
3037,3875
3037,13389
3038,1860
3038,6270
3038,6468
3043,1994
3043,3179
3043,3610
3043,5232
3043,6642
3043,7096
3043,7363
3043,7741
3043,10449
3043,10988
3043,13539
3043,15043
3043,15485
3043,16333
3043,16960
3043,20071
3043,23645
3043,23878
3044,310
3044,1368
3044,7886
3044,8079
3044,10525
3044,12783
3044,15886
3044,17073
3045,5232
3045,10449
3047,4070
3047,15005
3047,22900
3050,1934
3050,2710
3050,4309
3050,6617
3050,6905
3050,7894
3050,9061
3050,10038
3050,12197
3050,13552
3050,14200
3050,14279
3050,17310
3050,17971
3050,18410
3050,18906
3050,21149
3050,22203
3050,22226
3052,4229
3052,8935
3052,9377
3052,9632
3052,9777
3052,19698
3052,19820
3052,24406
3052,24490
3053,3183
3053,4454
3053,6787
3053,7155
3053,8575
3053,10969
3053,14820
3053,18230
3056,1730
3056,7930
3056,8863
3056,9814
3056,10298
3056,10440
3056,12543
3056,13330
3056,14210
3056,19141
3056,22207
3056,23271
3056,23794
3057,3268
3057,5538
3057,12490
3057,14315
3057,15659
3057,16245
3057,19424
3057,20714
3057,22133
3057,23132
3060,6107
3062,832
3062,6223
3063,6
3063,832
3063,23451
3064,16015
3064,20709
3065,2009
3065,7229
3065,17924
3066,525
3066,22268
3067,2026
3067,2222
3067,2549
3067,4855
3067,6374
3067,8384
3067,10331
3067,13383
3067,16002
3067,19215
3067,22574
3067,23448
3068,38
3068,730
3068,1135
3068,2710
3068,5067
3068,5638
3068,8690
3068,12794
3068,13961
3068,14972
3068,16001
3068,19248
3068,19557
3068,19681
3068,22130
3068,23894
3069,690
3069,789
3069,1325
3069,3591
3069,3792
3069,4611
3069,6471
3069,7189
3069,11897
3069,13321
3069,14774
3069,15209
3069,15662
3069,18541
3069,20735
3069,20954
3069,21289
3069,21888
3070,19069
3070,23944
3071,11849
3071,21528
3072,3390
3072,16219
3072,16290
3073,10454
3073,14244
3073,16222
3074,503
3074,7048
3077,20093
3077,21302
3079,503
3079,706
3079,7048
3080,11860
3080,12514
3080,12991
3081,3178
3081,4409
3081,11986
3081,13241
3081,15421
3081,15442
3081,18573
3081,20029
3081,20692
3081,24357
3083,7912
3083,8595
3083,10252
3083,11712
3083,11782
3083,14534
3083,14851
3083,17339
3083,19444
3083,19879
3083,23514
3083,24264
3084,11773
3084,24035
3085,1246
3085,7853
3085,8911
3085,10856
3085,12376
3085,13020
3085,15723
3085,17675
3085,18723
3085,20512
3085,21044
3085,23292
3085,23794
3086,4011
3086,5792
3086,9686
3086,9711
3086,10147
3086,11460
3086,11825
3086,12255
3086,15638
3086,19227
3086,19958
3086,21742
3086,23190
3086,23919
3087,20342
3087,22439
3090,992
3090,1020
3090,2656
3090,5284
3090,5958
3090,6891
3090,9699
3090,12280
3090,15411
3090,17614
3091,4840
3091,6541
3091,8127
3091,8896
3091,10474
3091,11911
3091,12019
3091,14122
3091,16426
3091,18180
3091,18891
3091,21829
3091,24175
3092,3611
3092,5828
3092,6636
3092,8145
3092,12856
3092,16905
3092,20161
3092,21238
3092,22688
3092,22762
3094,7344
3094,17924
3094,21120
3097,3193
3097,3437
3097,12188
3098,9124
3098,24008
3099,12799
3099,15375
3099,16087
3099,16999
3099,17270
3099,21678
3099,21681
3099,22529
3099,22639
3099,22641
3099,23481
3099,24570
3101,841
3101,4806
3101,6647
3101,7653
3101,8281
3101,10852
3101,11749
3101,11771
3101,14526
3101,15415
3101,18517
3101,18735
3101,19845
3101,21279
3101,22844
3101,23233
3101,23242
3102,1503
3102,5655
3102,11165
3102,14199
3102,18056
3102,20721
3102,20960
3102,21248
3102,21629
3102,23674
3103,13087
3103,15439
3103,16771
3104,9067
3104,17987
3104,21579
3104,21591
3104,22899
3105,3446
3105,6011
3105,8490
3105,9206
3105,15280
3105,16450
3105,21610
3105,23634
3105,23648
3105,24257
3107,2543
3107,12587
3107,16091
3107,17621
3107,20821
3107,21029
3107,21366
3107,21733
3108,2258
3108,3325
3108,4582
3108,4688
3108,4722
3108,4999
3108,5029
3108,7519
3108,10632
3108,11892
3108,13835
3108,15023
3108,18428
3108,18595
3108,18743
3108,19012
3108,19184
3108,20687
3109,944
3109,4933
3109,6836
3109,7110
3109,10572
3109,10832
3109,11275
3109,11378
3109,12793
3109,13130
3109,13554
3109,17460
3109,23522
3109,24409
3110,12483
3110,17527
3110,18099
3110,18391
3110,19944
3110,21075
3110,22500
3112,1058
3112,2836
3112,4004
3112,6860
3112,7520
3112,8020
3112,8286
3112,13752
3112,13775
3112,15288
3112,16737
3112,16805
3112,19187
3112,20426
3112,21189
3112,23770
3112,23904
3113,8899
3113,19302
3113,24264
3114,9622
3114,13118
3114,23507
3115,9303
3115,9466
3115,13493
3115,17464
3115,18564
3115,19230
3115,20606
3115,21153
3115,21161
3115,22537
3115,22961
3116,13088
3116,13525
3118,4474
3118,4653
3118,5434
3118,5651
3118,5792
3118,10161
3118,10401
3118,15277
3118,16413
3118,18226
3118,20907
3118,21139
3118,23619
3118,23726
3120,4148
3120,4529
3120,9622
3120,11315
3120,13792
3120,23507
3122,1979
3122,3241
3122,3996
3122,4721
3122,4884
3122,5143
3122,7179
3122,8298
3122,8975
3122,9923
3122,11335
3122,12775
3122,13184
3122,13567
3122,16802
3122,17319
3122,18657
3123,1815
3123,3219
3123,5994
3123,8263
3123,11124
3123,13333
3123,13339
3123,16410
3123,24071
3123,24132
3123,24720
3124,1252
3124,10395
3124,14440
3125,5873
3125,6281
3125,20527
3125,22945
3127,176
3127,230
3127,2403
3127,2542
3127,4881
3127,5234
3127,6644
3127,6707
3127,9463
3127,10174
3127,10408
3127,12166
3127,13024
3127,16439
3127,17150
3127,17265
3127,18261
3127,19786
3127,21327
3128,136
3128,2477
3128,11151
3128,20716
3129,52
3129,24779
3134,8773
3134,14098
3135,1612
3135,2532
3135,4199
3135,5472
3135,6305
3135,7069
3135,7076
3135,10128
3135,10396
3135,13513
3135,13523
3135,15233
3135,17033
3135,18152
3135,22269
3135,23647
3137,6095
3137,16672
3138,2553
3138,5424
3138,6848
3138,7718
3138,8386
3138,8944
3138,17128
3138,17793
3138,19635
3138,20787
3138,24687
3139,14248
3139,19831
3140,915
3140,15575
3140,23154
3141,3437
3141,6152
3141,17557
3142,6147
3142,8617
3142,17215
3144,11492
3144,19127
3144,21297
3145,3602
3145,15220
3146,1005
3146,1627
3146,2630
3146,2676
3146,3029
3146,4560
3146,5070
3146,5546
3146,5583
3146,7258
3146,11748
3146,12975
3146,16142
3146,17608
3149,204
3149,5256
3149,6632
3149,6673
3149,6764
3149,7350
3149,11568
3149,11606
3149,13045
3149,16378
3149,16987
3149,17795
3149,20396
3149,20857
3149,23142
3149,24768
3151,9498
3151,9596
3151,12991
3153,5777
3153,19182
3153,23543
3154,10337
3154,10783
3156,14035
3156,24271
3157,15557
3157,20321
3157,24234
3158,638
3158,3627
3158,5737
3158,9063
3158,9252
3158,16500
3158,16578
3158,16756
3158,21070
3158,24352
3162,7378
3162,16837
3163,12556
3163,13399
3163,18876
3164,12968
3164,16241
3165,6147
3165,12504
3165,13350
3166,928
3166,14621
3166,21701
3167,4862
3167,7092
3167,8060
3167,12541
3167,14080
3167,14887
3167,18298
3167,18452
3167,18940
3167,24055
3169,1962
3169,12647
3169,14111
3171,5226
3172,1563
3172,10539
3172,24193
3173,10943
3173,11905
3173,15545
3173,18819
3174,1470
3174,3935
3174,18545
3174,21031
3175,9526
3175,11860
3175,19563
3175,22917
3176,9001
3176,20915
3176,24084
3181,3963
3181,4614
3181,9156
3183,4744
3183,11631
3183,13763
3183,14655
3183,23980
3184,5955
3184,7136
3184,10697
3184,12950
3184,16482
3184,19857
3184,22151
3184,22546
3184,23648
3184,24254
3185,188
3185,3581
3185,4469
3185,5246
3185,9578
3185,10945
3185,9974
3185,11892
3185,11989
3185,12191
3185,16163
3185,18203
3185,19674
3185,19807
3185,20247
3185,22106
3185,23504
3185,24102
3185,24350
3187,74
3187,667
3187,8562
3187,10403
3187,11240
3187,11645
3187,14101
3187,17396
3187,19055
3187,23657
3188,8280
3188,18994
3188,21306
3190,10681
3190,13722
3190,18880
3194,7196
3194,20155
3194,20972
3197,1004
3197,3341
3197,4750
3197,17826
3197,19780
3199,8257
3199,15847
3199,23665
3200,16045
3200,19771
3200,23950
3201,3732
3201,4036
3201,8184
3201,8649
3201,12233
3201,16755
3201,17127
3201,19717
3201,22235
3201,24000
3203,2125
3203,2891
3203,3851
3203,7071
3203,16230
3203,16672
3203,18924
3203,19304
3203,20626
3203,22846
3204,233
3204,20085
3206,2635
3206,3543
3206,6637
3206,7595
3206,13675
3206,14779
3206,18271
3206,21252
3206,22676
3206,24305
3207,1810
3207,4070
3207,15831
3207,21760
3207,22271
3207,23794
3208,2097
3208,6075
3208,8340
3208,14621
3208,19570
3208,19589
3208,21065
3208,21567
3208,21684
3208,24467
3208,24517
3209,1800
3209,5919
3209,20688
3210,2854
3210,16241
3211,525
3211,5334
3211,6002
3211,10653
3211,12171
3211,12173
3211,16851
3211,17394
3211,21456
3211,24273
3212,2666
3212,2963
3212,7122
3212,8330
3212,10708
3212,12501
3212,15135
3212,14953
3212,15438
3212,15492
3212,18283
3213,158
3213,8802
3213,16901
3213,17024
3213,18747
3215,4225
3215,15143
3215,21163
3217,6390
3217,15270
3217,16725
3220,3963
3220,15977
3220,24319
3221,1213
3221,2005
3221,3209
3221,3782
3221,8773
3221,9828
3221,12685
3221,15582
3221,15732
3221,17052
3221,18666
3221,21383
3221,23987
3222,8986
3222,19233
3222,22133
3223,477
3223,14633
3223,16839
3226,102
3226,645
3226,1674
3226,2769
3226,4015
3226,4607
3226,6511
3226,6717
3226,9600
3226,14154
3226,16826
3226,17024
3226,24240
3229,552
3229,1039
3229,1968
3229,2307
3229,3434
3229,5228
3229,6000
3229,7136
3229,8721
3229,13825
3229,14412
3229,16284
3229,16960
3229,19426
3230,478
3230,4110
3230,5339
3230,6072
3230,6611
3230,13050
3230,13083
3230,17264
3230,23704
3230,23950
3231,10455
3231,14596
3231,15793
3232,6973
3232,18831
3232,23950
3234,20063
3234,23303
3235,13255
3235,13289
3235,20171
3236,1508
3236,6836
3237,5308
3237,18574
3237,24342
3238,2026
3238,3352
3238,4696
3238,21547
3239,57
3239,671
3239,3162
3239,3370
3239,3662
3239,4070
3239,6617
3239,9260
3239,9498
3239,10269
3239,10532
3239,11490
3239,11533
3239,11751
3239,13149
3239,13569
3239,13954
3239,14204
3239,14472
3243,631
3243,11373
3243,21028
3243,23376
3244,8842
3244,15291
3244,16241
3245,14548
3245,14755
3245,17377
3245,24648
3248,9382
3248,9686
3248,18737
3249,6737
3249,12505
3249,20972
3250,7076
3250,12505
3250,16863
3250,22271
3251,3640
3251,8015
3251,8419
3251,11683
3251,13712
3251,14526
3251,15066
3251,16972
3251,20212
3251,20727
3251,22429
3254,5471
3254,5503
3254,6704
3254,9689
3254,9792
3254,12463
3254,14916
3254,16980
3254,22464
3254,23504
3254,23752
3255,6147
3255,10310
3258,803
3258,20844
3259,9622
3259,11847
3259,17073
3261,2879
3261,6170
3261,10726
3261,14910
3262,1054
3262,6173
3262,10575
3263,999
3263,3369
3263,3415
3263,4963
3263,14234
3263,14463
3263,21319
3263,21565
3263,22465
3263,24285
3266,12663
3266,17127
3266,18704
3268,3956
3268,7939
3268,10972
3268,11436
3269,1860
3269,4894
3269,5925
3270,806
3270,2244
3270,3938
3270,8818
3270,9907
3270,11100
3270,12078
3270,12087
3270,15012
3271,9242
3271,11860
3272,12636
3272,13237
3275,11837
3275,12000
3276,688
3276,3653
3278,24813
3278,985
3278,1496
3278,3361
3278,5438
3278,11295
3278,14840
3278,15721
3278,23862
3278,23877
3279,8556
3279,21074
3280,7009
3280,10216
3280,10311
3280,11011
3281,1176
3281,6684
3281,7575
3281,7576
3281,16834
3283,8012
3283,13396
3283,16865
3284,7229
3284,13473
3284,21587
3285,9630
3285,12180
3285,13722
3286,481
3286,803
3286,4688
3286,7611
3286,9630
3286,10675
3286,11090
3286,11980
3286,12180
3286,13722
3286,15923
3286,19476
3286,21038
3286,22253
3287,4159
3287,16527
3287,17257
3288,351
3288,1980
3288,4039
3288,13418
3288,16553
3288,16640
3288,18330
3289,2883
3289,6577
3292,5805
3292,12448
3294,12972
3294,20718
3294,22897
3296,3344
3296,3596
3296,3593
3296,4987
3296,13070
3296,17342
3296,18573
3296,19331
3296,20105
3296,23406
3297,1221
3297,4247
3297,11865
3297,23907
3298,11324
3298,23678
3299,2233
3299,3539
3299,3339
3299,5167
3299,4886
3299,7987
3299,8048
3299,9360
3299,14479
3299,14840
3299,16357
3299,23345
3300,314
3300,830
3300,2089
3300,3149
3300,5787
3300,18144
3300,18522
3300,19060
3300,19794
3300,20662
3300,21359
3300,21698
3301,2487
3301,5035
3301,5314
3301,5530
3301,6076
3301,7501
3301,11061
3301,12024
3301,14166
3301,19863
3301,23866
3302,16835
3302,17635
3302,23162
3304,203
3304,14362
3304,21441
3305,18069
3305,20166
3306,6617
3306,10683
3306,18899
3306,23665
3306,23944
3307,3208
3307,3419
3308,3105
3308,3112
3308,10651
3308,11892
3308,14738
3308,16834
3308,21666
3311,1477
3311,2895
3311,3251
3311,8200
3311,9966
3311,9978
3311,10624
3311,15458
3311,16008
3311,16409
3311,16681
3311,20971
3311,21436
3311,21699
3312,2939
3312,4256
3312,19994
3313,18998
3313,24205
3313,24646
3314,5717
3314,6070
3314,15108
3314,20460
3315,596
3315,3824
3315,12316
3315,11723
3315,14320
3315,15052
3315,15417
3315,19637
3315,19877
3318,1324
3318,2426
3318,2970
3318,3017
3318,5144
3318,6473
3318,7896
3318,8392
3318,11526
3318,13895
3318,15829
3318,15874
3318,20993
3318,21532
3318,23415
3319,678
3319,1815
3319,3698
3319,17380
3321,242
3321,1763
3321,2528
3321,2595
3321,4586
3321,7039
3321,8137
3321,9261
3321,10281
3321,10717
3321,10908
3321,11367
3321,14486
3321,16079
3321,15794
3321,16844
3321,20135
3322,8820
3322,16771
3322,20166
3323,2894
3323,3658
3323,4249
3323,5533
3323,10417
3323,10619
3323,11176
3323,12235
3323,12718
3323,13835
3323,13858
3323,13927
3323,16671
3323,17714
3323,19477
3323,21555
3325,156
3325,1281
3325,1368
3325,2335
3325,2943
3325,4009
3325,4307
3325,4845
3325,5452
3325,7172
3325,8372
3325,10448
3325,11051
3325,14424
3325,14727
3325,15156
3325,17808
3325,20895
3325,22287
3325,22408
3326,8470
3326,14985
3326,16671
3329,3636
3329,5392
3329,14323
3332,1809
3332,7264
3332,8617
3332,12166
3332,16834
3332,17983
3332,20213
3332,20688
3332,21328
3334,13510
3334,16384
3334,19242
3336,7416
3336,23091
3336,23986
3337,17693
3337,19127
3337,24643
3338,3190
3338,11007
3338,22242
3339,3190
3339,11007
3341,7446
3341,8375
3341,10907
3341,10910
3341,14147
3341,14305
3341,16211
3341,16722
3341,22472
3341,23241
3343,12387
3343,15485
3344,5162
3344,15354
3344,15435
3344,18843
3344,19014
3344,19375
3344,20969
3344,21215
3344,23616
3344,23952
3345,1097
3345,1351
3345,1735
3345,2191
3345,6746
3345,6831
3345,7486
3345,8993
3345,9296
3345,9696
3345,11427
3345,12260
3345,12876
3345,13557
3345,15655
3345,15748
3346,2113
3346,4434
3346,5636
3346,7404
3346,7996
3346,11394
3346,12168
3346,12471
3346,19223
3346,22288
3346,23164
3346,23331
3346,24662
3350,1312
3350,16762
3350,17345
3350,18840
3350,21178
3350,24392
3351,8803
3351,10404
3351,11234
3351,11676
3351,14755
3351,16956
3351,17857
3351,19772
3351,20026
3351,24790
3352,747
3352,1339
3352,2178
3352,2655
3352,2927
3352,4373
3352,4649
3352,4841
3352,5372
3352,5447
3352,5858
3352,6551
3352,6663
3352,7803
3352,9663
3352,9674
3352,12640
3352,13348
3353,7678
3353,8341
3353,9823
3353,10644
3353,18091
3354,1841
3354,1983
3354,3245
3354,24823
3354,7143
3354,24827
3354,15436
3354,15656
3354,18292
3354,18790
3354,19246
3357,236
3357,3047
3357,5456
3357,13169
3358,3034
3358,3236
3358,4378
3358,5187
3358,7901
3358,8430
3358,10562
3358,12968
3358,14099
3358,14542
3358,16710
3358,18645
3358,20231
3358,23099
3360,4895
3360,6413
3360,8899
3360,12365
3360,14053
3360,18069
3362,10930
3362,16633
3363,3672
3363,6460
3364,1114
3364,1730
3364,3847
3364,4574
3364,4996
3364,5318
3364,5883
3364,10761
3364,14034
3364,18219
3364,18945
3364,20412
3364,21100
3364,21423
3364,23794
3365,7765
3365,10508
3365,14596
3366,68
3366,242
3366,736
3366,1147
3366,1470
3366,5467
3366,6684
3366,7553
3366,8470
3366,11084
3366,11354
3366,15520
3366,19990
3366,20228
3366,22672
3366,24711
3367,127
3367,2622
3367,3437
3367,3494
3367,3699
3367,3733
3367,4283
3367,4662
3367,8907
3367,9340
3367,10332
3367,11888
3367,12984
3367,13563
3367,17695
3367,22376
3367,23298
3367,23903
3370,3897
3370,16163
3373,19439
3373,22564
3374,863
3374,6705
3374,10314
3374,11948
3374,12957
3374,13426
3374,14397
3374,19889
3374,20962
3374,24005
3375,911
3375,1980
3375,13428
3375,22595
3375,24217
3376,11931
3376,20626
3377,2846
3377,20168
3377,21875
3378,635
3378,6469
3378,9158
3378,10518
3378,10918
3378,16178
3378,18852
3378,20350
3378,23610
3378,24137
3379,4042
3379,5075
3379,5295
3379,8072
3379,11312
3379,14287
3379,17853
3379,18330
3379,23996
3380,968
3380,3127
3380,3956
3380,5423
3381,2595
3381,13623
3382,1
3382,12303
3383,455
3383,1701
3383,22271
3384,7520
3384,11924
3384,18830
3384,21371
3386,17077
3386,18151
3386,20774
3387,7912
3387,9338
3388,418
3388,2216
3388,22699
3389,4295
3389,5558
3389,11618
3389,12563
3389,14008
3389,16835
3389,21220
3389,22654
3389,24597
3390,18037
3391,4688
3391,9633
3391,18037
3393,8155
3393,12503
3393,20408
3394,645
3394,1165
3394,1482
3394,5418
3394,6184
3394,11304
3394,13660
3394,14345
3394,14865
3394,15945
3394,17917
3394,18901
3394,18905
3394,20715
3396,8773
3396,20030
3397,6271
3397,9489
3397,10810
3397,11484
3397,12286
3397,13969
3397,18279
3397,19462
3397,20748
3397,20211
3398,22268
3398,23066
3399,1536
3399,3870
3399,5956
3399,9970
3399,17927
3399,20206
3399,22046
3399,22299
3399,22790
3399,23981
3400,4379
3400,12974
3400,13737
3400,14358
3400,16530
3401,1749
3401,2846
3401,3049
3401,3562
3401,3866
3401,4006
3401,5295
3401,7463
3401,7848
3401,14737
3401,15883
3401,16408
3401,18388
3401,18880
3401,21766
3404,7264
3404,10990
3404,16241
3405,9622
3405,17715
3405,18620
3406,2854
3406,14802
3407,476
3407,693
3407,2904
3407,3234
3407,12786
3407,13836
3407,13905
3407,16254
3407,17758
3407,19718
3407,21523
3407,21577
3407,21899
3407,22985
3407,24034
3407,24429
3408,7651
3408,18446
3408,19248
3409,296
3409,2040
3409,3446
3409,3535
3409,4070
3409,5181
3409,6617
3409,7094
3409,15030
3409,19677
3409,19681
3410,4070
3410,6147
3410,15886
3412,3880
3412,5613
3412,7605
3412,8953
3412,10866
3412,12211
3412,13505
3412,13847
3412,15575
3412,17901
3412,18440
3412,19121
3412,22164
3412,22803
3413,539
3413,1024
3413,2604
3413,8141
3413,10031
3413,11612
3413,13990
3413,14525
3413,14751
3413,17599
3413,22131
3413,22660
3416,11724
3416,18819
3416,24779
3418,2570
3418,11006
3418,12618
3419,2819
3419,5637
3419,8543
3419,11334
3419,12301
3419,12390
3419,14396
3419,19920
3419,22508
3419,24193
3422,2870
3422,4174
3422,13210
3422,15998
3422,17009
3422,17012
3423,3208
3423,10329
3423,20493
3423,23788
3424,12239
3424,22769
3424,23630
3424,24791
3425,585
3425,852
3425,1730
3425,4529
3425,7039
3425,18401
3425,23190
3426,7199
3426,13005
3428,447
3428,772
3428,871
3428,1988
3428,4432
3428,12424
3428,12994
3428,15255
3428,17842
3428,18386
3428,23107
3428,23732
3428,23875
3430,4695
3430,7581
3430,16245
3430,18697
3431,2124
3431,19452
3432,1730
3432,5605
3432,13737
3432,16166
3434,5374
3434,23793
3436,4895
3436,21220
3436,23351
3437,10201
3437,16982
3437,21032
3439,2195
3439,6239
3439,12863
3439,14594
3439,15675
3441,9865
3441,12833
3442,1937
3442,2550
3442,7280
3442,7467
3442,7647
3442,8684
3442,15308
3442,15567
3442,17891
3442,20567
3442,21855
3442,24748
3442,24810
3444,6030
3444,10160
3444,12988
3444,13665
3444,13958
3444,13966
3444,17067
3444,19399
3444,19785
3444,23097
3445,4834
3445,10051
3446,20592
3447,2589
3447,4369
3447,5622
3447,6521
3447,14085
3447,16356
3447,16947
3447,21662
3447,22304
3447,22318
3447,24785
3448,4953
3448,11474
3448,20628
3449,155
3449,1914
3449,3446
3449,4080
3449,4129
3449,4890
3449,6258
3449,10379
3449,10522
3449,13574
3449,13856
3449,14815
3449,15048
3449,15139
3449,15727
3449,16985
3449,18147
3452,2924
3452,5705
3452,10302
3453,22279
3456,7335
3456,15616
3457,7426
3457,11425
3457,22113
3458,542
3458,6302
3458,7676
3458,14493
3458,15084
3458,18936
3458,21425
3459,489
3459,3100
3459,3700
3459,3918
3459,4399
3459,9433
3459,10845
3459,11840
3459,12505
3459,16677
3459,20078
3459,21295
3459,23675
3461,6170
3461,12191
3463,7168
3463,10379
3463,15276
3464,409
3464,1611
3464,2324
3464,3386
3464,4539
3464,13241
3464,13317
3464,15107
3464,19976
3464,23105
3465,6787
3465,14642
3465,24515
3466,9073
3466,9330
3466,23686
3469,585
3469,13801
3470,2629
3470,5402
3470,8879
3470,17974
3472,11580
3472,15172
3472,16514
3472,22745
3474,7171
3474,9056
3474,18466
3477,2075
3477,3539
3477,8131
3477,8836
3477,10827
3477,14840
3477,15445
3477,16623
3477,20373
3477,22080
3478,2057
3478,9867
3478,10507
3478,11315
3478,12597
3478,16014
3478,19520
3478,21031
3478,22248
3478,23715
3479,10867
3479,20168
3479,22220
3481,5665
3481,9221
3481,11171
3481,16524
3481,19683
3481,20266
3482,1707
3482,2467
3482,2682
3482,3505
3482,3574
3482,4708
3482,5665
3482,5849
3482,8786
3482,11019
3482,11680
3482,12366
3482,15835
3482,17063
3482,18117
3482,20922
3482,21484
3483,3234
3483,4042
3483,8384
3483,8470
3483,18129
3484,530
3484,8345
3484,9150
3484,9579
3484,11779
3484,12198
3484,14443
3484,16496
3484,17296
3484,17789
3484,18778
3484,22100
3485,3591
3485,4529
3485,11840
3485,19197
3485,19959
3487,3631
3487,8773
3487,19741
3487,20165
3489,9408
3489,17630
3490,35
3490,3470
3490,7001
3490,12563
3490,13301
3490,20839
3491,392
3491,1820
3491,3127
3491,3553
3491,4103
3491,5919
3491,6995
3491,10658
3491,13301
3491,13835
3491,14408
3491,17156
3491,18316
3491,19599
3491,20839
3491,23048
3491,23825
3492,723
3492,1915
3492,3319
3492,5357
3492,6098
3492,6839
3492,7468
3492,11212
3492,12467
3492,13835
3492,13942
3492,17156
3492,19722
3492,21720
3492,22770
3492,23771
3492,24750
3496,6576
3496,12647
3496,20414
3497,11750
3498,3490
3498,4999
3498,24821
3498,16241
3500,4193
3500,23983
3501,174
3501,1250
3501,4325
3501,5064
3501,7171
3501,10236
3501,10645
3501,10649
3501,10678
3501,13208
3501,14534
3501,16055
3502,488
3502,1513
3502,5532
3502,6804
3502,8332
3502,8421
3502,10768
3502,13494
3502,15901
3502,21910
3503,47
3503,668
3503,5782
3503,5945
3503,10067
3503,16316
3503,16970
3503,18983
3503,22305
3503,23387
3504,8509
3504,20848
3504,23411
3505,1058
3505,10979
3505,24178
3506,3897
3506,6684
3506,17402
3507,2570
3507,17837
3507,20487
3507,23653
3508,1535
3508,18037
3511,14427
3511,17342
3512,45
3512,2663
3512,3132
3512,4052
3512,4870
3512,7305
3512,7474
3512,9200
3512,9580
3512,9935
3512,10129
3512,10351
3512,11483
3512,12170
3512,12806
3512,13205
3512,14472
3514,8207
3514,22957
3514,23653
3516,16374
3517,7520
3517,10557
3517,24790
3518,5308
3518,5358
3519,1460
3519,4693
3519,6763
3519,7771
3519,8548
3519,9838
3519,15749
3519,17037
3519,17873
3519,18157
3522,5919
3522,8398
3522,18704
3523,8081
3523,8406
3523,11757
3523,18856
3523,20059
3524,187
3524,719
3524,2749
3524,3372
3524,4640
3524,9523
3524,9670
3524,13580
3524,15528
3524,16189
3524,19713
3524,19739
3524,19750
3524,20691
3524,22810
3524,22929
3525,10337
3525,12968
3525,18487
3525,23351
3526,2458
3526,2627
3526,3507
3526,8639
3526,10997
3526,15036
3526,15287
3526,15504
3526,17810
3526,19145
3526,20214
3526,20401
3526,20505
3526,20809
3526,22043
3526,22667
3527,645
3527,6390
3527,8468
3527,9445
3527,13245
3527,15557
3527,17439
3527,18016
3527,19229
3527,19974
3527,21571
3527,21833
3527,22090
3527,22191
3527,23856
3527,24236
3528,14750
3528,21353
3529,4672
3529,5380
3529,7902
3529,13110
3530,19755
3530,22043
3531,1189
3531,1621
3531,9242
3531,16500
3531,18885
3532,4490
3532,8928
3532,11201
3532,12790
3532,19933
3532,24786
3535,4383
3535,5132
3535,5912
3535,6389
3535,9637
3535,12626
3535,13622
3535,21020
3535,21842
3535,22834
3536,917
3536,7541
3536,10712
3536,14464
3536,21339
3537,917
3537,3610
3537,5874
3537,6958
3537,10712
3537,11967
3537,13544
3537,14464
3537,15461
3537,21339
3537,22598
3537,24352
3538,6641
3538,9999
3538,18339
3538,20702
3539,2619
3539,3489
3539,3597
3539,4409
3539,4487
3539,5053
3539,5585
3539,6587
3539,9999
3539,11084
3539,11181
3539,13286
3539,13315
3539,15237
3539,18339
3539,19165
3539,21541
3539,22550
3541,15276
3541,20716
3543,8986
3543,18998
3543,20166
3545,2135
3545,2136
3545,3323
3545,4389
3545,4399
3545,6114
3545,7017
3545,11837
3545,12065
3545,13251
3545,14304
3545,14998
3545,15090
3545,16450
3545,16897
3545,18724
3545,19372
3548,10701
3548,17693
3548,22133
3551,11686
3552,8716
3552,10818
3552,21913
3553,2038
3553,6293
3553,7019
3553,14312
3553,15676
3553,16564
3553,18709
3554,1426
3554,3790
3554,6945
3556,2548
3556,4827
3557,674
3557,943
3557,6056
3557,6446
3557,6927
3557,11320
3557,11686
3557,13376
3557,22709
3558,4524
3558,11865
3558,15877
3559,7004
3559,12391
3559,12427
3559,14154
3559,14537
3559,15485
3559,17658
3560,938
3560,14561
3560,21694
3562,10177
3562,11403
3562,12031
3562,17174
3562,20794
3563,4865
3563,10625
3563,11578
3563,14087
3564,5781
3564,11121
3565,8398
3565,20995
3566,3347
3566,9242
3566,23278
3567,7953
3567,23748
3567,23983
3569,2726
3569,3941
3569,5845
3572,2098
3572,2188
3572,4145
3572,5856
3572,6343
3572,7319
3572,9867
3572,10441
3572,12028
3572,18967
3572,21128
3572,21511
3572,21693
3572,22013
3572,22206
3572,22272
3572,24234
3573,10481
3573,23844
3575,3310
3575,5411
3575,6324
3575,6450
3575,9756
3575,10963
3575,12125
3575,14561
3575,15272
3575,15291
3575,15933
3575,17080
3575,18000
3575,18166
3575,18582
3575,20032
3575,21347
3575,23346
3576,7912
3576,18768
3577,2954
3577,15843
3577,19127
3577,20722
3578,841
3578,1860
3578,9689
3578,18767
3579,4154
3579,4721
3579,6927
3580,16163
3581,2638
3581,8802
3583,2110
3583,2541
3583,5173
3583,5967
3583,6529
3583,10548
3583,11328
3583,11481
3583,11784
3583,12205
3583,12476
3583,14086
3583,16023
3583,17826
3583,21037
3584,4841
3584,9278
3585,474
3585,1368
3585,3159
3585,4714
3585,5747
3585,8298
3585,8470
3585,12235
3585,17394
3585,18026
3585,19594
3585,20017
3585,20337
3585,21253
3585,21275
3586,2625
3586,7988
3586,9689
3586,18261
3586,18994
3586,24290
3588,1525
3588,2072
3588,3151
3588,4324
3588,4929
3588,8736
3588,9828
3588,10524
3588,10878
3588,11237
3588,15309
3588,18654
3588,20472
3588,22233
3588,24707
3589,83
3589,859
3589,2522
3589,4091
3589,6486
3589,7858
3589,8628
3589,9587
3589,11199
3589,11972
3589,11981
3589,14777
3589,15413
3589,16547
3589,20976
3589,22001
3590,128
3590,643
3590,5079
3590,5654
3590,5849
3590,6209
3590,6945
3590,8759
3590,10250
3590,10863
3590,11364
3590,12149
3590,12891
3590,14230
3590,15408
3590,16174
3590,16268
3590,16359
3591,6617
3591,24398
3592,15253
3592,15907
3592,20701
3594,143
3594,11601
3595,5548
3595,20510
3596,478
3596,1058
3596,2490
3596,4178
3596,5873
3596,6299
3596,8655
3596,9160
3596,11562
3596,13328
3596,15490
3596,16553
3596,16633
3596,18647
3596,20314
3596,21547
3596,22957
3599,4101
3599,6032
3599,6043
3599,6283
3599,10058
3599,11812
3599,14035
3599,14867
3599,15431
3599,22289
3600,1112
3600,23192
3604,203
3604,13433
3604,20844
3605,203
3605,4417
3605,5914
3605,13433
3606,455
3606,11892
3606,13428
3606,13539
3606,20165
3606,22564
3607,3117
3607,4414
3607,5638
3607,14231
3607,23944
3607,24764
3608,3117
3608,4414
3608,5638
3608,12841
3608,16853
3608,19323
3608,22564
3608,23944
3608,24764
3610,16663
3610,20621
3611,2174
3611,2734
3611,24764
3613,752
3613,2049
3613,5926
3613,8221
3613,11651
3613,14177
3613,15065
3613,20541
3613,21793
3613,22410
3613,22690
3613,22864
3616,7168
3616,9999
3616,10681
3618,14440
3618,20995
3621,11132
3621,16648
3621,23662
3622,191
3622,1504
3622,3733
3622,4308
3622,6680
3622,8102
3622,11453
3622,12841
3622,14279
3622,16869
3622,16994
3622,18831
3622,19559
3623,4906
3623,5444
3623,8748
3623,9015
3623,9949
3623,10055
3623,10144
3623,12204
3623,15830
3623,16283
3623,17159
3623,17719
3623,17812
3623,19446
3623,19880
3623,20943
3623,21432
3626,6315
3626,14663
3626,16360
3629,578
3629,4254
3629,5218
3629,7233
3629,8423
3629,15382
3629,17227
3629,19100
3629,21377
3629,22671
3630,18174
3631,410
3631,23205
3632,1389
3632,15030
3632,20914
3632,22889
3634,12189
3635,519
3635,4070
3635,7939
3635,8398
3635,11931
3635,12166
3635,19558
3635,21220
3635,23113
3636,2889
3636,3990
3636,4047
3636,5049
3636,5733
3636,6619
3636,11272
3636,14949
3636,15342
3636,15372
3636,16466
3636,16726
3636,16893
3636,17923
3636,20822
3636,22377
3638,8577
3638,13230
3638,17288
3640,11837
3640,18116
3640,19399
3641,956
3641,2528
3641,3587
3641,8962
3641,10508
3641,10862
3641,12360
3641,14634
3641,18591
3641,20490
3642,1625
3642,2367
3642,4014
3642,4077
3642,8167
3642,8469
3642,10034
3642,11374
3642,13206
3642,19378
3642,20905
3642,21975
3642,22809
3643,2737
3643,5386
3643,14013
3643,19407
3644,980
3644,2517
3644,4956
3644,9211
3644,9475
3644,12284
3644,12680
3644,15002
3644,21685
3644,23978
3645,600
3645,1517
3645,4312
3645,4359
3645,4375
3645,5691
3645,9242
3645,10657
3645,11160
3645,15027
3645,16637
3645,17342
3645,18336
3645,18711
3645,21005
3645,21929
3645,22148
3645,23046
3647,20688
3647,21540
3648,1563
3648,4303
3648,22957
3649,3445
3649,9978
3649,16149
3649,17427
3649,22345
3650,4524
3650,10684
3650,18574
3651,15344
3651,21287
3651,23652
3652,1287
3652,4585
3652,6587
3652,6625
3652,8587
3652,8992
3652,9062
3652,10362
3652,10455
3652,10896
3652,12391
3652,17149
3652,17961
3652,18478
3652,19868
3652,23232
3652,24229
3653,15344
3653,21287
3653,23652
3654,1287
3654,1810
3654,4101
3654,6625
3654,10362
3654,10455
3654,12391
3654,13852
3654,17961
3654,18478
3654,20206
3655,3525
3655,10455
3656,990
3656,2989
3656,4418
3656,11583
3656,12835
3656,14710
3656,15726
3656,17567
3656,17607
3656,18676
3657,212
3657,2235
3657,2946
3657,4879
3657,8195
3657,8790
3657,8972
3657,15034
3657,20874
3657,23191
3658,1820
3658,4382
3658,5660
3658,7293
3658,10603
3658,11980
3658,14364
3658,14545
3658,18350
3658,19224
3658,19839
3659,3956
3659,6945
3659,22272
3660,7520
3660,13847
3661,2584
3661,4964
3661,5128
3661,5977
3661,10691
3661,13960
3661,15818
3661,22222
3661,23568
3661,23857
3661,24229
3662,233
3662,923
3662,3209
3662,6267
3662,9503
3662,10396
3662,10690
3662,14348
3662,19173
3662,21803
3663,4178
3663,10619
3663,24234
3664,24821
3664,20165
3664,23712
3666,6267
3666,14651
3666,16436
3667,434
3667,3390
3667,4237
3667,11104
3667,11498
3667,12408
3667,12900
3667,16192
3667,16824
3667,18336
3667,21123
3667,22275
3667,24040
3668,1415
3668,15295
3669,3936
3669,7333
3669,21043
3670,1459
3670,4201
3670,7738
3670,8304
3670,10811
3670,11203
3670,12552
3670,14899
3670,21801
3670,22400
3671,2330
3671,2445
3671,10542
3671,12434
3671,13653
3671,16705
3671,17946
3671,23694
3671,23918
3672,17151
3673,2901
3673,7197
3673,17151
3675,1800
3675,12505
3676,8305
3676,14418
3676,19881
3677,8341
3677,11086
3677,19138
3678,2241
3678,7739
3679,911
3679,1221
3679,2231
3679,3520
3679,4809
3679,5319
3679,10233
3679,13736
3679,15176
3679,16023
3679,16045
3679,16945
3679,21150
3679,23866
3680,431
3680,2877
3680,3186
3680,3190
3680,4211
3680,11575
3680,11961
3680,13376
3680,13607
3680,17691
3680,17700
3680,18884
3680,21529
3680,22235
3681,21112
3683,15732
3683,23954
3684,300
3684,329
3684,499
3684,583
3684,1895
3684,3748
3684,5579
3684,5696
3684,5959
3684,6948
3684,14901
3684,15190
3684,17701
3684,18079
3684,21418
3684,23220
3686,3130
3686,4087
3686,6482
3686,8496
3686,9876
3686,10620
3686,11240
3686,14032
3686,19170
3686,19476
3686,19584
3686,20112
3686,20583
3686,22861
3687,3594
3687,4087
3687,8496
3687,9876
3687,10140
3687,11240
3687,14032
3687,19170
3687,19476
3687,20583
3687,21073
3687,21143
3687,22321
3687,22454
3687,22567
3687,22861
3687,24166
3688,2266
3688,7715
3688,8042
3688,9182
3688,9391
3688,9828
3688,10804
3688,14072
3688,16130
3688,23233
3689,14651
3689,15270
3689,22272
3690,3384
3690,6927
3690,9498
3690,20280
3691,6927
3691,18580
3691,20280
3692,792
3692,20839
3696,24175
3697,6095
3697,7046
3697,18653
3697,20063
3698,2703
3698,14465
3700,12202
3700,15361
3700,24757
3702,6270
3702,13169
3703,7076
3703,18774
3705,1099
3705,3309
3705,6183
3705,7377
3705,8314
3705,9234
3705,9713
3705,14963
3705,16366
3705,16554
3705,16709
3705,17055
3705,19595
3705,21994
3705,22799
3705,22972
3707,5513
3707,8970
3707,21547
3707,23162
3709,12802
3709,12812
3709,15680
3709,17352
3709,22609
3709,22626
3709,22638
3713,11676
3713,12771
3713,17837
3714,11676
3714,12771
3715,4714
3715,4762
3715,5142
3715,6030
3715,9329
3715,10533
3715,11012
3715,11497
3715,12138
3715,14364
3715,17264
3715,17953
3715,18478
3715,23140
3715,23471
3715,23783
3715,24068
3716,1291
3716,21232
3718,9134
3719,5706
3719,7196
3719,16672
3721,14134
3721,21418
3722,5444
3722,7271
3722,20613
3723,5444
3723,7271
3723,16734
3723,20613
3724,5444
3724,7271
3724,20613
3725,5444
3725,7271
3725,20613
3726,5444
3726,7271
3726,20613
3727,5444
3728,5444
3728,20613
3729,5444
3730,4469
3730,7576
3731,3446
3731,4894
3733,272
3733,21112
3735,6159
3735,11578
3735,12804
3736,5499
3736,12804
3736,23451
3739,8899
3739,8948
3739,13737
3739,17983
3740,9125
3740,10067
3740,14444
3742,6914
3742,15942
3742,24008
3744,4952
3744,5539
3744,8641
3744,9133
3744,14318
3744,19789
3744,22968
3745,174
3745,204
3745,17984
3745,20527
3745,21124
3746,3684
3746,5191
3746,7786
3746,8956
3746,9450
3746,9456
3746,11287
3746,12737
3746,24380
3746,24389
3746,24422
3746,24482
3746,24552
3746,24736
3747,326
3747,2854
3747,18521
3747,24764
3748,7651
3748,8565
3748,16725
3750,2241
3750,9824
3750,20975
3751,15336
3751,24739
3752,4178
3752,18998
3752,22386
3753,2734
3753,4417
3753,15117
3754,2916
3754,21745
3755,8086
3755,17370
3756,425
3756,12538
3756,13869
3756,18129
3756,22576
3764,12523
3764,20372
3764,23793
3765,8354
3765,11007
3765,21766
3767,464
3767,1410
3767,3051
3767,3144
3767,7925
3767,9219
3767,9511
3767,16490
3767,23410
3767,23902
3769,666
3769,1333
3769,2975
3769,13523
3769,16626
3769,17984
3769,19409
3769,21175
3769,22838
3769,23406
3770,1800
3770,1860
3771,3936
3771,8617
3773,1993
3773,3591
3774,1776
3774,1903
3774,4290
3774,11629
3774,12740
3774,15997
3774,16337
3774,17190
3774,19308
3774,20984
3774,21859
3774,23467
3774,23938
3774,23939
3775,20487
3775,21825
3776,11665
3776,17231
3777,6973
3777,8649
3777,10375
3778,23037
3779,8354
3779,19738
3781,2485
3781,10946
3781,11298
3781,14699
3781,18860
3781,19333
3781,19861
3781,20723
3781,22934
3781,24672
3783,899
3783,1540
3783,20321
3787,880
3787,1169
3787,2160
3787,2208
3787,2689
3787,2789
3787,3413
3787,4495
3787,5045
3787,7040
3787,16107
3787,16192
3787,16879
3787,19798
3787,20284
3787,22197
3787,23451
3790,6140
3790,13973
3790,16789
3792,1406
3792,3477
3792,6630
3792,9024
3792,16200
3793,6539
3793,20418
3793,21376
3794,923
3794,1241
3794,2138
3794,2710
3794,3284
3794,5390
3794,5788
3794,9598
3794,13760
3794,15609
3794,15839
3794,17154
3794,17565
3794,18991
3794,21175
3794,22023
3794,23036
3794,23723
3795,6539
3795,20418
3795,21376
3796,44
3796,6074
3796,12025
3796,12211
3796,12568
3798,2975
3798,4582
3798,11816
3798,16500
3800,7005
3800,13792
3800,16320
3800,17720
3800,20837
3800,23661
3800,24158
3801,1672
3801,3950
3801,4201
3801,4789
3801,8716
3801,9298
3801,9817
3801,15633
3805,8410
3805,15065
3807,1154
3807,4414
3807,11474
3807,18445
3807,20456
3807,20935
3807,21220
3808,339
3808,1078
3808,1500
3808,2127
3808,3691
3808,5329
3808,6632
3808,6842
3808,6942
3808,7383
3808,8327
3808,9049
3808,14591
3808,24008
3811,3190
3811,4265
3811,14596
3811,16771
3813,6617
3813,9598
3813,11740
3813,12131
3813,20598
3815,4939
3815,5114
3815,6511
3815,8878
3815,10136
3815,16010
3815,16838
3815,19224
3815,19849
3815,21098
3815,21798
3815,22806
3815,24095
3817,9341
3817,13433
3817,20844
3818,472
3818,5684
3818,7978
3818,14027
3818,17004
3820,2474
3820,2885
3820,11450
3820,13440
3820,14020
3820,14863
3820,18994
3820,21562
3820,21671
3820,23097
3821,3490
3821,5157
3821,16163
3822,675
3822,1591
3822,2285
3822,3260
3822,4661
3822,8155
3822,8171
3822,9128
3822,10214
3822,10594
3822,11714
3822,15366
3822,15684
3822,15763
3822,17158
3822,17407
3822,19494
3822,23405
3824,334
3824,6609
3824,8188
3824,12583
3824,13208
3824,14060
3824,16080
3824,16137
3824,18597
3824,20393
3825,5562
3825,6490
3825,11267
3825,15266
3825,23439
3825,24750
3827,1570
3827,2054
3827,3976
3827,4747
3827,4948
3827,6830
3827,7405
3827,9120
3827,9589
3827,14700
3827,17338
3827,19737
3827,20586
3827,21101
3827,21305
3827,21459
3828,227
3828,1412
3828,1743
3828,6399
3828,9809
3828,13699
3828,15240
3828,16237
3828,17506
3828,19164
3828,19439
3828,19854
3828,22723
3828,23786
3830,6208
3830,12134
3830,17693
3834,5059
3834,12686
3835,2954
3835,4317
3835,6715
3835,20460
3836,18485
3836,23921
3836,24802
3837,10533
3837,13411
3837,18330
3837,22755
3839,1172
3839,5229
3839,5722
3839,6626
3839,6945
3839,7707
3839,16527
3839,17335
3839,20165
3839,20195
3840,2349
3840,10315
3840,11923
3840,12191
3845,2142
3845,10310
3845,17402
3846,11686
3847,1299
3847,2827
3847,3009
3847,3592
3847,6720
3847,7716
3847,8650
3847,11133
3847,12309
3847,12638
3847,13847
3847,16556
3847,16714
3847,16941
3847,21526
3847,21891
3847,21974
3847,24665
3848,13448
3848,17191
3849,315
3849,1448
3849,4733
3849,7652
3849,8665
3849,12563
3849,14001
3849,16607
3849,20214
3849,21221
3850,11070
3850,15037
3850,21760
3850,23309
3851,302
3851,4899
3851,16157
3851,21319
3852,2158
3852,23788
3852,24639
3853,5157
3853,16397
3855,282
3855,3440
3855,4627
3858,7555
3858,11044
3858,12320
3858,17177
3858,20737
3858,21920
3858,24477
3858,24544
3860,1154
3860,2979
3860,5685
3860,6631
3860,8100
3860,8153
3860,8649
3860,8970
3860,11152
3860,13365
3860,15472
3860,18567
3860,22219
3860,22447
3860,24282
3861,8874
3861,23007
3865,1471
3865,3115
3865,5018
3865,7211
3865,8240
3865,10703
3865,13443
3865,14756
3865,15335
3865,15789
3865,16207
3865,16293
3865,16594
3865,19830
3865,20224
3865,21990
3865,24043
3865,24048
3865,24348
3865,24399
3867,2528
3867,3117
3867,5829
3867,5975
3867,13722
3867,13745
3867,23260
3868,16825
3868,19093
3871,7581
3871,13433
3871,24234
3872,1800
3872,5533
3872,9278
3872,21220
3872,23406
3873,5764
3873,16128
3873,19047
3873,24177
3875,263
3875,8883
3875,9078
3875,9269
3875,9351
3875,9677
3875,12110
3875,14285
3875,15635
3875,23685
3875,24704
3876,6561
3876,18373
3876,23185
3877,20611
3879,293
3879,2260
3879,2967
3879,5125
3879,12816
3879,13796
3879,15333
3879,17322
3879,24375
3879,24500
3882,723
3882,1245
3882,2542
3882,7365
3882,9882
3882,10291
3882,10298
3882,10923
3882,12011
3882,12156
3882,12465
3882,15184
3882,16877
3882,20051
3882,21204
3882,24696
3883,11924
3883,21666
3883,21766
3884,655
3884,1368
3884,5150
3884,7262
3884,7935
3884,10232
3884,11192
3884,13745
3884,15030
3884,15388
3884,16421
3884,17051
3885,2977
3885,13367
3885,13685
3885,13902
3885,16126
3885,16508
3885,16998
3885,21200
3885,23006
3885,23896
3887,2271
3887,2544
3887,8717
3887,8879
3887,11184
3887,11527
3887,13987
3887,18621
3887,23542
3888,13396
3892,23678
3892,24338
3893,9124
3893,9848
3893,12183
3894,302
3894,2570
3894,2997
3894,6270
3895,2562
3895,3406
3895,9499
3895,11662
3895,13245
3895,14105
3895,18203
3895,18619
3895,19558
3895,19722
3895,20095
3895,22272
3895,24217
3896,5725
3896,19225
3896,24268
3898,5517
3898,11155
3898,12618
3900,11006
3900,11347
3900,16177
3900,20043
3900,22297
3901,3677
3901,4566
3901,6376
3901,6729
3901,11920
3901,12208
3901,13914
3901,14753
3901,16865
3901,17658
3901,18582
3901,18609
3901,19244
3901,19771
3901,19797
3901,20124
3902,2634
3902,6692
3903,1
3903,11189
3903,20972
3905,5122
3905,12367
3906,3528
3906,7422
3906,23866
3908,395
3908,973
3908,1949
3908,7064
3908,13071
3908,13308
3908,16326
3908,19033
3908,20099
3908,23189
3909,4737
3909,8005
3909,10337
3909,10683
3909,12950
3909,19495
3909,24319
3910,6104
3910,14453
3911,211
3911,1820
3911,2915
3911,6219
3911,9349
3911,10188
3911,10603
3911,10906
3911,12103
3911,12988
3911,14440
3911,18787
3911,20213
3911,22826
3912,11182
3912,14477
3912,16477
3912,17253
3914,3531
3914,4826
3914,5077
3914,6503
3914,7668
3914,14067
3914,14916
3914,15309
3914,15715
3914,15980
3914,17720
3914,18203
3914,18933
3914,21666
3915,2438
3915,10442
3915,12237
3915,15356
3915,19448
3915,21208
3915,21582
3915,22199
3915,24246
3918,9193
3918,9532
3918,14720
3918,17799
3919,9160
3919,20507
3921,1701
3921,8649
3921,18771
3922,8649
3922,9207
3922,18771
3923,782
3923,1180
3923,1611
3923,3332
3923,3390
3923,10627
3923,10718
3923,10963
3923,12068
3923,13832
3923,14014
3923,16650
3923,18803
3923,20113
3923,20895
3923,21570
3923,21852
3923,24042
3925,3352
3925,14738
3925,15065
3926,7003
3926,10375
3926,20626
3927,805
3927,1313
3927,5455
3927,6334
3927,6832
3927,6834
3927,7060
3927,8638
3927,22119
3927,22133
3928,400
3928,1730
3928,2847
3928,6185
3928,7840
3928,10659
3928,11511
3928,12198
3928,12728
3928,17913
3928,17917
3928,18163
3928,20506
3928,20706
3928,20841
3928,22339
3928,23166
3929,16588
3929,22271
3929,23386
3930,5444
3930,5861
3930,9242
3930,10405
3930,11498
3930,12609
3930,13033
3930,13226
3930,16336
3932,4148
3932,10619
3932,10684
3933,4148
3933,4412
3933,4574
3933,10450
3933,10619
3933,10684
3933,10972
3933,13468
3934,2413
3934,2972
3934,3346
3934,4325
3934,7224
3934,8977
3934,17180
3934,20789
3934,23179
3935,735
3935,5748
3936,911
3936,6023
3936,6632
3936,11795
3936,16231
3936,16578
3936,17342
3936,18875
3936,20278
3936,23232
3939,11324
3939,22271
3940,465
3940,3853
3940,6790
3940,7255
3940,8971
3940,10934
3940,11408
3940,18772
3940,19505
3940,21453
3941,3446
3941,13459
3941,21402
3942,6177
3942,7657
3942,10726
3943,2810
3943,9249
3943,14097
3944,2299
3944,2595
3944,4469
3944,5855
3944,8756
3944,11176
3944,11645
3944,11992
3944,18794
3944,19117
3944,19391
3944,20459
3944,20487
3944,21279
3944,21281
3944,22123
3944,22220
3944,23120
3945,17971
3945,21825
3946,19771
3946,21942
3947,1486
3947,9598
3947,9867
3948,667
3948,3826
3948,3951
3948,7297
3948,10033
3948,10839
3948,14425
3948,15307
3948,15309
3948,19759
3948,23039
3948,23195
3948,24264
3949,5075
3949,11686
3949,20098
3950,204
3950,4757
3950,5075
3950,20098
3951,16310
3951,19881
3951,20798
3951,20844
3952,3319
3952,4148
3952,5638
3952,7602
3952,10874
3952,11037
3952,11492
3952,13328
3952,21925
3952,22253
3952,24666
3953,8940
3953,12030
3953,12320
3953,12592
3953,17174
3953,21389
3954,7262
3954,10247
3954,14651
3955,257
3955,663
3955,1061
3955,1149
3955,1549
3955,1909
3955,2026
3955,6202
3955,6342
3955,10651
3955,12817
3955,15396
3955,17719
3955,17798
3955,20308
3955,20783
3955,22412
3955,23112
3957,6436
3957,22023
3958,203
3958,1486
3958,13433
3959,203
3959,1486
3959,13433
3959,21371
3959,22268
3960,203
3960,1486
3960,4409
3960,5914
3960,7924
3960,8371
3960,11334
3960,13045
3960,13176
3960,13433
3960,16480
3960,17342
3960,21371
3960,22268
3960,22751
3961,5229
3961,5861
3961,19301
3962,2119
3962,5268
3962,7233
3962,7875
3962,9125
3962,9441
3962,16812
3962,22198
3962,22312
3962,22509
3963,8917
3963,18899
3964,6945
3964,8536
3964,11005
3964,16348
3965,12836
3965,21749
3967,849
3967,6350
3967,8870
3967,10812
3967,10817
3967,13364
3967,17626
3967,19216
3967,19257
3967,21562
3968,5751
3968,20280
3968,23678
3969,1478
3969,22653
3969,24750
3970,3463
3970,22424
3970,24578
3971,158
3971,434
3971,3659
3971,10029
3971,10573
3971,11070
3971,13895
3971,15189
3971,19772
3971,20844
3972,9694
3972,11278
3972,20794
3972,21444
3975,2605
3975,10983
3975,20408
3976,4828
3976,11967
3976,18498
3976,23667
3978,4039
3978,6958
3978,18646
3981,18574
3981,18880
3981,19771
3983,16591
3983,19757
3985,1623
3985,5544
3985,8412
3985,9104
3985,21043
3985,23311
3986,3027
3986,3560
3986,7848
3986,8067
3986,8653
3986,14739
3986,17977
3986,22788
3986,24189
3986,24759
3988,3223
3988,23526
3989,11324
3991,911
3991,5232
3991,14362
3991,19751
3992,795
3992,2511
3992,3969
3992,4405
3992,4815
3992,6657
3992,6774
3992,7268
3992,8000
3992,8104
3992,8341
3992,9114
3992,10280
3992,11464
3992,14143
3992,14981
3992,16865
3992,18602
3992,21127
3994,6626
3994,15385
3994,23532
3996,173
3996,8988
3996,15029
3998,13327
3998,20281
4000,168
4000,12968
4000,16241
4001,16446
4001,21825
4002,1
4002,5911
4002,7219
4002,8099
4002,22481
4002,24342
4003,3003
4003,9776
4003,13989
4003,19136
4004,670
4004,868
4004,6861
4004,7039
4004,7097
4004,11464
4004,11595
4004,14975
4004,16185
4004,18069
4004,20658
4004,22191
4004,23273
4005,4638
4005,8470
4005,10712
4006,1104
4006,3936
4006,4638
4006,5069
4006,8470
4006,10712
4006,11931
4006,13737
4007,1104
4007,3936
4007,4638
4007,5069
4007,6365
4007,7666
4007,8470
4007,10712
4007,11931
4007,13634
4007,13737
4007,24832
4007,22598
4008,473
4008,2840
4008,6137
4008,9473
4008,10913
4008,11488
4008,17078
4008,18608
4008,19128
4008,19605
4008,20329
4008,20405
4008,20557
4008,21090
4008,21688
4011,4289
4011,22659
4011,22779
4012,203
4012,4296
4012,12513
4012,13225
4012,13433
4012,16383
4012,16680
4012,19163
4012,19671
4012,20120
4012,22268
4016,7333
4016,10983
4016,20867
4018,61
4018,675
4018,2776
4018,4518
4018,8095
4018,14464
4018,15732
4018,16379
4018,18889
4018,19127
4019,343
4019,1117
4019,1124
4019,2193
4019,3076
4019,7120
4019,7689
4019,7831
4019,9016
4019,9366
4019,9875
4019,15689
4019,15730
4019,16373
4019,17462
4019,18088
4019,19049
4020,18697
4020,23161
4021,926
4021,989
4021,1890
4021,5689
4021,7282
4021,7787
4021,8125
4021,8396
4021,8401
4021,10986
4021,11300
4021,11423
4021,16699
4021,20313
4021,23602
4025,7695
4025,11093
4025,19047
4026,1749
4026,7079
4026,9734
4026,10930
4026,11609
4026,14184
4026,15584
4026,19365
4026,20520
4026,24300
4027,1000
4027,12233
4027,15779
4029,158
4029,499
4030,150
4030,533
4030,1494
4030,5493
4030,5610
4030,8412
4030,11491
4030,13151
4030,13562
4030,13742
4030,17191
4030,23335
4031,12467
4031,19467
4031,20054
4031,20890
4032,1988
4032,4475
4032,4687
4032,6280
4032,8555
4032,10809
4032,13470
4032,14945
4034,2959
4034,3666
4034,6223
4034,7408
4034,8160
4034,10166
4034,12899
4034,14092
4034,17993
4034,22432
4035,177
4035,3840
4035,4912
4035,4939
4035,4997
4035,5035
4035,6100
4035,7513
4035,8157
4035,8290
4035,8470
4035,9326
4035,10127
4035,14561
4035,16817
4035,16881
4035,20708
4035,21501
4035,22792
4038,1780
4038,14985
4038,22900
4039,2807
4039,2808
4039,3697
4039,4980
4039,7228
4039,8023
4039,11006
4039,12453
4039,13216
4039,14486
4039,14716
4039,15218
4039,15519
4039,16593
4039,22375
4039,23491
4039,23779
4039,24091
4040,2846
4040,14053
4040,18415
4040,18446
4040,20982
4041,6937
4041,8691
4041,17484
4041,17834
4041,18525
4041,19075
4041,19940
4041,22207
4041,23444
4043,7766
4043,9495
4043,11998
4043,15270
4043,20610
4045,3986
4046,17461
4047,6624
4047,17616
4048,3854
4048,6048
4048,8017
4048,11336
4051,2641
4051,10310
4051,11442
4054,8808
4056,846
4056,24234
4057,6753
4057,7873
4057,23113
4059,4741
4059,9231
4059,9382
4059,10124
4059,11858
4059,15044
4059,15196
4059,20503
4059,22434
4059,22621
4061,2658
4061,3055
4061,3091
4061,3367
4061,4291
4061,6652
4061,7776
4061,8664
4061,9315
4061,10535
4061,12787
4061,15271
4061,17471
4061,17606
4061,17848
4061,18702
4061,18703
4061,20067
4064,662
4064,6278
4064,23185
4065,16980
4065,21328
4069,4409
4069,5503
4069,6614
4069,6769
4069,7610
4069,7928
4069,8881
4069,9413
4069,12060
4069,14432
4069,15199
4069,16220
4069,16902
4069,17326
4069,18025
4069,20075
4069,21458
4072,202
4072,22755
4072,23653
4073,701
4073,3401
4073,4845
4073,4883
4073,5866
4073,6147
4073,7407
4073,8516
4073,8567
4073,9950
4073,9969
4073,10628
4073,12302
4073,14767
4073,15220
4073,15785
4073,18315
4073,19363
4074,2847
4074,20395
4074,20503
4075,885
4075,4007
4075,4396
4075,5267
4075,6281
4075,6839
4075,9863
4075,10532
4075,14698
4075,15184
4075,17934
4075,19069
4075,20487
4075,21224
4076,24819
4076,1941
4076,2021
4076,4512
4076,14993
4076,16958
4076,16983
4076,18662
4076,19701
4076,24405
4077,3329
4077,5651
4077,6639
4077,9224
4077,21559
4078,363
4078,605
4078,1483
4078,6653
4078,8221
4078,13673
4078,15182
4078,16732
4078,21738
4078,22052
4079,267
4079,601
4079,765
4079,3930
4079,4781
4079,5335
4079,9666
4079,9752
4079,9754
4079,9755
4080,1078
4080,4030
4080,4227
4080,6376
4080,6685
4080,13914
4080,16045
4080,18875
4080,19511
4080,24349
4083,13539
4084,279
4084,376
4084,892
4084,1188
4084,1264
4084,2068
4084,2706
4084,3528
4084,3835
4084,3850
4084,4314
4084,7201
4084,10141
4084,13144
4084,13437
4084,14103
4084,14204
4084,16989
4085,28
4085,2847
4085,17215
4085,24012
4086,649
4086,10503
4086,10644
4086,17191
4086,18100
4086,19523
4086,20503
4086,22226
4086,22882
4087,11680
4087,12357
4087,17894
4089,6610
4089,10678
4089,12365
4089,14537
4089,15847
4089,17635
4090,8378
4090,11151
4090,16161
4091,370
4091,937
4091,1059
4091,2055
4091,4685
4091,6453
4091,9689
4091,10988
4091,15242
4091,16382
4091,18226
4091,20462
4091,22558
4091,24764
4095,799
4095,841
4095,2565
4095,6202
4095,8432
4095,8960
4095,9368
4095,16287
4095,17510
4095,18063
4095,18775
4095,19401
4095,23862
4096,9207
4096,18881
4097,18880
4097,19636
4098,7651
4098,11324
4098,14362
4101,203
4101,11189
4101,13433
4105,3347
4105,3437
4105,24234
4107,3127
4107,7001
4107,15195
4107,23309
4108,179
4108,961
4108,7419
4108,8786
4108,9275
4108,10993
4108,11923
4108,12359
4108,14455
4108,18571
4109,6406
4109,13980
4109,20418
4110,9897
4110,12434
4110,18360
4111,12171
4111,21124
4113,6709
4113,7707
4113,18574
4114,104
4114,1012
4114,1582
4114,3387
4114,3629
4114,8294
4114,8792
4114,8982
4114,12708
4114,16537
4114,17088
4114,17774
4114,17940
4114,18031
4114,19853
4114,20620
4114,21509
4114,22730
4115,879
4115,1017
4115,1182
4115,1952
4115,2563
4115,3914
4115,5709
4115,6183
4115,9496
4115,14843
4115,19955
4115,21061
4115,21569
4115,22165
4115,23028
4116,4417
4116,8577
4116,13384
4117,4193
4117,7039
4117,18831
4117,19069
4118,960
4118,3019
4118,3047
4118,3567
4118,3951
4118,7599
4118,10417
4118,11612
4118,12235
4118,12506
4118,15319
4118,15557
4118,16408
4118,18900
4118,20264
4118,21351
4119,37
4119,7
4119,4429
4119,10061
4119,11479
4119,11774
4119,20549
4119,21275
4119,22463
4119,23915
4123,7915
4123,8558
4123,9054
4123,10930
4123,11000
4123,12096
4123,12211
4123,12975
4123,23413
4123,24754
4124,10873
4125,680
4125,3070
4125,4064
4125,4980
4125,9198
4125,12813
4125,13844
4125,17858
4125,22291
4125,23131
4126,5360
4126,7499
4126,10258
4126,10927
4126,14914
4126,15465
4126,15525
4126,15937
4126,23067
4126,24330
4129,2339
4129,2340
4129,4660
4129,8678
4129,10884
4129,12305
4129,15107
4129,17074
4129,22705
4129,24465
4130,13668
4130,18345
4131,2419
4131,4280
4131,5552
4131,9005
4131,9485
4131,9486
4131,16471
4131,16933
4131,17188
4131,23439
4131,24493
4132,1581
4132,1830
4132,2251
4132,3045
4132,7699
4132,8130
4132,8558
4132,8903
4132,12072
4132,16906
4132,16977
4132,19228
4132,19973
4132,22753
4132,22830
4132,23781
4133,1240
4133,2082
4133,6355
4133,6391
4133,7835
4133,8858
4133,14712
4133,15079
4133,15571
4133,22811
4134,3472
4134,8827
4134,18110
4135,6107
4135,11756
4136,6107
4136,11756
4137,6107
4137,11756
4138,6107
4138,11756
4139,6107
4139,11756
4139,19679
4140,13542
4140,16988
4140,23541
4144,316
4144,317
4144,5965
4144,11136
4145,917
4145,3915
4145,7389
4145,7591
4145,7937
4145,10022
4145,10233
4145,11029
4145,11168
4145,12988
4145,14774
4145,17376
4145,18880
4145,21113
4145,22082
4145,22272
4146,5807
4146,12339
4146,16569
4147,1049
4147,11686
4147,19671
4148,1049
4148,10619
4148,11676
4148,16530
4149,5975
4149,15065
4149,16383
4150,2806
4150,22900
4152,2254
4152,3319
4152,4933
4152,5649
4152,6305
4152,6430
4152,6676
4152,6695
4152,7202
4152,7847
4152,13501
4152,16647
4152,18974
4152,19786
4152,22137
4152,22945
4153,4324
4153,4317
4153,10441
4153,12233
4153,17222
4158,10874
4158,13518
4158,22481
4159,11686
4159,17342
4159,22268
4162,2975
4162,12597
4162,15361
4162,15980
4162,16029
4162,19797
4162,19863
4162,20867
4164,4841
4164,12000
4164,15344
4165,5369
4165,20009
4172,5829
4172,9111
4172,9250
4172,9559
4172,9963
4172,11077
4172,15309
4172,15385
4172,16320
4172,21351
4173,398
4173,6344
4173,8605
4174,3936
4174,4469
4174,9233
4176,1872
4176,3753
4176,3799
4176,3999
4176,10704
4176,14752
4176,18962
4176,18998
4176,18999
4176,19700
4177,11474
4179,73
4179,1822
4179,2164
4179,4878
4179,5926
4179,8878
4179,8894
4179,8938
4179,10671
4179,11176
4179,11254
4179,22848
4179,23406
4180,1757
4180,5329
4180,7704
4180,9083
4180,9308
4180,12703
4180,15525
4180,17374
4180,20999
4180,24329
4181,1998
4181,2835
4181,5421
4181,8029
4181,8973
4181,10383
4181,15468
4181,15901
4181,19085
4181,19455
4182,7136
4182,10867
4182,13596
4182,16990
4182,21766
4183,14279
4183,16230
4183,19302
4184,6709
4184,23036
4185,12704
4185,14323
4185,21245
4188,9316
4188,11740
4188,17023
4189,5444
4189,20909
4189,23406
4189,23504
4190,21488
4190,23954
4192,1300
4192,4346
4192,6575
4192,7262
4192,8327
4192,8428
4192,8803
4192,10543
4192,10721
4192,15021
4192,16554
4192,16633
4192,18745
4194,733
4194,6091
4194,8072
4194,8337
4194,10873
4194,13291
4194,13914
4194,16906
4194,17984
4194,20098
4195,6365
4195,18602
4195,20935
4197,819
4197,2112
4197,6911
4197,9313
4197,15300
4197,17224
4197,17445
4197,18178
4197,20986
4197,21460
4199,1234
4199,5635
4199,14471
4199,15310
4199,15618
4199,24804
4200,3209
4200,4894
4202,1074
4202,2710
4202,5397
4202,6695
4202,7201
4202,10314
4202,10472
4202,11592
4202,13537
4202,14407
4202,17678
4202,17834
4202,18366
4203,351
4203,1250
4203,10032
4203,10337
4203,17658
4203,20901
4203,21255
4203,21371
4203,23954
4204,2465
4204,3832
4204,6034
4204,7737
4204,8906
4204,9224
4204,10753
4204,12464
4204,14296
4204,15637
4204,19924
4204,21757
4204,21819
4204,22301
4204,22497
4204,22910
4204,24795
4206,6147
4206,21220
4206,23461
4207,3636
4207,23406
4209,4516
4209,17421
4210,3209
4210,12563
4210,20972
4211,6893
4211,7226
4211,7327
4211,7781
4211,9083
4211,13003
4211,13039
4211,16896
4211,20644
4211,21758
4212,14134
4212,15133
4212,15705
4213,3453
4213,10259
4214,8207
4214,10943
4214,11828
4214,24647
4215,847
4215,14840
4215,20372
4216,3457
4216,3994
4219,21057
4219,21224
4221,5757
4221,11127
4221,13296
4221,18988
4221,24142
4223,7001
4223,11216
4223,15174
4223,16185
4223,18545
4223,21693
4223,23293
4225,1350
4225,4812
4225,8042
4225,8473
4225,9304
4225,16270
4225,16871
4225,19098
4225,19578
4225,20999
4225,21166
4225,22118
4227,21875
4227,23351
4229,10997
4229,15831
4229,16436
4230,7084
4230,9224
4230,11564
4230,11738
4230,15815
4230,19761
4232,4022
4232,6109
4232,6268
4232,9028
4232,11630
4232,18300
4232,20951
4232,21776
4232,23691
4232,23696
4232,24436
4232,24542
4235,2645
4235,3209
4235,4379
4235,4696
4236,676
4236,1820
4236,1978
4236,4382
4236,4996
4236,5567
4236,5631
4236,5978
4236,6500
4236,8789
4236,9812
4236,11387
4236,12155
4236,12431
4236,14357
4236,14545
4236,15433
4237,2498
4237,3949
4237,6108
4237,7286
4237,7466
4237,7678
4237,10798
4237,13751
4237,23977
4237,24514
4240,143
4240,13736
4240,16436
4241,837
4241,2492
4241,2494
4241,9018
4241,9209
4241,9868
4241,13485
4241,13907
4241,15620
4241,17305
4242,10342
4242,19057
4242,23312
4244,4232
4244,7283
4244,23712
4245,15266
4245,23439
4248,10683
4248,19671
4248,20418
4250,5229
4250,9318
4253,432
4253,2899
4253,3049
4253,3092
4253,4818
4253,6356
4253,8202
4253,11277
4253,12438
4253,15917
4253,16671
4253,19411
4253,19471
4253,20591
4253,20665
4253,21086
4255,2316
4255,9125
4255,14177
4255,18774
4255,19489
4255,23098
4255,24214
4256,4178
4256,12006
4256,23386
4257,2434
4257,4561
4257,5217
4257,13600
4257,14062
4257,16393
4257,16462
4257,17192
4257,17594
4257,17786
4257,18240
4257,21669
4257,22862
4257,23247
4257,24534
4258,7303
4258,9692
4258,10276
4259,1058
4259,4696
4259,12663
4264,7076
4264,12134
4264,13301
4264,14323
4266,1136
4266,1267
4266,5490
4266,6373
4266,6865
4266,8871
4266,19430
4266,21881
4266,24471
4266,24505
4267,3002
4267,3097
4267,3956
4267,5078
4267,6903
4267,9440
4267,9490
4267,9817
4267,11810
4267,11950
4267,16656
4267,20972
4267,21134
4267,21994
4268,2856
4268,10874
4268,14435
4268,15309
4269,250
4269,1569
4269,2147
4269,2172
4269,4526
4269,6065
4269,7213
4269,7596
4269,12798
4269,13502
4269,15318
4269,15389
4269,16497
4269,17435
4269,19910
4269,20064
4269,22006
4270,3936
4270,9124
4270,21666
4272,14738
4272,21089
4273,1509
4273,1867
4273,1888
4273,8217
4273,8510
4273,15498
4273,15628
4273,16113
4273,19005
4273,23407
4274,20221
4275,722
4275,3062
4275,7691
4275,11183
4275,12231
4275,15732
4275,18333
4275,20759
4276,5388
4276,20995
4276,23233
4277,1478
4277,1832
4277,23439
4278,2595
4278,7766
4278,9781
4278,23305
4279,1162
4279,4303
4279,6643
4279,10660
4279,11447
4279,12690
4279,12729
4279,14487
4279,14697
4279,15783
4279,15847
4279,20611
4279,22013
4279,23233
4279,23314
4279,24104
4280,5015
4280,14137
4281,2125
4281,9690
4281,15831
4281,24764
4282,3146
4282,21244
4283,3105
4283,6268
4283,6908
4284,9725
4284,20258
4285,1532
4285,2231
4285,2894
4285,7001
4285,9058
4285,12124
4285,15355
4285,16578
4285,18316
4285,19323
4285,23982
4285,24352
4286,6183
4286,6268
4286,20490
4286,20901
4287,2662
4287,10943
4287,11474
4287,12166
4287,13023
4287,15977
4287,16383
4287,18574
4287,19771
4288,2934
4288,3112
4288,3434
4288,4060
4288,5632
4288,8136
4288,10566
4288,12183
4288,15545
4288,18571
4288,22739
4288,23764
4289,526
4289,4030
4289,4370
4289,4527
4289,4953
4289,9131
4289,11528
4289,12196
4289,14518
4289,15890
4289,16647
4289,18771
4289,19707
4289,21825
4291,1487
4291,3208
4291,6960
4295,4084
4295,12418
4296,8743
4296,13252
4296,14617
4296,14693
4296,19015
4296,21130
4296,21158
4296,22014
4296,22162
4297,3769
4297,14333
4297,24397
4298,14578
4300,16163
4301,3702
4301,8257
4301,11724
4301,12663
4301,18545
4302,4841
4302,6152
4302,11492
4304,1181
4304,2833
4304,14396
4304,17182
4304,19237
4305,29
4305,3948
4305,6487
4305,7055
4305,7377
4305,13075
4305,17677
4305,18886
4305,20074
4305,20527
4306,18774
4306,20503
4306,23635
4307,1366
4307,1550
4307,2437
4307,14254
4307,14544
4307,18774
4307,20503
4307,22275
4307,23635
4308,1550
4308,6183
4308,14254
4308,14544
4308,22109
4308,22772
4309,575
4309,1550
4309,2303
4309,3433
4309,3572
4309,9010
4309,10703
4309,12209
4309,13614
4309,14254
4309,14544
4309,15510
4309,22054
4309,22932
4310,434
4310,9382
4310,20280
4312,975
4312,3375
4312,3879
4312,4159
4312,7625
4312,8891
4312,9670
4312,9803
4312,12502
4312,12526
4312,15550
4312,15847
4312,18330
4312,20503
4312,23102
4312,23338
4313,7562
4313,14328
4313,16350
4314,3108
4314,3217
4314,4507
4314,10337
4314,23730
4315,4696
4315,4894
4315,13245
4316,1701
4316,2837
4316,7047
4316,11194
4316,15177
4316,16241
4316,16672
4317,21760
4317,22268
4318,6633
4318,19686
4318,19837
4319,13381
4319,15833
4321,7678
4321,21009
4325,12367
4326,1321
4326,3134
4326,5715
4326,5849
4326,8005
4326,10291
4326,10890
4326,15043
4326,15560
4326,20112
4326,20233
4326,21273
4326,23447
4327,2152
4327,11182
4327,18899
4327,21237
4328,3610
4328,7076
4328,7611
4328,16336
4328,16720
4330,16213
4330,16317
4330,17768
4330,19913
4330,21135
4331,3956
4331,7136
4331,23950
4332,1644
4332,4412
4332,7168
4332,7933
4332,10313
4332,11860
4332,14498
4332,14981
4332,16588
4333,2879
4333,3974
4333,8398
4334,21376
4335,3197
4335,7233
4335,13488
4336,3705
4336,4841
4336,5380
4336,7027
4336,9943
4336,19282
4338,16163
4338,17402
4339,6973
4339,8773
4339,15847
4340,12291
4340,23162
4341,1906
4341,3809
4341,5101
4341,7804
4341,7911
4341,7872
4341,8563
4341,8799
4341,9508
4341,12700
4341,14894
4341,15597
4341,18131
4341,20981
4344,6490
4344,12710
4344,21834
4344,21880
4346,6490
4346,11401
4346,12711
4346,12746
4346,12857
4346,13352
4346,15111
4346,17103
4346,18769
4347,289
4347,4354
4347,5819
4347,6490
4347,8709
4347,10673
4347,11342
4347,12712
4347,13352
4347,13827
4347,15842
4347,17765
4347,18028
4347,21227
4347,23775
4347,23802
4347,24562
4349,4396
4349,11023
4354,11323
4354,12367
4358,8910
4358,20166
4358,22900
4359,8910
4359,17023
4359,20166
4360,6436
4360,8899
4360,8910
4360,20166
4361,6490
4361,20440
4362,3271
4362,10644
4362,18831
4363,7264
4363,11474
4363,18653
4364,4655
4364,4723
4364,8327
4364,8650
4364,8842
4364,10067
4364,11255
4364,12974
4364,16997
4364,22272
4364,22692
4364,23189
4364,24644
4365,453
4365,3230
4365,3549
4365,4110
4365,4356
4365,6047
4365,7624
4365,10635
4365,13444
4365,15176
4365,17720
4365,20503
4365,22271
4365,23318
4365,23461
4365,24232
4366,505
4366,17363
4366,23952
4367,2843
4367,16672
4369,16922
4369,18218
4370,18722
4371,422
4371,2846
4371,2985
4371,3470
4371,5042
4371,6793
4371,7666
4371,7867
4371,7939
4371,8802
4371,9174
4371,10874
4371,12819
4371,13700
4371,13800
4371,14464
4371,21220
4371,23077
4372,499
4372,3962
4372,4193
4372,9397
4372,10156
4372,15130
4372,14840
4372,15721
4372,16128
4372,20952
4373,156
4373,641
4373,2777
4373,2807
4373,3163
4373,6511
4373,7548
4373,7699
4373,10141
4373,11018
4373,14435
4373,14940
4373,19369
4373,19613
4373,19751
4373,21205
4373,21727
4373,23258
4374,2769
4374,17769
4377,2862
4377,4328
4377,7848
4377,10024
4377,10181
4377,10245
4377,10703
4377,11084
4377,16441
4377,17928
4377,18571
4377,22001
4377,22351
4377,24351
4380,1464
4380,2833
4380,2862
4380,4328
4380,7848
4380,9844
4380,10024
4380,10096
4380,10181
4380,10252
4380,10379
4380,10404
4380,10703
4380,10745
4380,11084
4380,11147
4380,11194
4380,12956
4380,17902
4381,3795
4381,4216
4381,4582
4381,5878
4381,8825
4381,11562
4381,13266
4381,17011
4381,17109
4381,20051
4383,2407
4383,5470
4383,10252
4383,13186
4383,14488
4383,14559
4383,15309
4383,18435
4383,20580
4384,206
4384,1526
4384,6575
4384,12096
4384,13361
4384,15545
4384,16975
4384,18257
4384,20225
4384,22773
4385,10063
4385,11385
4385,22966
4386,2711
4386,13617
4386,16710
4387,1284
4387,1594
4389,1104
4389,2942
4389,5737
4389,7451
4389,10875
4389,11154
4389,12453
4389,13400
4389,14017
4389,19453
4392,4718
4392,11474
4392,21328
4394,62
4394,697
4394,9305
4394,11109
4394,11478
4394,14462
4394,15928
4394,24313
4394,24363
4395,525
4395,16588
4395,22297
4397,7262
4397,13186
4397,24646
4398,4894
4398,20647
4398,21812
4399,1837
4399,2061
4399,7137
4399,8305
4399,15135
4399,15721
4399,17742
4399,21180
4399,23952
4399,24251
4401,9894
4403,7105
4403,13751
4403,21406
4406,668
4406,841
4406,1749
4406,3168
4406,3866
4406,8974
4406,13843
4406,13915
4406,14111
4406,15176
4406,16513
4406,20105
4406,20724
4406,21091
4408,12609
4408,13862
4408,20051
4409,203
4409,434
4409,13087
4411,1187
4411,11795
4411,19197
4413,19959
4413,20487
4413,23285
4413,24175
4414,520
4414,4865
4414,20199
4414,23285
4415,4412
4415,13190
4415,13327
4415,13411
4417,2847
4417,7651
4417,9598
4417,17931
4417,22093
4418,2415
4418,11865
4418,22322
4419,4413
4419,11865
4419,22322
4420,10094
4420,11865
4421,2415
4421,4413
4421,11865
4424,5626
4424,11903
4426,2575
4426,8895
4426,11179
4426,12151
4426,12457
4426,12905
4426,13442
4426,16625
4426,16718
4426,18055
4426,18166
4426,18783
4426,20079
4426,24293
4429,5532
4431,2429
4431,3057
4431,3551
4431,10717
4431,13980
4431,15801
4431,18310
4431,18483
4431,20223
4431,21106
4433,4582
4433,5148
4433,5717
4433,15326
4433,20414
4433,21269
4435,10509
4436,10440
4436,16613
4436,16725
4437,6284
4437,10508
4437,14537
4437,16033
4437,17750
4437,18928
4437,19977
4437,20220
4437,22845
4437,23307
4437,23585
4438,650
4438,3092
4438,7651
4438,11562
4438,17693
4438,18199
4438,20321
4438,23250
4440,6827
4440,19881
4442,3929
4444,8698
4444,15105
4444,23406
4445,10222
4445,10450
4445,14910
4447,884
4447,12453
4447,16163
4447,20085
4447,23386
4447,23952
4448,12804
4448,14404
4450,1999
4450,8039
4450,13219
4450,17023
4450,17071
4450,17093
4450,17979
4450,20595
4450,23209
4450,23827
4451,2293
4451,9975
4451,16889
4451,17964
4452,2570
4452,4379
4452,5742
4452,6294
4452,8750
4452,9106
4452,10424
4452,10656
4452,10662
4452,11538
4452,11604
4452,12647
4452,12975
4452,13466
4452,16163
4452,16517
4452,20493
4452,21515
4453,10662
4453,13466
4454,10733
4455,2879
4455,11740
4455,13396
4455,19681
4455,20168
4455,20213
4455,21600
4455,23210
4456,10797
4459,897
4459,1274
4459,6951
4459,8489
4459,10846
4459,14677
4459,14952
4459,18043
4459,20745
4459,23908
4460,8574
4460,12647
4461,11958
4461,18004
4461,19683
4462,6685
4462,10681
4462,12391
4463,2230
4463,2262
4463,9217
4463,12568
4463,17341
4463,20689
4463,22109
4464,143
4464,1058
4464,16446
4468,4655
4468,7402
4468,11764
4468,16784
4468,23974
4469,2570
4469,19631
4472,1089
4472,1244
4472,4366
4472,5677
4472,11589
4472,13967
4472,15849
4472,21126
4473,542
4473,4984
4473,7489
4473,8308
4473,18085
4473,21354
4474,17096
4475,10682
4475,16865
4475,20940
4475,23406
4476,2884
4478,10783
4478,12563
4478,21418
4480,156
4480,746
4480,4211
4480,8319
4480,12637
4480,15470
4480,16834
4480,17638
4480,20409
4480,20503
4480,21269
4480,21392
4480,24122
4481,3022
4481,3248
4481,6142
4481,11148
4481,18299
4481,19887
4481,20299
4481,22181
4481,23101
4481,24765
4484,3065
4484,3376
4484,3610
4484,4854
4484,6798
4484,9046
4484,12248
4484,14071
4484,15384
4484,16197
4484,16660
4484,18809
4484,21964
4484,23198
4484,23229
4485,1469
4485,2047
4485,3810
4485,5524
4485,6530
4485,7107
4485,8422
4485,9500
4485,11324
4485,12361
4485,17163
4485,18831
4485,19048
4485,19598
4485,20416
4485,23425
4488,1448
4488,9214
4488,9689
4489,10482
4489,15977
4490,11372
4490,20485
4491,2990
4491,3068
4491,8264
4491,11370
4491,11372
4491,15203
4491,16694
4491,20485
4491,20491
4491,23263
4492,6024
4492,20117
4493,2662
4493,8572
4493,12126
4493,13991
4493,16128
4494,378
4494,2482
4494,7975
4494,15957
4494,17108
4494,21499
4494,21846
4494,22037
4494,22128
4496,8155
4496,11739
4496,14053
4496,21832
4496,22122
4497,113
4497,1563
4497,7500
4497,7912
4497,9494
4497,12629
4497,13176
4497,14638
4497,15187
4497,18123
4497,19233
4497,19254
4497,20031
4497,21561
4497,21877
4497,23199
4498,2115
4498,5274
4498,6506
4498,9421
4498,13242
4498,13266
4498,16381
4498,21849
4498,23702
4498,24763
4499,11409
4499,22418
4500,449
4500,6719
4500,8005
4500,11689
4500,12400
4500,15645
4500,15896
4500,16035
4500,18037
4500,19192
4500,19690
4500,20024
4500,20042
4500,20726
4500,23392
4500,23435
4501,1183
4501,3954
4501,5789
4501,6285
4501,8820
4501,9124
4501,9393
4501,11330
4501,11437
4501,11726
4501,19236
4501,19416
4501,21642
4501,23272
4501,23429
4502,443
4502,1736
4502,2673
4502,2701
4502,12687
4502,12550
4502,12671
4502,14129
4502,14677
4502,21407
4503,11443
4503,13060
4503,16536
4504,2174
4504,6183
4504,9963
4504,10431
4504,12180
4504,14342
4504,15023
4504,16245
4504,20408
4505,411
4505,4826
4505,5530
4505,14731
4505,15885
4505,15935
4505,17319
4505,17340
4505,20667
4505,23958
4506,545
4506,3408
4506,4368
4506,6210
4506,6585
4506,8931
4506,16927
4506,18049
4506,19993
4507,18037
4507,23637
4508,2151
4508,2935
4508,4114
4508,4951
4508,4990
4508,8294
4508,9635
4508,12324
4508,15847
4508,16327
4508,17405
4508,19796
4508,21286
4508,22739
4509,3377
4509,5914
4511,23122
4513,2619
4513,4171
4513,8443
4513,10988
4513,14951
4513,16671
4513,18626
4513,20932
4513,22630
4513,22683
4514,15109
4514,22807
4514,24244
4515,4221
4515,4737
4515,18831
4515,20111
4517,9901
4517,11781
4517,16128
4518,6152
4519,1698
4519,5380
4519,22268
4519,23696
4520,1994
4520,2105
4520,11171
4520,21994
4521,296
4521,795
4521,3347
4521,6002
4521,9598
4521,13169
4521,16817
4521,24244
4523,1339
4523,1583
4523,2182
4523,4939
4523,5050
4523,7699
4523,8986
4523,9417
4523,9598
4523,10660
4523,11110
4523,11756
4523,13133
4523,13169
4523,13942
4523,14121
4523,15776
4523,18806
4523,20126
4524,11772
4524,17683
4524,20547
4525,6413
4525,20487
4525,20547
4526,169
4526,177
4526,797
4526,2618
4526,4103
4526,5862
4526,6710
4526,6779
4526,7268
4526,8429
4526,9760
4526,10228
4526,10330
4526,10602
4526,12603
4526,13314
4526,13419
4526,16734
4526,17209
4528,3089
4528,4004
4528,21518
4529,795
4529,1949
4529,2755
4529,8152
4529,15031
4529,19751
4529,20382
4529,20899
4529,21220
4529,21877
4529,22226
4529,22627
4529,23063
4529,23906
4530,525
4530,2820
4530,3244
4530,3319
4530,3469
4530,5556
4530,6551
4530,7932
4530,8650
4530,9811
4530,11474
4530,11884
4530,12200
4530,14253
4530,15451
4530,16028
4530,20165
4530,21611
4530,24635
4532,3019
4532,4474
4532,4982
4532,5706
4532,10188
4532,12947
4532,14154
4532,14487
4532,18515
4532,22093
4532,22481
4533,17095
4533,19179
4534,11772
4534,12166
4534,16446
4535,11532
4535,13436
4535,17974
4536,491
4536,981
4536,1772
4536,6551
4536,9609
4536,10879
4536,11520
4536,12533
4536,16155
4536,18704
4536,21721
4536,22043
4536,22417
4538,498
4538,1215
4538,3763
4538,4026
4538,7315
4538,7491
4538,10980
4538,11274
4538,12323
4538,15399
4539,10117
4539,20899
4539,23825
4540,12213
4542,19439
4542,22750
4544,3208
4544,12188
4545,17801
4545,17881
4546,2911
4546,2980
4546,19394
4546,21677
4546,21712
4546,21775
4546,24554
4546,24723
4547,495
4547,2098
4547,10217
4547,17147
4547,17909
4547,18391
4547,18801
4547,20180
4547,20858
4547,22207
4547,22980
4547,23233
4547,23340
4548,3117
4548,5631
4548,6269
4548,24821
4548,9817
4548,11005
4548,20165
4548,22473
4548,24008
4549,14244
4550,6375
4550,13216
4550,19399
4552,176
4552,879
4552,1362
4552,1952
4552,5054
4552,5070
4552,5709
4552,6268
4552,7375
4552,10359
4552,11354
4552,13266
4552,13736
4552,14035
4552,22126
4553,812
4553,2176
4553,5423
4553,5602
4553,6423
4553,6430
4553,11102
4553,11176
4553,13915
4553,14478
4553,15976
4553,20206
4553,22876
4554,1482
4554,2562
4554,5385
4554,5573
4554,6243
4554,7784
4554,7847
4554,8224
4554,8349
4554,11254
4554,11691
4554,14395
4554,14982
4554,16734
4554,19175
4554,19215
4554,19849
4554,19909
4557,1161
4557,2653
4557,5287
4557,6435
4557,6700
4557,8559
4557,9987
4557,13632
4557,14983
4557,16613
4557,18841
4557,22921
4557,23274
4557,24007
4560,12267
4560,12421
4560,19053
4562,1154
4562,4396
4562,16588
4563,608
4563,2361
4563,2368
4563,4405
4563,6118
4563,7520
4563,7889
4563,8451
4563,11384
4563,11624
4563,13642
4563,13657
4563,14516
4563,14533
4563,16443
4563,16678
4563,18160
4563,18802
4563,18579
4564,8630
4564,21001
4565,294
4565,5410
4565,5630
4565,7265
4565,9743
4565,16964
4565,17747
4565,19280
4565,22505
4566,675
4566,2152
4566,2326
4566,4899
4566,5369
4566,5524
4566,5531
4566,6617
4566,9999
4566,12841
4566,13428
4566,15237
4566,15691
4566,17415
4566,17974
4566,19880
4566,21396
4567,675
4567,3019
4567,6617
4567,9999
4567,12841
4567,13428
4567,15237
4567,15442
4567,15643
4567,17252
4567,17974
4567,19880
4567,21396
4567,22570
4567,23153
4568,2497
4568,6758
4568,7280
4568,9627
4568,11952
4568,18198
4568,18293
4568,20886
4568,22234
4568,23502
4569,9397
4569,23617
4570,9206
4570,10440
4570,20972
4572,20941
4572,22696
4573,585
4573,7124
4575,668
4575,1542
4575,5444
4575,9987
4575,11569
4575,11613
4575,11647
4575,14536
4575,14926
4575,15006
4575,17722
4575,18649
4575,23044
4575,24442
4576,1482
4576,1758
4576,4438
4576,5303
4576,5367
4576,5837
4576,6617
4576,24821
4576,7168
4576,7193
4576,7871
4576,9657
4576,10064
4576,10430
4576,11176
4576,12773
4576,13194
4577,4154
4577,5929
4577,7926
4577,10048
4577,11052
4577,11184
4577,11685
4577,11857
4577,11992
4577,13078
4577,16579
4577,16880
4577,17574
4577,17982
4577,18568
4577,18755
4578,7076
4578,10990
4578,16677
4579,4070
4579,6715
4579,17127
4580,20890
4580,23678
4580,24271
4581,2378
4581,2380
4581,3490
4581,4414
4581,9781
4581,12391
4581,18487
4581,23635
4581,23954
4582,2380
4582,3490
4582,4414
4582,5454
4582,5491
4582,8463
4582,10315
4582,10874
4582,12616
4582,12794
4582,19523
4582,22842
4582,23233
4584,13865
4584,15732
4584,20408
4588,1193
4588,1631
4588,20722
4589,980
4589,6971
4589,8431
4589,8660
4589,8737
4589,10525
4589,11544
4589,11867
4589,11881
4589,12930
4589,13733
4589,16485
4589,17402
4589,17986
4589,19493
4589,19834
4589,21550
4589,21661
4590,203
4590,3421
4590,10972
4591,2393
4591,4044
4591,8684
4591,11159
4591,20495
4591,21211
4591,21760
4591,23140
4592,6454
4592,15831
4592,19771
4595,2174
4595,3384
4595,4496
4596,141
4596,1359
4596,3109
4596,3352
4596,3473
4596,3547
4596,4164
4596,4657
4596,4714
4596,5290
4596,5602
4596,6587
4596,9213
4596,9948
4596,9990
4596,10450
4596,13613
4597,4412
4597,14596
4599,4478
4599,4524
4599,10783
4600,4939
4600,18924
4600,19399
4601,1078
4601,1154
4601,2570
4601,2884
4601,4953
4601,6270
4601,7663
4601,8234
4601,9316
4601,10664
4601,11070
4601,19668
4601,20281
4602,12620
4603,12620
4603,20686
4603,21225
4603,23712
4604,17030
4606,10862
4606,13468
4608,14651
4608,21276
4608,22895
4611,1583
4611,13623
4611,19956
4612,14440
4612,19421
4612,20844
4614,134
4614,2764
4614,2960
4614,4048
4614,5193
4614,6050
4614,6261
4614,7611
4614,8575
4614,9570
4614,13549
4614,15208
4614,15797
4614,18699
4614,19481
4614,19610
4614,19730
4616,1713
4616,3998
4616,6031
4616,8092
4616,12895
4616,15390
4616,21857
4616,23233
4618,9188
4618,17851
4619,1780
4619,7493
4619,11125
4620,10069
4620,10172
4620,22755
4624,1098
4624,2298
4624,7117
4624,7324
4624,8342
4624,9415
4624,12586
4624,13163
4624,15568
4624,16015
4624,16997
4624,17123
4624,17275
4624,18762
4624,22609
4624,23688
4624,24341
4625,9498
4625,16436
4627,602
4627,4392
4627,4582
4627,10294
4627,13186
4627,16045
4627,17222
4627,17425
4627,17710
4627,17734
4627,18416
4628,13125
4631,12058
4631,13176
4634,1271
4634,2700
4634,8834
4634,10098
4634,10844
4634,15445
4634,17575
4634,18513
4634,19206
4634,23963
4635,4760
4635,9347
4635,12642
4635,19410
4637,615
4637,3157
4637,4525
4637,7617
4637,10977
4637,11250
4637,11854
4637,20927
4637,21959
4637,23088
4637,23372
4638,12506
4638,22043
4638,23070
4638,24657
4640,13751
4640,15276
4640,18768
4640,20547
4641,2638
4641,6793
4641,10957
4642,8234
4642,9867
4642,11904
4642,24646
4643,5629
4643,8261
4643,11081
4644,12029
4644,12568
4647,13428
4648,6436
4648,8986
4648,13428
4649,3416
4649,9817
4649,10669
4649,23685
4652,35
4653,35
4653,4317
4653,4638
4653,11324
4654,449
4654,5638
4654,8565
4654,10797
4655,10454
4655,15599
4656,12188
4656,20168
4656,24217
4658,2413
4658,3264
4658,5681
4658,9110
4658,11032
4658,11957
4658,12652
4658,15855
4658,21949
4658,22202
4660,2044
4660,3338
4660,3793
4660,4394
4660,4589
4660,8986
4660,10693
4660,13820
4660,14394
4660,20802
4664,8796
4664,12513
4664,15353
4667,5626
4667,5718
4667,14978
4667,16789
4667,23698
4668,5626
4668,5718
4668,16789
4668,23698
4669,7278
4669,17508
4670,1443
4670,1446
4670,1575
4670,1630
4670,2439
4670,5436
4670,13778
4670,13781
4670,15258
4670,15322
4670,15350
4670,15522
4670,15743
4670,24712
4672,16310
4672,21376
4673,6497
4673,8165
4673,12699
4673,14007
4673,14782
4673,15626
4673,16121
4673,20072
4673,23735
4673,23853
4674,846
4674,15046
4674,21825
4674,22423
4674,22889
4675,2488
4675,3540
4675,4078
4675,5329
4675,6432
4675,8535
4675,12924
4675,17087
4675,17099
4675,23638
4676,4655
4676,19681
4676,23954
4679,2595
4679,5359
4679,5444
4679,5737
4679,7001
4679,10997
4679,16671
4680,5074
4680,8442
4680,10313
4680,11349
4680,17931
4684,7136
4684,8569
4684,12609
4684,16241
4684,23036
4685,1506
4685,4098
4685,6083
4685,6523
4685,7537
4685,9322
4685,10012
4685,13139
4685,21911
4685,23221
4686,1785
4686,6266
4686,7297
4686,10430
4686,11671
4686,14435
4686,15352
4686,15506
4686,17091
4686,18007
4686,18473
4686,19630
4686,22043
4686,22324
4686,22371
4686,22454
4686,23374
4686,24604
4687,2174
4687,13014
4688,2571
4688,13774
4688,20228
4689,31
4689,47
4689,391
4689,9115
4689,9599
4689,12472
4689,16384
4689,17272
4689,22213
4689,22743
4689,23086
4690,59
4690,614
4690,966
4690,1129
4690,2039
4690,3029
4690,4865
4690,6978
4690,9063
4690,11572
4690,19096
4690,20685
4690,21266
4690,22261
4690,22756
4690,22789
4691,7000
4691,11837
4691,17161
4691,20165
4693,2616
4693,3105
4693,10342
4693,19671
4693,19959
4693,20901
4693,21224
4694,3194
4694,3866
4694,6147
4694,8313
4694,9593
4694,9911
4694,10054
4694,10337
4694,11967
4694,14524
4694,15025
4694,17499
4694,20386
4694,22139
4694,24790
4695,1853
4695,4319
4695,6785
4695,7860
4695,10038
4695,13603
4695,16814
4695,17665
4695,18311
4695,22687
4695,23487
4696,4841
4696,13190
4696,22200
4701,4163
4701,4499
4701,5031
4701,5402
4701,7438
4702,302
4702,9999
4702,17635
4706,4822
4706,11756
4707,2728
4707,4146
4707,7942
4707,11323
4707,13180
4707,13229
4707,15918
4707,16672
4707,16734
4707,18905
4707,19682
4707,23284
4708,1464
4708,1474
4708,2254
4708,4268
4708,5079
4708,5486
4708,6096
4708,6638
4708,7427
4708,7436
4708,8408
4708,9039
4708,11393
4708,11892
4708,12371
4708,13111
4708,14173
4708,14464
4708,15147
4709,10160
4709,13884
4710,14440
4710,18521
4711,371
4711,3601
4711,3989
4711,5388
4711,6558
4711,8300
4711,8986
4711,9884
4711,12714
4711,13401
4711,13615
4711,13923
4711,19106
4711,19466
4711,19758
4711,20019
4711,21403
4714,1780
4714,6458
4714,10737
4714,13230
4715,44
4715,1050
4715,14279
4715,17836
4715,21297
4716,3621
4716,4070
4716,4895
4716,6785
4716,8690
4716,8986
4716,9026
4716,10862
4716,12505
4716,15843
4716,18974
4716,19330
4716,22013
4716,22764
4716,23060
4716,23223
4717,4895
4717,16672
4717,20972
4717,22764
4719,4303
4719,11562
4719,21145
4720,4404
4720,14053
4720,14440
4721,14625
4721,23363
4722,3349
4722,5606
4722,13616
4723,16974
4723,20166
4723,23729
4725,3345
4725,11267
4726,19647
4726,22584
4726,24274
4728,11023
4729,102
4729,11436
4729,22093
4730,11424
4730,23356
4734,2404
4734,7263
4734,7588
4734,7841
4734,8951
4734,9963
4734,10180
4734,10678
4734,11436
4734,12495
4734,13310
4734,14933
4734,17125
4734,17816
4734,18268
4734,19251
4734,19636
4734,21419
4737,3904
4737,8010
4737,15518
4737,16610
4738,3904
4738,8010
4738,16610
4738,21844
4739,4943
4739,8436
4739,21782
4740,16380
4740,18182
4740,18526
4741,2499
4741,2743
4741,8133
4741,11065
4741,11979
4741,12976
4741,13482
4741,17569
4741,18045
4741,18291
4741,19262
4741,19272
4741,20834
4741,22998
4741,23793
4742,3875
4742,10445
4742,12513
4742,19990
4742,20109
4743,3636
4743,19127
4743,23285
4744,1872
4744,3273
4744,3936
4744,4469
4744,8100
4744,9797
4744,17693
4744,22889
4744,24178
4745,657
4745,1793
4745,2237
4745,4735
4745,10265
4745,10425
4745,11204
4745,12944
4745,15677
4745,15683
4745,19651
4745,20232
4745,23145
4745,23632
4746,1243
4746,4367
4746,4642
4746,5388
4746,6441
4746,6736
4746,8017
4746,10181
4746,10455
4746,13019
4746,13915
4746,16863
4746,20045
4746,23406
4747,763
4747,1200
4747,5000
4747,5620
4747,9874
4747,11515
4747,12313
4747,18917
4747,18918
4747,20052
4747,20618
4747,20799
4747,20811
4747,21477
4747,24776
4749,6140
4749,23944
4750,13014
4750,18880
4750,21441
4751,517
4751,720
4751,2660
4751,3997
4751,4179
4751,7132
4751,12880
4751,13739
4751,23224
4751,23940
4753,4056
4753,18037
4753,20503
4757,6786
4758,433
4758,1033
4758,2509
4758,3437
4758,6139
4758,6684
4758,7001
4758,8490
4758,9517
4758,10684
4758,20121
4758,21348
4758,24056
4758,24163
4759,327
4759,1276
4759,8885
4759,10259
4759,18332
4759,19385
4759,23228
4760,3352
4760,4996
4760,11662
4760,11724
4760,11795
4760,20972
4760,23081
4760,23234
4760,23309
4762,204
4762,966
4762,4944
4762,5829
4762,7222
4762,13720
4762,22105
4762,23406
4763,13712
4764,7765
4764,8750
4764,10118
4764,13056
4764,17990
4764,20008
4764,20493
4764,22595
4764,24264
4764,24271
4765,2055
4765,3201
4765,3893
4765,4178
4765,8426
4765,16241
4765,19558
4765,20456
4766,23925
4769,19397
4769,21648
4769,22194
4769,24090
4771,1535
4771,9598
4771,9999
4772,1535
4772,9999
4772,10069
4773,1535
4773,3470
4773,5737
4773,6610
4773,9963
4773,9999
4773,10069
4773,14978
4773,21441
4775,22300
4776,13806
4778,2723
4778,5451
4778,5836
4778,6740
4778,11112
4778,13817
4778,14557
4778,15846
4778,17423
4778,17620
4778,21756
4779,24459
4780,1953
4780,3531
4780,5766
4780,8397
4780,9076
4780,19353
4780,19776
4780,21489
4780,23142
4780,24671
4782,7281
4782,20768
4784,8732
4784,16571
4786,6936
4786,7488
4786,7490
4786,7545
4786,7752
4786,14060
4786,14936
4786,18596
4786,19281
4786,23743
4787,890
4787,24608
4788,7264
4788,9963
4788,20518
4788,20688
4789,2353
4789,12346
4789,12574
4789,15544
4789,16073
4789,16076
4789,18972
4789,20772
4793,3537
4793,4503
4793,15398
4798,15721
4798,22574
4799,4758
4799,8310
4799,12166
4799,12991
4800,9407
4800,19795
4800,20047
4800,21675
4800,22609
4800,22640
4800,22642
4800,22657
4800,24531
4800,24573
4801,704
4801,1458
4801,8111
4801,11630
4803,9989
4803,11474
4803,11837
4805,7810
4805,12525
4805,17040
4806,279
4806,2080
4806,2141
4806,2655
4806,4737
4806,7666
4806,10295
4806,10533
4806,12661
4806,13286
4806,13523
4806,14036
4806,17732
4806,17741
4806,20381
4806,20380
4806,20866
4807,1467
4807,2511
4807,5503
4807,10233
4807,12063
4807,13050
4807,13723
4807,14054
4807,14145
4807,14746
4807,14916
4807,18339
4807,21043
4807,22211
4807,23195
4807,23504
4809,3490
4809,18831
4810,1855
4810,4610
4810,4820
4810,5035
4810,7876
4810,7894
4810,8681
4810,17624
4810,18837
4810,19734
4813,4324
4813,13190
4813,15849
4813,20899
4815,18218
4817,4106
4817,19074
4818,13384
4818,18774
4818,20972
4820,2042
4820,2930
4820,7497
4820,8866
4820,9392
4820,9740
4820,15127
4820,18245
4820,21770
4820,22990
4821,4428
4821,13635
4821,19036
4821,20338
4825,2423
4825,3103
4825,6098
4825,7837
4825,11308
4825,13546
4825,14076
4825,20281
4825,23810
4825,24130
4828,11559
4828,14025
4828,14846
4828,17121
4828,20365
4828,24767
4829,11696
4829,16990
4829,24157
4831,2180
4831,11756
4831,21798
4832,1634
4832,5542
4832,24217
4833,73
4833,817
4833,6737
4833,7847
4833,9707
4833,10720
4833,11037
4833,11840
4833,12043
4833,15894
4834,4563
4834,6192
4834,15779
4834,17691
4836,982
4836,1674
4836,5517
4836,5715
4836,5814
4836,7193
4836,9174
4836,10071
4836,11771
4836,17189
4836,20914
4836,21498
4836,22073
4836,22258
4837,1806
4838,1535
4839,1535
4839,4336
4839,8470
4840,12448
4840,23305
4841,13997
4842,7196
4842,18885
4842,20688
4843,11770
4843,19119
4843,20935
4844,23113
4846,7434
4846,10723
4846,19088
4847,6610
4847,7268
4847,13055
4848,2811
4848,3078
4848,5862
4848,7139
4848,7268
4848,9325
4848,9737
4848,10161
4848,11850
4848,14623
4848,14979
4848,15091
4848,15236
4848,15529
4848,16309
4848,16994
4848,17648
4848,18781
4848,19037
4850,2180
4850,15023
4850,16835
4852,2349
4852,4688
4852,7651
4852,23637
4854,3323
4854,3470
4854,3474
4854,4363
4854,4690
4854,6007
4854,6495
4854,8745
4854,9952
4854,10886
4854,12959
4854,14121
4854,14224
4854,15782
4854,19982
4854,20964
4854,22270
4856,13884
4856,19399
4857,425
4857,4841
4857,17402
4857,21705
4858,1602
4858,2586
4858,3612
4858,4474
4858,6253
4858,7225
4858,7766
4858,10112
4858,11196
4858,11497
4858,17535
4858,17803
4858,21472
4858,23935
4858,24169
4859,21860
4859,22609
4859,22643
4863,7581
4863,13190
4863,20914
4864,381
4864,1156
4864,1371
4864,1914
4864,4598
4864,4903
4864,4955
4864,5060
4864,6255
4864,6976
4864,10399
4864,11257
4864,11429
4864,12926
4864,13113
4864,14220
4864,14658
4865,2997
4865,16672
4866,19197
4868,2085
4868,6335
4870,2039
4870,6767
4870,7912
4870,11800
4870,11865
4872,4068
4872,22452
4872,24425
4873,13440
4873,16710
4873,17402
4873,20165
4874,776
4874,4399
4874,6220
4874,10756
4874,12126
4874,12379
4874,18704
4874,20661
4874,24657
4876,14621
4876,20441
4877,1187
4877,6110
4877,7268
4877,7699
4877,8990
4877,9495
4877,9650
4877,11282
4877,11701
4877,11761
4877,15058
4877,16314
4877,16437
4877,17182
4877,18900
4877,19797
4879,1076
4879,10136
4879,16029
4879,22307
4879,24181
4880,6387
4880,8607
4880,12563
4880,14829
4881,2241
4881,12372
4881,13252
4881,20372
4883,585
4883,4469
4883,7939
4883,12947
4884,3939
4884,7279
4884,15256
4884,16555
4884,17360
4884,17742
4884,22016
4884,22457
4884,22519
4884,24606
4887,8470
4887,10450
4887,14353
4888,8899
4888,21666
4888,23306
4889,2847
4889,6550
4889,23312
4890,12505
4890,18653
4890,19248
4891,3446
4891,3974
4891,19722
4891,23950
4892,5388
4894,2856
4894,3544
4894,6540
4894,8283
4894,10906
4894,10997
4894,11510
4894,12363
4894,13538
4894,16811
4894,16873
4894,19907
4894,19959
4894,23524
4894,24102
4894,24342
4897,10783
4897,12548
4897,16622
4897,16914
4897,19626
4899,12968
4899,17635
4902,10874
4902,11323
4902,14592
4903,913
4903,1190
4903,2343
4903,4163
4903,4325
4903,4954
4903,10621
4903,12654
4903,13807
4903,14400
4903,19442
4903,22268
4903,22320
4903,23047
4903,23256
4903,23514
4904,1473
4904,9439
4905,3789
4905,5359
4905,6858
4905,7039
4905,11548
4905,12529
4905,15198
4905,21708
4905,22702
4905,22903
4906,24269
4907,204
4907,1154
4907,16230
4908,8892
4908,17373
4909,2605
4909,8714
4909,18704
4909,20919
4911,3079
4911,4583
4911,6331
4911,7843
4911,10298
4911,11222
4911,12478
4911,14489
4911,18050
4911,20859
4911,20906
4911,21848
4911,22202
4911,23787
4912,8398
4912,11751
4913,1013
4913,2343
4913,2595
4913,5234
4913,5349
4913,6169
4913,7414
4913,9847
4913,10880
4913,10898
4913,13855
4913,13951
4913,16712
4913,19094
4913,19133
4913,20695
4913,23063
4914,6793
4915,13751
4915,21418
4915,24603
4918,475
4918,5122
4918,5873
4918,7912
4918,11686
4918,14293
4918,14464
4918,16527
4918,18510
4918,20280
4918,22900
4918,23794
4919,3102
4919,13616
4920,3918
4920,4039
4920,14197
4920,18037
4921,14041
4922,15065
4922,19771
4923,3001
4923,19771
4923,20837
4924,7171
4924,22764
4924,23306
4926,5945
4926,9511
4926,11354
4927,5531
4927,6220
4927,11670
4927,18704
4928,2711
4928,5295
4928,10294
4928,13262
4928,14195
4929,4124
4929,6147
4929,18801
4932,3248
4932,8558
4932,9723
4932,10873
4932,12391
4932,13146
4932,16452
4932,16677
4932,20272
4932,21687
4934,11324
4934,12365
4934,16588
4936,6655
4936,12685
4938,14317
4938,20599
4939,4529
4939,7196
4939,10486
4939,13159
4939,13185
4939,13259
4939,17026
4939,17949
4939,21668
4939,22644
4943,319
4943,7084
4943,7849
4943,8054
4944,4095
4944,7281
4945,1058
4945,1701
4945,6715
4945,9283
4945,9498
4945,20628
4945,20778
4946,5
4946,7143
4946,7892
4946,12370
4946,15634
4946,15669
4946,18825
4947,4664
4947,21650
4948,209
4948,3069
4948,3123
4948,3139
4948,4959
4948,6270
4948,8774
4948,10906
4948,13152
4948,13411
4948,14348
4948,18560
4948,20672
4948,20712
4948,24213
4949,2711
4949,13598
4950,4317
4950,13661
4950,19959
4953,900
4953,2733
4953,6528
4953,6930
4953,9360
4953,15435
4953,15707
4953,16934
4953,19271
4953,22391
4955,13872
4955,14549
4955,19007
4956,613
4956,3456
4956,12254
4956,12563
4956,14131
4956,18039
4956,18803
4956,19209
4956,21010
4956,24365
4957,3677
4957,6281
4957,8343
4957,14916
4957,16588
4957,19034
4957,21184
4958,558
4958,560
4958,561
4958,1849
4958,6890
4958,7830
4958,9772
4958,14692
4958,18109
4958,20376
4958,20755
4958,22872
4958,24576
4959,5292
4959,10225
4959,10231
4959,10317
4959,18152
4959,20119
4961,4277
4961,5975
4961,24205
4962,131
4962,1096
4962,1139
4962,1393
4962,1790
4962,11455
4962,16749
4962,16955
4962,21806
4962,23279
4963,13301
4964,10911
4964,20288
4964,22725
4965,1058
4965,8214
4965,23794
4967,570
4967,20383
4967,24061
4967,24475
4969,2879
4969,9440
4969,13623
4969,17402
4970,1782
4970,9579
4971,4498
4971,5322
4971,5667
4971,6018
4971,6584
4971,10736
4971,14433
4971,17092
4972,7001
4972,7005
4972,12202
4972,24639
4973,3074
4973,10545
4973,15020
4973,16047
4973,16118
4973,17130
4973,19357
4973,20361
4973,23362
4973,23365
4975,11751
4975,15385
4975,20280
4976,486
4976,1811
4976,2627
4976,2638
4976,3117
4976,4206
4976,5077
4976,6004
4976,7158
4976,7243
4976,11662
4976,12126
4976,16014
4976,16383
4976,17735
4976,21328
4976,21903
4976,23349
4976,24761
4977,3271
4977,18819
4978,21021
4978,22614
4979,7162
4979,8155
4979,8572
4979,9100
4979,9174
4979,10491
4979,15752
4979,17925
4979,19760
4979,21747
4980,5359
4980,20214
4981,9417
4981,10222
4981,19716
4981,20722
4985,1372
4985,4104
4985,5971
4985,6618
4985,7386
4985,12818
4985,14167
4985,19792
4985,20242
4985,20663
4987,9206
4987,13440
4988,12175
4988,13014
4989,960
4989,974
4989,21693
4992,89
4992,7921
4992,8760
4992,12866
4992,17516
4992,20800
4993,4231
4993,7469
4993,8356
4993,15973
4993,20340
4993,24175
4994,24814
4994,1730
4994,1872
4994,3566
4994,7801
4994,10241
4994,10785
4994,13904
4994,15386
4994,18416
4994,18445
4994,18545
4994,20972
4994,21427
4996,9867
4996,10972
4996,11729
4996,15765
4996,17433
4996,23161
4996,24218
4997,250
4997,2365
4997,8920
4997,9781
4997,22454
4997,22606
4997,23222
4999,265
4999,2593
4999,4348
4999,4409
4999,4523
4999,6023
4999,8558
4999,9259
4999,10067
4999,11255
4999,11384
4999,12513
4999,15029
4999,16213
4999,16383
4999,16530
4999,16698
4999,17333
4999,20757
5000,6223
5000,8536
5000,11837
5000,12512
5000,12950
5001,1535
5001,6776
5002,143
5002,8149
5002,8558
5002,14255
5004,2207
5004,4656
5004,5716
5004,11334
5004,12211
5004,15692
5004,16746
5004,16909
5004,19871
5005,1662
5005,3897
5005,6942
5005,9483
5005,11164
5005,13688
5005,14721
5005,17383
5005,18751
5005,23194
5005,23270
5005,23378
5006,4751
5006,10297
5006,21952
5008,699
5008,2882
5008,8154
5008,15575
5008,22889
5009,1962
5009,2900
5009,3826
5009,6200
5009,10118
5009,10984
5009,11243
5009,11384
5009,12826
5009,13096
5009,14651
5009,16525
5009,16539
5009,17725
5009,20503
5009,20691
5009,20844
5009,23092
5012,661
5012,1079
5012,3248
5012,3302
5012,3388
5012,5498
5012,6841
5012,6943
5012,10941
5012,11900
5012,13262
5012,13581
5012,13722
5012,14291
5012,18438
5012,18897
5012,19555
5012,21440
5013,14522
5013,15163
5013,16082
5013,24511
5014,229
5014,1210
5014,8400
5014,9600
5014,11067
5014,11791
5014,13980
5014,18081
5014,19899
5014,22385
5015,3089
5015,11990
5016,20056
5016,20737
5016,22610
5019,17289
5019,23727
5020,4419
5020,5661
5021,1405
5021,2645
5021,18983
5021,19050
5022,2084
5022,18351
5022,18953
5023,129
5023,1121
5023,3637
5023,5587
5023,7063
5023,8705
5023,12083
5023,12753
5023,13329
5023,13822
5023,14397
5023,17796
5023,18354
5023,21757
5023,21791
5023,21921
5023,23924
5025,68
5025,1634
5025,3117
5026,5392
5027,43
5027,3063
5027,3635
5027,5775
5027,6375
5027,6439
5027,7296
5027,10088
5027,14585
5027,15601
5028,1329
5028,1957
5028,4564
5028,6666
5028,9801
5028,9922
5028,14379
5028,15108
5028,15817
5028,16232
5028,16440
5028,18581
5028,21671
5029,11074
5030,18069
5031,7059
5031,7753
5031,7982
5031,14042
5031,14327
5031,15992
5031,20256
5031,20321
5031,23396
5031,24108
5032,16588
5032,20220
5032,23285
5034,14051
5035,15879
5036,6942
5036,10678
5036,11998
5036,12290
5036,13774
5037,13343
5038,3355
5038,4199
5038,4211
5038,4865
5038,5337
5038,8582
5038,11676
5038,12647
5038,13734
5038,14197
5038,15005
5038,19083
5038,20691
5038,23819
5039,69
5039,3589
5039,9070
5039,9881
5039,9973
5039,12017
5039,12637
5039,12995
5039,13127
5039,15047
5039,15898
5039,17110
5039,18263
5039,19785
5039,22951
5039,23399
5039,23492
5039,23612
5041,10702
5041,16242
5041,20214
5042,12609
5042,12950
5042,13135
5042,13836
5042,14362
5043,3384
5043,9440
5043,13056
5043,20414
5045,2580
5045,3893
5045,5793
5045,6770
5045,7218
5045,10260
5045,13433
5045,16842
5045,23351
5046,10072
5046,10983
5046,12991
5046,18774
5049,5838
5049,9241
5049,10048
5049,15173
5049,17679
5049,18416
5049,19702
5049,20430
5049,20539
5049,21944
5050,2638
5050,20165
5050,22897
5051,21168
5053,1418
5053,2645
5053,5948
5053,7166
5053,8686
5053,10633
5053,11256
5053,13381
5053,13633
5053,14210
5053,14592
5053,19239
5053,21344
5053,24418
5055,13384
5055,15886
5055,21597
5058,8773
5058,10988
5058,16646
5058,18936
5058,22664
5058,22987
5059,8773
5059,22271
5059,23406
5060,703
5060,2298
5060,4175
5060,6313
5060,7783
5060,8652
5060,9335
5060,10631
5060,12180
5060,12931
5060,15078
5060,15141
5060,15907
5060,17552
5060,19532
5060,21183
5060,22231
5060,22590
5061,203
5061,18697
5062,27
5062,1931
5062,3610
5062,3956
5062,4891
5062,8279
5062,8501
5062,10845
5062,17208
5062,20108
5062,20603
5062,21580
5063,5773
5063,7611
5063,16633
5065,2699
5065,8053
5065,8552
5065,10778
5065,15721
5066,178
5066,952
5066,2485
5066,6952
5066,9567
5066,11576
5066,14197
5066,14915
5066,16505
5066,16730
5066,18650
5066,21083
5066,22795
5067,73
5067,3002
5067,4356
5067,6968
5067,7271
5067,7894
5067,10396
5067,10760
5067,14035
5067,14840
5067,16588
5067,21043
5067,23195
5067,23504
5068,791
5068,3158
5068,4165
5068,6997
5068,8297
5068,10291
5068,11091
5068,11551
5068,13942
5068,14169
5068,14528
5068,14928
5068,15048
5068,17419
5068,20297
5068,22935
5070,2570
5070,3209
5070,4356
5070,4396
5070,7039
5070,21760
5070,24764
5072,3446
5072,12647
5072,23185
5076,8333
5077,2178
5077,4325
5077,5584
5077,6110
5077,7860
5077,10432
5077,10728
5077,10889
5077,11096
5077,11496
5077,13546
5077,13736
5077,14074
5077,22748
5077,23344
5078,7099
5078,13449
5078,14162
5078,14939
5079,23306
5080,1701
5080,2605
5080,2638
5080,4303
5080,6600
5080,10769
5080,14964
5080,15787
5080,17182
5080,22226
5081,8899
5081,15269
5081,19138
5082,3092
5082,5201
5082,7007
5082,9498
5082,18767
5082,19944
5082,22226
5083,158
5083,3037
5083,4070
5083,5388
5083,5747
5083,7727
5083,9382
5083,11345
5083,13023
5083,13087
5083,19729
5083,20051
5083,21351
5083,21439
5083,22515
5086,8802
5086,8996
5086,11571
5086,24759
5087,1840
5087,5560
5087,12517
5087,12879
5087,23966
5088,4367
5088,10683
5088,11189
5089,4894
5089,5926
5089,13190
5089,19682
5090,732
5090,1078
5090,2879
5090,3691
5090,8343
5090,9324
5090,10205
5090,10651
5090,11009
5090,11354
5090,14517
5090,16861
5090,22983
5091,28
5091,1504
5091,8470
5096,2026
5096,2477
5096,3484
5096,9283
5096,10291
5096,11860
5096,20658
5096,23351
5096,24264
5097,712
5097,838
5097,2595
5097,7136
5097,7333
5097,12164
5097,15847
5097,22807
5097,24548
5098,10573
5098,11837
5098,20844
5099,3897
5099,14688
5099,16029
5100,4676
5100,7760
5100,9451
5100,12398
5100,14419
5100,14691
5100,16473
5100,22566
5100,24150
5100,24431
5100,24520
5101,723
5101,1487
5101,2323
5101,3002
5101,3093
5101,4178
5101,4349
5101,8202
5101,9002
5101,10352
5101,10409
5101,12547
5101,12595
5101,12820
5101,17752
5101,18316
5101,19600
5101,19654
5102,2839
5102,6483
5102,11121
5102,11801
5102,13202
5102,17019
5102,19177
5102,20193
5102,20861
5102,23283
5104,3888
5104,3902
5104,5292
5104,7083
5104,7847
5104,11144
5104,11350
5104,22182
5104,24158
5104,24754
5106,10822
5106,15681
5108,2093
5108,5129
5108,6671
5108,11646
5108,11767
5108,12338
5108,16009
5108,16710
5108,22729
5108,24156
5109,2018
5109,6275
5110,503
5110,11667
5114,2471
5114,2817
5114,7464
5114,10134
5114,10654
5114,12925
5114,13583
5114,15439
5114,18037
5114,20278
5114,21777
5115,3208
5115,9247
5115,10957
5115,22297
5116,3446
5116,7168
5116,8255
5116,10867
5116,12134
5116,18214
5116,18819
5116,19302
5119,10573
5119,18037
5120,1402
5120,1789
5120,7297
5120,8884
5120,10034
5120,11925
5120,11951
5120,14931
5120,20460
5120,20859
5120,21895
5120,23765
5120,24308
5121,7136
5121,9233
5121,11865
5121,23879
5122,1453
5122,9088
5122,12747
5122,17048
5122,17843
5122,21187
5122,23708
5123,2986
5123,4055
5123,5023
5123,5349
5123,5786
5123,8810
5123,10400
5123,10852
5123,10943
5123,11119
5123,11123
5123,12119
5123,12244
5123,15116
5123,18595
5123,19414
5123,20683
5123,20766
5125,1616
5125,5588
5125,6896
5125,7560
5125,7681
5125,8615
5125,12923
5125,19903
5125,20253
5125,23411
5127,10625
5127,16560
5129,11235
5129,19302
5132,1187
5132,1237
5132,2292
5132,6002
5132,8155
5132,8704
5132,9181
5132,13410
5132,14755
5132,17231
5132,17327
5132,18505
5132,19764
5132,20479
5132,23063
5133,729
5133,1259
5133,1422
5133,2205
5133,3705
5133,5634
5133,6941
5133,7328
5133,9169
5133,12959
5133,15680
5133,17258
5133,18011
5133,19107
5133,22652
5133,24452
5133,24550
5134,10862
5134,22917
5135,5166
5135,4191
5135,5875
5135,6418
5135,7285
5135,7292
5135,7856
5135,8117
5135,8850
5135,19273
5136,2846
5136,8617
5136,21220
5137,4529
5137,7581
5137,9561
5137,16207
5137,21043
5138,2580
5138,24319
5139,729
5139,3261
5139,4097
5139,5219
5139,5547
5139,8751
5139,10120
5139,10452
5139,12609
5139,19724
5139,20225
5139,21825
5139,22736
5140,3089
5140,3168
5140,17788
5143,6209
5143,8155
5143,9828
5143,11155
5147,1922
5147,8301
5147,12351
5147,12891
5147,13648
5147,23969
5148,14440
5149,1291
5149,1370
5149,4405
5149,7945
5149,10284
5149,15871
5149,18848
5149,20396
5149,20676
5149,21434
5152,386
5152,2288
5152,4392
5152,6089
5152,14109
5152,14435
5152,16308
5152,22889
5152,24352
5153,1023
5153,1978
5153,5276
5153,5306
5153,6643
5153,7053
5153,11212
5153,13977
5153,16507
5153,16853
5153,18600
5153,21382
5153,22715
5153,22770
5153,23527
5154,1701
5154,10222
5154,12391
5155,1860
5155,9573
5155,9959
5155,11516
5155,11676
5155,15880
5155,18037
5155,18820
5155,21925
5155,24244
5157,18477
5157,20988
5158,3991
5158,5687
5158,5799
5158,8995
5158,9789
5158,14354
5158,15397
5158,18009
5158,19072
5158,19207
5158,19669
5158,20610
5158,22496
5160,4534
5160,17958
5163,4325
5163,7248
5163,12947
5163,24371
5164,1181
5164,1365
5164,1694
5164,2833
5164,4269
5164,8549
5164,10553
5164,13965
5164,14811
5164,16530
5164,20500
5165,28
5165,10972
5166,5583
5166,5604
5166,9157
5166,10409
5166,11384
5166,14727
5166,16284
5166,17051
5166,18152
5166,19745
5168,2668
5168,8613
5168,10701
5170,4517
5170,13540
5170,17025
5170,17325
5170,18643
5170,19248
5170,21345
5170,23563
5172,803
5172,4172
5172,5607
5172,11761
5172,15732
5173,13056
5173,19197
5175,8849
5175,12288
5175,15721
5175,22999
5176,6973
5176,11686
5176,18819
5176,18831
5178,9278
5178,11545
5178,21427
5180,7707
5180,11898
5181,746
5181,4936
5181,5576
5181,10990
5181,12085
5181,12175
5181,12235
5181,13019
5181,13215
5181,14740
5181,15181
5181,17146
5181,17990
5181,22672
5181,23433
5182,4847
5182,14840
5182,14988
5186,395
5186,705
5186,936
5186,6875
5186,8100
5186,10017
5186,11564
5186,18437
5186,18641
5186,20858
5186,23152
5187,1368
5187,4063
5187,6135
5187,6267
5187,6297
5187,11070
5187,11170
5187,15269
5187,16511
5187,19963
5187,23250
5188,143
5188,1058
5188,4402
5188,9023
5188,10337
5188,12609
5188,19127
5188,20213
5188,21562
5188,24178
5190,566
5190,569
5190,1266
5190,1441
5190,1636
5190,2086
5190,5580
5190,7639
5190,15702
5190,15703
5190,16058
5190,16285
5190,16356
5190,17704
5190,19317
5190,21410
5190,23804
5191,3197
5191,3956
5192,733
5192,7825
5192,8811
5192,11866
5194,7342
5194,7504
5194,8131
5194,12668
5194,14866
5194,15660
5194,16919
5194,18034
5194,18894
5194,19622
5195,3667
5195,6410
5195,13865
5198,10943
5198,20051
5199,11562
5199,20653
5200,9386
5200,14084
5201,5869
5201,5934
5201,8097
5201,8623
5201,10701
5201,11477
5201,12561
5201,14502
5201,15758
5201,17758
5201,24833
5201,18970
5201,18998
5201,19127
5201,19902
5201,21034
5202,367
5202,4405
5202,6546
5202,6875
5202,9277
5202,9438
5202,11110
5202,11825
5202,12167
5202,20183
5202,20269
5202,21043
5203,7039
5203,8649
5203,11729
5203,19069
5204,658
5204,3650
5204,5469
5204,5520
5204,10181
5204,10398
5204,13174
5204,13762
5204,16702
5204,17081
5204,17911
5204,21611
5204,22848
5205,846
5205,15131
5205,24089
5206,4800
5206,10851
5206,11917
5206,12106
5206,15770
5206,18005
5206,18409
5206,19894
5206,21030
5206,21603
5207,1819
5207,3479
5207,6098
5207,7575
5207,8157
5207,16517
5207,17385
5207,18230
5207,22985
5207,24613
5208,420
5208,3148
5208,4682
5208,4561
5208,5212
5208,12814
5208,17181
5208,18222
5208,21673
5208,21732
5208,22583
5208,21955
5208,24596
5209,6231
5209,7232
5209,7944
5209,8502
5209,8590
5209,10024
5209,10129
5209,11334
5209,11810
5209,16383
5209,21018
5210,1309
5210,2204
5210,13266
5210,15901
5210,17635
5210,18200
5210,18261
5210,18330
5210,18475
5210,23162
5212,3781
5212,3999
5212,13801
5214,2480
5214,2750
5214,5845
5214,6679
5214,9138
5214,9505
5214,10319
5214,20414
5214,23339
5214,24615
5215,1916
5215,3186
5215,4302
5215,6235
5215,8727
5215,9519
5215,13127
5215,13760
5215,13977
5215,14262
5215,18106
5215,24445
5217,8007
5217,20406
5218,4810
5218,6721
5218,9484
5218,15096
5218,16109
5218,16880
5218,23600
5218,24091
5218,24340
5218,24416
5219,2605
5219,3446
5219,12183
5219,14978
5219,17402
5220,11837
5220,14651
5222,6576
5222,7333
5222,20168
5223,1147
5223,1250
5223,10487
5223,11618
5223,12485
5223,17176
5223,17402
5223,18046
5223,19285
5223,21220
5224,4604
5224,4933
5224,5329
5224,7047
5224,10906
5224,11053
5224,11904
5224,17693
5224,17984
5224,18966
5224,23102
5224,24711
5229,613
5229,7452
5231,6821
5231,8697
5231,9624
5231,13645
5231,13875
5231,15328
5231,22427
5231,22608
5231,22766
5231,24453
5232,11435
5232,23439
5232,24150
5234,803
5234,3453
5234,12131
5234,19142
5235,4939
5235,5531
5235,6139
5235,16841
5236,10473
5236,11628
5236,12447
5236,14500
5236,14893
5236,17562
5237,5899
5237,8108
5237,11141
5237,16932
5237,22189
5237,23683
5238,2000
5238,5961
5238,7201
5238,7801
5238,7997
5238,8072
5238,11507
5238,16601
5238,19678
5238,20300
5238,22636
5238,22983
5238,23123
5238,23287
5241,960
5241,1413
5241,4995
5241,5554
5241,6258
5241,6394
5241,8520
5241,9248
5241,12568
5241,13829
5241,15037
5241,16404
5241,17252
5241,18330
5241,22734
5241,23885
5242,2184
5242,15013
5242,18998
5242,22871
5243,4042
5243,4933
5243,6605
5243,8672
5243,11089
5243,11969
5243,12228
5243,16838
5243,22824
5243,23996
5245,15721
5245,16725
5246,13737
5246,23729
5246,24218
5247,5548
5247,16982
5247,20165
5248,688
5248,1872
5248,4170
5248,5122
5248,5548
5248,6098
5248,11182
5248,16482
5248,16982
5248,21942
5256,4178
5256,11739
5256,17766
5256,17931
5256,20051
5256,23306
5256,24790
5257,6267
5257,13087
5257,19399
5259,2638
5259,4417
5259,5898
5259,10160
5260,2638
5260,4417
5260,5898
5260,10160
5261,2638
5261,4417
5261,5898
5263,7872
5263,15131
5263,15467
5264,11898
5264,23950
5266,1336
5266,2997
5266,20839
5267,4720
5267,8192
5267,8505
5267,9281
5267,14155
5267,14440
5267,14592
5267,15501
5267,16995
5267,22041
5267,23740
5267,24513
5268,16974
5268,18737
5270,6170
5270,13387
5270,23653
5271,3089
5271,14794
5271,23653
5272,2939
5272,15117
5272,23653
5273,6124
5273,7541
5273,23260
5273,23653
5274,2944
5274,5131
5274,5340
5274,7770
5274,9288
5274,9904
5274,12403
5274,14668
5274,17212
5274,17340
5274,17503
5274,18352
5274,19860
5274,22031
5274,22445
5275,3708
5275,6473
5275,12896
5275,23295
5277,10230
5277,10310
5277,16036
5279,10813
5279,15671
5281,102
5281,2039
5281,11592
5281,14029
5282,2833
5282,7520
5282,8802
5282,12505
5282,16383
5282,23514
5283,3960
5283,4895
5283,8996
5283,21820
5285,662
5285,4070
5285,16241
5285,18437
5285,24158
5286,202
5286,4070
5286,11538
5286,13452
5286,16155
5291,11006
5291,17723
5291,19558
5293,1514
5293,2991
5293,3452
5293,7992
5293,9476
5293,10947
5293,11416
5293,11675
5293,17053
5293,17602
5293,18677
5293,23503
5296,683
5296,1389
5296,3916
5296,4917
5296,10561
5296,10678
5296,10859
5296,11865
5296,12051
5296,12779
5296,15905
5296,16379
5296,17658
5296,17968
5296,18669
5297,4209
5297,19956
5298,12720
5298,15093
5301,6165
5301,7093
5301,7140
5301,12150
5301,14662
5301,16295
5301,17348
5301,20572
5301,22107
5301,22980
5302,2983
5302,6166
5302,24183
5302,24238
5304,1614
5304,2577
5304,3010
5304,7406
5304,9749
5304,12834
5304,15762
5304,19919
5304,19966
5304,20677
5305,501
5305,6113
5305,9914
5305,10630
5305,18959
5305,19398
5305,20924
5305,22009
5305,22036
5307,11693
5307,24717
5308,1535
5308,3234
5308,7039
5308,9686
5308,9703
5308,12609
5308,13330
5308,14348
5308,17218
5308,19057
5308,20896
5308,21547
5309,1535
5309,4303
5309,5783
5309,6695
5309,7039
5309,9121
5309,9686
5309,10953
5309,12383
5309,12609
5309,12729
5309,14348
5309,16980
5309,17275
5309,20203
5309,20896
5309,22887
5310,8636
5310,17363
5312,2939
5312,10454
5312,20714
5313,1118
5313,1681
5313,4479
5313,8433
5313,9726
5313,10145
5313,10209
5313,10780
5313,11912
5313,15195
5313,17001
5313,18734
5313,18922
5313,19490
5313,22499
5314,318
5314,6257
5314,8119
5314,9890
5314,12384
5314,15700
5314,21839
5314,22038
5314,23687
5315,9831
5315,11194
5315,16441
5315,18129
5316,6425
5316,7723
5316,9397
5316,9775
5316,9828
5316,14495
5316,16913
5316,17448
5316,17449
5316,17561
5316,19498
5316,19624
5316,19735
5316,24433
5316,24547
5317,8579
5317,15048
5317,18887
5317,19114
5318,1058
5318,16588
5318,19248
5319,682
5319,1058
5319,1470
5319,4011
5319,4257
5319,4542
5319,4895
5319,6397
5319,11071
5319,11215
5319,12176
5319,12543
5319,14528
5319,16588
5319,19248
5319,22133
5320,8214
5320,15676
5320,16990
5322,2339
5322,13158
5322,19002
5322,24454
5324,1154
5324,1835
5324,4635
5324,6270
5324,9149
5324,9316
5324,16863
5324,19990
5324,20628
5326,4534
5326,13226
5326,23386
5327,14053
5327,14396
5327,20280
5328,10440
5328,20914
5329,4655
5329,5229
5329,6152
5330,10784
5330,10800
5330,11863
5331,19213
5334,10972
5334,22320
5334,24342
5336,3897
5336,13835
5336,14916
5336,16990
5338,8263
5338,8754
5338,9633
5338,15781
5338,17636
5338,20188
5338,22924
5338,22984
5340,124
5340,3455
5340,4992
5340,5643
5340,5850
5340,8302
5340,8834
5340,9706
5340,19624
5340,20398
5340,23016
5341,783
5341,1336
5341,2827
5341,4856
5341,9223
5341,9896
5341,14608
5341,14617
5341,17812
5341,18037
5341,18468
5341,18869
5341,19923
5342,434
5342,4396
5342,9108
5342,9440
5344,1529
5344,9091
5344,9416
5344,11281
5344,12586
5344,16082
5344,17593
5344,17637
5344,22250
5344,22656
5344,22736
5344,24451
5345,1105
5345,6927
5345,10475
5345,16444
5345,18251
5346,6436
5346,12134
5346,16641
5346,24779
5347,3718
5347,3936
5347,6665
5347,7420
5347,9074
5347,15647
5347,15699
5347,18561
5347,19554
5347,20578
5348,8037
5348,11229
5348,14303
5349,1058
5349,2014
5349,4103
5349,8290
5349,10457
5349,14383
5349,14518
5349,20910
5349,23235
5349,23275
5349,23332
5349,23619
5352,413
5352,7572
5352,8236
5352,9804
5352,15397
5352,20011
5352,20082
5354,10619
5354,17413
5354,24205
5354,24646
5357,3437
5357,4275
5357,13847
5358,3164
5358,3311
5358,3862
5358,9097
5358,11645
5358,12825
5358,12908
5358,13377
5358,15639
5358,15816
5358,16207
5358,16406
5358,16629
5358,20546
5358,23196
5360,11686
5360,12505
5360,16613
5360,20214
5361,352
5361,9402
5361,15380
5361,17244
5361,17278
5361,17281
5361,20058
5361,24622
5361,24534
5361,24570
5364,17402
5365,5291
5365,14651
5365,19922
5370,15528
5371,6873
5371,13980
5373,7880
5373,10997
5373,18069
5374,1457
5374,3952
5374,4461
5374,16921
5376,1870
5376,2004
5376,3359
5376,7109
5376,7711
5376,10142
5376,12310
5376,14925
5376,15579
5376,18485
5376,19245
5376,24025
5377,3935
5377,8847
5378,2322
5378,2887
5378,6444
5378,9295
5378,9782
5378,10900
5378,11760
5378,11827
5378,12386
5378,12522
5378,14317
5378,15636
5378,17595
5378,17956
5378,19997
5378,20407
5379,10678
5379,13623
5379,20063
5381,11724
5381,15732
5381,20155
5382,15693
5383,15559
5383,17340
5383,19727
5383,22076
5385,2374
5385,2868
5385,8337
5385,9009
5385,9049
5385,11904
5385,14361
5385,14746
5385,22145
5385,23161
5386,3325
5386,6270
5386,6707
5386,9650
5386,12191
5386,12482
5386,12988
5386,14440
5386,15309
5386,15996
5386,16671
5386,23430
5386,24158
5387,2625
5387,7509
5387,8558
5387,8978
5387,9218
5387,11536
5387,13225
5387,14197
5387,18103
5387,18335
5388,3000
5388,11375
5388,14232
5388,24742
5389,10972
5389,18574
5390,5988
5390,6817
5390,9205
5390,15903
5390,24508
5391,12391
5391,14231
5391,18574
5392,1745
5392,3460
5392,7526
5392,8435
5392,9836
5392,14713
5392,16396
5392,17743
5392,18382
5392,21686
5392,23002
5394,158
5394,454
5394,508
5394,2346
5394,2368
5394,3410
5394,5931
5394,7337
5394,8529
5394,12430
5394,12526
5394,13833
5394,14035
5394,15818
5394,16024
5394,16239
5394,16585
5394,17024
5394,19671
5395,4356
5395,18704
5395,19477
5396,5308
5396,11436
5396,21438
5397,351
5397,2464
5397,4042
5397,5329
5397,6186
5397,10315
5397,10904
5397,12180
5397,12615
5397,12968
5397,13182
5397,20344
5397,21994
5397,22253
5399,1049
5399,3020
5399,11686
5400,2294
5400,3744
5400,3801
5400,6126
5400,6949
5400,11195
5400,14905
5400,15497
5400,19278
5400,23984
5401,15955
5402,1557
5402,3708
5402,3979
5402,10817
5402,13757
5402,14458
5402,15958
5402,17049
5402,18461
5406,4318
5406,4715
5406,6560
5406,7196
5406,8290
5406,8822
5406,10989
5406,13047
5406,15408
5406,16778
5406,17685
5406,18571
5406,22109
5407,7329
5407,8122
5407,9014
5407,9376
5407,11323
5407,11411
5407,12991
5407,13305
5407,14835
5407,20575
5407,20744
5407,21680
5407,24628
5408,1984
5408,4091
5408,4303
5408,6108
5408,8935
5408,11474
5408,14622
5408,14895
5408,20456
5408,20679
5408,21148
5408,21684
5408,22618
5408,22786
5408,22827
5409,1518
5409,2645
5409,4895
5409,5943
5409,6289
5409,7168
5409,7196
5409,11561
5409,12543
5409,14545
5409,16588
5409,17779
5409,19313
5410,275
5410,599
5410,1502
5410,3205
5410,5925
5410,6826
5410,8343
5410,8899
5410,8900
5410,9579
5410,9871
5410,9939
5410,10038
5410,10378
5410,11497
5410,11808
5410,14426
5410,15557
5410,15938
5410,19928
5411,2552
5411,2600
5411,4684
5411,6546
5411,7039
5411,9501
5411,11467
5411,15315
5411,22200
5411,23340
5412,15619
5414,2990
5414,10862
5414,11216
5414,11724
5414,15065
5414,18998
5415,1591
5415,3195
5415,3668
5415,10651
5415,12732
5415,15923
5415,16892
5415,16976
5415,19764
5417,10317
5417,18801
5417,20628
5418,234
5418,3316
5418,4453
5418,5638
5418,11401
5418,13406
5418,16129
5418,16994
5418,18769
5418,23435
5418,24414
5420,15140
5421,3733
5421,16237
5421,18767
5422,7196
5422,12000
5422,16230
5422,21220
5423,915
5423,18037
5423,20899
5424,1583
5424,9225
5424,9380
5425,2199
5425,3911
5425,10163
5425,10226
5425,10274
5425,12970
5425,14591
5425,16679
5425,20460
5425,22387
5428,249
5428,752
5428,1700
5428,1843
5428,3660
5428,3942
5428,4961
5428,8158
5428,9121
5428,15682
5428,16940
5428,19246
5428,20967
5428,24366
5429,5328
5430,2893
5430,5760
5430,7520
5430,8205
5430,8776
5430,12859
5430,14157
5430,15925
5430,20839
5430,24656
5432,11686
5432,14244
5432,18216
5433,12211
5433,14098
5433,15049
5433,20127
5433,23036
5434,611
5434,13990
5436,2528
5436,15847
5436,17127
5437,4712
5437,11122
5437,13376
5437,13459
5440,1505
5440,1631
5440,10328
5440,11090
5442,709
5442,3466
5442,4435
5442,6678
5442,12047
5442,14281
5442,17767
5442,20490
5442,20704
5442,21433
5444,9499
5444,11592
5445,1450
5445,3833
5445,4719
5445,5252
5445,13381
5445,15784
5445,18126
5445,20943
5445,22326
5445,22353
5446,17477
5447,5705
5447,20310
5448,4224
5448,19028
5449,14053
5449,20115
5450,362
5450,2477
5450,6228
5450,6643
5450,8506
5450,10121
5450,13020
5450,13137
5450,13497
5450,17745
5450,18704
5450,20476
5450,23018
5450,24121
5450,24230
5451,362
5451,6643
5451,8506
5451,13137
5451,23018
5453,4688
5453,5030
5453,5861
5453,17104
5455,13411
5455,15575
5456,714
5456,1456
5456,2713
5456,4167
5456,5353
5456,6201
5456,8285
5456,8716
5456,9807
5456,10541
5456,11493
5456,12118
5456,12311
5456,13121
5456,15259
5456,17626
5457,18416
5457,19425
5457,23047
5458,4502
5458,4718
5458,24639
5461,3205
5461,4103
5461,7139
5461,10542
5461,20858
5462,2167
5462,12911
5464,11324
5464,19849
5465,1634
5465,16990
5466,14541
5466,19783
5469,20460
5469,20697
5469,21267
5471,11953
5471,14596
5471,19477
5472,23993
5473,4521
5473,4772
5473,5417
5473,6513
5473,7748
5473,8461
5473,9125
5473,9511
5473,11656
5473,12195
5473,15808
5473,16454
5474,2531
5474,2948
5474,5508
5474,6468
5474,12391
5474,14411
5474,14444
5474,15029
5474,15065
5474,20882
5475,10683
5475,11182
5475,16994
5475,23386
5478,493
5478,13696
5482,28
5482,11182
5482,14738
5483,6709
5483,6973
5484,630
5484,11021
5484,14613
5484,20611
5484,22383
5486,1504
5486,22693
5486,23653
5487,2457
5487,2638
5487,2975
5487,6610
5487,20165
5487,22897
5489,2638
5489,20165
5491,5415
5491,24184
5492,13467
5492,21317
5493,8424
5493,10292
5493,13679
5493,14214
5493,14330
5493,15538
5493,17115
5493,17122
5493,19545
5493,20429
5493,24059
5493,24175
5493,24587
5496,3105
5496,11931
5496,24217
5497,3127
5497,4939
5497,5293
5497,6737
5497,8465
5497,11984
5497,12972
5497,17036
5497,19588
5497,23293
5497,24229
5500,4303
5500,24217
5501,3875
5501,8899
5501,11544
5502,1720
5502,2666
5502,2699
5502,3837
5502,7275
5502,8833
5502,11457
5502,17525
5502,18753
5502,21716
5505,325
5505,4983
5505,5409
5505,5459
5505,7013
5505,10841
5505,11137
5505,12348
5505,23113
5508,2334
5508,2612
5508,2809
5508,9333
5508,17017
5508,20335
5508,20336
5508,23129
5508,23836
5508,24278
5512,23386
5512,24234
5513,12166
5513,23386
5513,24234
5514,1269
5514,1465
5514,1559
5514,4379
5514,5962
5514,7268
5514,11146
5514,13153
5514,13792
5514,13975
5514,14127
5514,14440
5514,17648
5514,18990
5514,19523
5514,19716
5514,22245
5514,22930
5515,5122
5515,20165
5517,203
5517,1772
5517,5998
5517,10990
5517,12391
5517,12762
5517,20518
5518,16561
5518,16595
5518,20571
5518,24506
5518,24507
5519,1806
5519,2759
5519,4240
5519,14464
5519,14536
5519,15367
5519,19721
5519,23406
5520,17631
5520,20900
5524,2693
5524,6268
5524,8849
5526,5157
5526,8920
5526,23952
5527,14988
5527,16128
5527,23952
5529,10350
5529,13619
5529,14005
5529,20236
5532,23477
5533,10988
5533,13634
5533,19076
5536,4894
5536,10450
5536,14418
5537,4552
5537,5882
5537,16733
5537,23711
5537,23884
5538,8398
5538,23113
5538,23351
5539,2736
5539,10075
5539,10085
5539,11531
5539,13016
5539,15881
5539,16763
5539,22334
5539,22520
5539,23756
5540,16769
5542,2625
5542,3621
5542,3649
5542,8179
5542,10291
5542,19725
5542,20102
5544,1449
5544,5560
5544,18044
5547,683
5547,4691
5547,6237
5547,7826
5547,8594
5547,10709
5547,11115
5547,12921
5547,13023
5547,14089
5547,14446
5547,14916
5547,15533
5547,17533
5547,18359
5547,20734
5547,22140
5548,8168
5548,8617
5548,15065
5549,5873
5549,6804
5549,7123
5549,14813
5552,7789
5552,12263
5552,12344
5554,3446
5554,3566
5554,7136
5554,10071
5554,15023
5554,15164
5554,16446
5554,16647
5554,21876
5554,22546
5556,2281
5556,2563
5556,10952
5556,13300
5556,17921
5556,18269
5556,18766
5556,18857
5556,19415
5556,20119
5556,22420
5556,23090
5557,7734
5557,9185
5557,17641
5557,24686
5558,731
5558,1421
5558,5915
5558,6640
5558,12138
5558,12707
5558,16194
5558,19011
5558,24126
5558,24250
5560,1277
5560,1673
5560,1945
5560,2925
5560,5202
5560,7084
5560,7894
5560,8867
5560,9311
5560,9827
5560,10054
5560,12445
5560,14687
5560,14874
5560,23935
5560,24230
5560,24276
5561,28
5561,712
5561,3633
5561,5605
5561,6147
5561,6695
5561,8772
5561,10232
5561,10253
5561,10308
5561,13174
5561,15037
5561,15049
5561,15385
5561,17974
5561,18774
5561,22609
5561,24342
5565,156
5565,1644
5565,2231
5565,24639
5566,2344
5566,2768
5566,2851
5566,6797
5566,6868
5566,10142
5566,11703
5566,11708
5566,11858
5566,13617
5566,13988
5566,14316
5566,17015
5566,17105
5566,20845
5566,23051
5568,749
5568,3742
5568,4043
5568,5774
5568,9653
5568,11198
5568,11772
5568,13195
5568,14093
5568,14110
5568,15847
5568,17713
5568,18127
5568,19045
5568,19326
5568,19652
5568,20439
5569,6436
5569,7123
5569,7651
5569,16875
5570,2143
5570,2775
5570,3723
5570,3775
5570,4264
5570,7439
5570,7874
5570,9347
5570,11376
5570,11381
5570,12567
5570,14226
5570,17144
5570,19410
5570,20404
5570,22088
5570,24147
5571,17152
5572,1173
5572,4152
5572,4903
5572,5962
5572,7256
5572,8210
5572,8780
5572,9708
5572,10644
5572,12853
5572,13751
5572,13964
5572,14030
5572,20239
5572,21555
5572,22015
5573,7136
5573,12166
5573,21328
5574,4830
5574,13626
5575,17276
5577,61
5577,455
5577,2854
5577,11904
5577,13914
5577,15229
5577,19312
5577,22454
5578,4827
5578,9382
5578,17402
5579,618
5579,5220
5579,10395
5582,479
5582,5619
5582,7382
5582,7508
5582,18225
5582,21255
5582,22353
5582,24229
5582,24464
5582,24477
5584,1336
5584,5896
5584,7485
5584,9120
5584,11184
5584,12464
5584,17925
5584,20635
5584,21803
5584,22272
5585,4510
5585,13884
5585,23729
5586,2908
5586,13521
5586,24676
5588,986
5588,1754
5588,4829
5588,6589
5588,6989
5588,7440
5588,7965
5588,13465
5588,15756
5588,22925
5589,960
5589,4416
5589,8384
5589,11904
5589,16771
5589,19258
5589,20995
5589,22271
5590,525
5590,3875
5590,18122
5591,16350
5591,23285
5592,632
5592,1125
5592,3410
5592,4411
5592,4633
5592,6994
5592,14161
5592,15768
5592,15812
5592,16666
5592,20049
5592,20419
5592,20968
5592,24700
5593,13815
5593,17777
5593,18704
5594,6170
5594,14179
5594,16718
5595,3357
5595,5047
5595,10990
5595,13863
5595,15947
5596,5089
5596,5390
5596,7400
5596,7441
5596,8350
5596,9165
5596,10173
5596,11555
5596,11676
5596,13879
5596,13793
5596,16082
5596,16868
5596,17268
5596,17321
5596,19722
5596,22169
5596,23849
5597,8100
5597,9365
5597,24244
5598,2026
5598,12448
5598,14518
5599,22160
5600,1193
5600,13513
5600,18924
5601,5458
5601,8773
5601,11254
5601,12657
5601,12767
5601,13190
5601,14533
5601,20576
5601,22188
5603,1188
5603,12360
5603,24193
5604,17247
5605,22820
5607,397
5607,1809
5607,2452
5607,5102
5607,5283
5607,5484
5607,8212
5607,8575
5607,9871
5607,16180
5607,18472
5607,19893
5607,21355
5607,23024
5607,24032
5607,24207
5608,16672
5608,20995
5609,19786
5609,20995
5609,24291
5610,1717
5610,24598
5612,424
5612,779
5612,13316
5612,14680
5612,14704
5612,14800
5612,15513
5612,15537
5612,16123
5612,18055
5612,19235
5614,19629
5614,23548
5614,24645
5617,960
5617,2098
5617,4405
5617,7027
5617,7571
5617,12367
5617,20610
5617,20972
5617,22884
5618,1154
5618,4688
5618,7939
5619,7218
5619,7651
5619,19849
5621,8842
5621,11194
5621,11761
5621,15843
5621,16875
5623,6397
5623,6576
5623,18602
5623,23406
5624,1151
5624,4298
5624,5941
5624,7268
5624,9498
5624,16185
5624,22206
5624,23185
5624,24646
5624,24764
5626,525
5626,11086
5626,19716
5626,21825
5626,23285
5626,23988
5627,525
5627,924
5627,1504
5627,9316
5627,16974
5627,19716
5627,21310
5627,21825
5627,23285
5627,23789
5627,23988
5627,24178
5628,23285
5629,16974
5629,23285
5629,23988
5631,8294
5631,23161
5632,2616
5632,20722
5633,26
5633,3471
5633,3491
5633,16152
5633,21247
5633,23267
5634,5130
5634,17829
5634,22907
5634,23142
5636,6106
5636,6305
5636,20935
5637,8802
5637,14755
5641,1466
5641,3610
5641,3612
5641,5138
5641,6160
5641,9689
5641,10300
5641,13197
5641,20332
5641,21491
5642,5705
5642,5845
5642,8272
5642,12534
5642,17291
5642,21650
5645,2451
5645,4957
5645,7134
5645,9879
5645,12741
5645,16264
5645,16775
5645,19806
5645,20048
5645,24354
5646,85
5646,400
5646,821
5646,1019
5646,1580
5646,6374
5646,9529
5646,11301
5646,13603
5646,17267
5646,17535
5646,20085
5646,22404
5647,6666
5647,7659
5647,9572
5647,10026
5647,11906
5647,12654
5647,12811
5647,18214
5647,20206
5647,21653
5649,8257
5649,18545
5650,5727
5650,6273
5650,7284
5650,10821
5650,15724
5650,17742
5650,18452
5650,18931
5650,20818
5650,20973
5651,7678
5651,14056
5651,20372
5652,1512
5652,2820
5652,2981
5652,3325
5652,4405
5652,8739
5652,9633
5652,9957
5652,11093
5652,11194
5652,11533
5652,11891
5652,13411
5652,15238
5652,16677
5652,17686
5652,19484
5652,20930
5654,1544
5654,1718
5654,2918
5654,8405
5654,12128
5654,13941
5654,14783
5654,15683
5654,16442
5654,18037
5654,18418
5654,19478
5654,20232
5654,20933
5654,21376
5654,24679
5656,756
5656,1700
5656,1847
5656,18748
5656,22519
5657,67
5657,18712
5657,21085
5657,21295
5657,23490
5658,12448
5658,12453
5658,13623
5658,15270
5658,15485
5659,1344
5659,1348
5659,4321
5659,6118
5659,6330
5659,6431
5659,6808
5659,7061
5659,7644
5659,8611
5659,8612
5659,9661
5659,12508
5659,13684
5659,15329
5659,15737
5660,10701
5660,12285
5660,15013
5664,6413
5664,8398
5664,10048
5664,12448
5665,3105
5665,11931
5665,20281
5666,1021
5666,13495
5666,22609
5669,3208
5669,3345
5671,6068
5671,12473
5671,12506
5671,12852
5671,14028
5671,17319
5671,18818
5671,21916
5671,21926
5671,24312
5673,18485
5673,19256
5674,5507
5674,24825
5674,17304
5674,22022
5676,5930
5676,6756
5676,9325
5676,9424
5676,13921
5676,15132
5676,17337
5676,17884
5676,18429
5676,18654
5676,19167
5676,24079
5676,24260
5677,14499
5677,17644
5678,3434
5678,4178
5678,4537
5679,543
5679,3719
5679,6506
5679,10923
5679,10988
5679,10996
5679,11275
5679,11693
5679,13265
5679,13266
5679,17111
5679,18799
5679,19553
5679,20255
5679,23128
5679,24299
5680,17262
5680,20885
5680,22054
5681,2399
5681,3072
5681,6852
5681,24100
5681,24347
5682,19
5682,6297
5682,9407
5682,10556
5682,11397
5682,12184
5682,16415
5682,17154
5682,17612
5682,17903
5682,20418
5682,21222
5682,22595
5682,23435
5683,10508
5683,11006
5683,16883
5684,1187
5684,2477
5684,5531
5684,8023
5684,9443
5684,10516
5684,14923
5684,20109
5684,23046
5685,21224
5685,24188
5686,23
5686,1498
5686,3690
5686,3911
5686,4074
5686,8633
5686,9971
5686,12251
5686,13266
5686,16714
5686,18055
5686,20946
5687,2879
5687,8986
5688,11518
5688,11864
5688,20882
5688,21925
5689,2885
5689,11724
5690,2885
5690,11724
5690,22268
5691,19544
5691,19771
5691,22195
5692,13073
5692,14255
5692,21371
5697,20899
5699,664
5699,2176
5699,6593
5699,9350
5699,10171
5699,10533
5699,15291
5699,17636
5699,21545
5700,6610
5700,10222
5700,22481
5702,2846
5702,3446
5702,6793
5702,7939
5702,9174
5702,10568
5702,10678
5702,12819
5702,23113
5703,20228
5703,20418
5703,20613
5703,22191
5704,6590
5704,14187
5704,20390
5706,1914
5706,3092
5706,4429
5706,12972
5706,16899
5706,16994
5706,20507
5706,23233
5706,23987
5709,6267
5709,9124
5709,19477
5710,4340
5710,4423
5710,12986
5712,3735
5712,5075
5712,14391
5712,15856
5712,18746
5713,1404
5713,3616
5713,3700
5713,4911
5713,8026
5713,9343
5713,9511
5713,11293
5713,11585
5713,14256
5713,15814
5713,18756
5713,19777
5713,20228
5713,20436
5713,22220
5713,24536
5714,4295
5714,5435
5714,9417
5714,11226
5714,11554
5714,12190
5714,14024
5714,14401
5714,14987
5714,16141
5714,16467
5714,16483
5714,21874
5714,22609
5715,7651
5715,8910
5715,11860
5715,18437
5716,13029
5716,14580
5716,20935
5718,570
5718,1265
5718,7640
5718,15126
5718,17114
5718,18362
5718,20637
5718,22691
5718,23932
5718,24593
5719,7785
5719,23820
5720,2243
5720,2531
5720,4208
5720,5219
5720,6417
5720,8945
5720,10033
5720,16361
5720,18458
5720,21360
5721,1110
5721,1210
5721,1658
5721,3687
5721,5842
5721,13980
5721,17225
5721,17724
5721,17941
5721,21062
5722,624
5722,1039
5722,1847
5722,5027
5722,6385
5722,6445
5722,8021
5722,9957
5722,10207
5722,11334
5722,12183
5722,13953
5722,15772
5722,16328
5722,17553
5722,20514
5722,22225
5723,15991
5723,16358
5723,21420
5724,2906
5724,9537
5725,1036
5725,3284
5725,6390
5725,6684
5725,7347
5725,10701
5725,11005
5725,12296
5725,13737
5725,16980
5725,18719
5725,22104
5725,22225
5726,1730
5726,13384
5726,17635
5727,812
5727,4324
5727,10576
5727,12103
5727,12946
5727,13508
5727,14439
5727,18549
5727,18568
5727,19702
5727,22344
5730,1791
5730,17191
5730,23698
5731,809
5731,3841
5731,4162
5731,4895
5731,6009
5731,7914
5731,8647
5731,12198
5731,18337
5731,18415
5731,21831
5731,21990
5732,525
5732,3019
5732,3446
5732,4262
5732,5252
5732,6793
5732,7524
5732,7867
5732,8842
5732,12200
5732,14362
5732,16773
5732,24244
5734,3326
5734,10197
5734,19712
5734,21587
5735,10684
5735,10972
5735,12448
5735,12968
5736,7651
5736,18069
5737,24244
5738,24722
5741,4317
5741,6973
5741,7264
5741,8470
5741,9498
5741,12991
5741,17635
5741,19949
5741,23698
5743,1487
5743,2652
5743,3936
5743,4469
5743,6707
5743,8100
5743,10054
5743,16255
5743,17636
5743,19117
5743,20357
5743,23312
5744,1001
5744,1585
5744,4758
5744,7187
5744,8938
5744,9650
5744,9962
5744,12160
5744,13415
5744,14115
5744,15485
5744,18013
5744,18766
5744,20773
5744,22553
5746,1504
5746,2734
5747,20547
5747,24244
5748,6095
5748,13411
5748,24274
5750,203
5750,24319
5752,9197
5752,9417
5752,9596
5752,14053
5753,2514
5753,4021
5753,7784
5753,10396
5753,11702
5753,12141
5753,12480
5753,13330
5753,13783
5753,15934
5753,16910
5753,19127
5753,23789
5754,6610
5754,10619
5754,17693
5755,143
5755,1535
5755,3105
5757,6268
5757,10573
5757,12609
5757,14611
5757,17718
5757,19881
5757,21118
5757,23237
5758,960
5758,14362
5758,16315
5758,16480
5758,22195
5758,22242
5758,23628
5759,1518
5759,3733
5759,11324
5760,1644
5760,10404
5760,20899
5760,22972
5760,23162
5761,1300
5761,2024
5761,3373
5761,5491
5761,6532
5761,11299
5761,14481
5761,17999
5761,18295
5761,18832
5761,21421
5761,22355
5762,1163
5762,6516
5762,12895
5762,14348
5762,15719
5762,18844
5762,20656
5762,21014
5762,23190
5764,2879
5764,21339
5764,22481
5765,2997
5765,4614
5765,12367
5766,226
5766,1553
5766,2556
5766,8856
5766,9828
5766,12276
5766,18698
5766,19269
5766,20372
5766,20550
5767,5894
5767,8622
5767,11469
5767,11637
5767,11901
5767,16774
5767,20511
5767,22221
5767,23190
5767,23794
5767,24168
5769,809
5769,978
5769,3348
5769,3364
5769,5043
5769,5112
5769,9236
5769,9742
5769,10216
5769,12250
5769,15804
5769,18331
5769,19432
5769,22528
5769,22720
5769,23095
5769,24014
5769,24136
5770,780
5770,1153
5770,4758
5770,7926
5770,11317
5770,17761
5772,2772
5772,2813
5772,9921
5772,14160
5772,15589
5772,18309
5772,18616
5772,19648
5772,24113
5772,24304
5773,10121
5773,16241
5773,16863
5773,19771
5773,20901
5773,21116
5773,23637
5774,3702
5774,5815
5774,6625
5774,6972
5774,8257
5774,8467
5774,10632
5774,10663
5774,11950
5774,13266
5774,13378
5774,14970
5774,16025
5774,20114
5776,4673
5776,6490
5776,6531
5776,10679
5776,11267
5776,11395
5776,12589
5776,14418
5776,17858
5776,18983
5776,20352
5776,20421
5776,20481
5776,23677
5776,23715
5776,24359
5776,24489
5776,24536
5777,2510
5777,6433
5778,12661
5778,14049
5778,17635
5781,5388
5781,7333
5781,15671
5782,7362
5782,20030
5782,22316
5782,23197
5782,23628
5783,20995
5784,203
5784,233
5784,5560
5784,5941
5784,8341
5784,9552
5784,10080
5784,10972
5784,11745
5784,15002
5784,15037
5784,24832
5784,21683
5784,22407
5784,22884
5786,2100
5786,5223
5786,5678
5786,7075
5786,11860
5786,12180
5786,12367
5786,13327
5786,14964
5786,16006
5786,16856
5786,16980
5786,18415
5786,18587
5786,18998
5786,24244
5786,24450
5787,11550
5787,13199
5787,15854
5788,12545
5788,22574
5790,1956
5790,8781
5790,20010
5790,20345
5791,806
5791,2729
5791,8214
5791,9676
5791,14325
5791,14372
5791,14661
5791,15110
5791,15316
5791,18590
5791,21828
5793,1534
5793,2630
5793,2761
5793,2940
5793,3135
5793,3165
5793,4005
5793,6246
5793,7347
5793,9256
5793,12568
5793,12968
5793,14364
5793,15198
5793,16029
5793,16110
5793,18661
5793,19564
5794,6576
5794,9497
5796,20414
5797,6663
5797,10201
5797,14203
5797,19365
5798,6270
5798,7003
5798,11686
5801,5321
5801,7964
5802,723
5802,3848
5802,5400
5802,7532
5802,7888
5802,8545
5802,10564
5802,12661
5802,14078
5802,14386
5802,14690
5802,18121
5802,18226
5802,18880
5802,20228
5802,20529
5802,21455
5806,28
5806,7847
5806,20278
5806,21074
5809,2546
5809,2675
5809,2937
5809,8254
5809,8708
5809,11815
5809,12242
5809,14275
5809,18653
5809,20159
5809,23384
5810,1780
5810,6703
5810,16757
5812,5374
5812,5560
5812,12524
5813,5358
5813,10625
5813,12968
5814,16686
5814,17894
5815,1332
5815,11680
5815,13910
5815,16686
5815,17894
5819,10197
5819,11041
5819,13372
5820,12365
5820,17693
5820,18259
5821,1485
5821,2174
5821,11887
5821,15753
5821,16789
5821,17342
5821,20732
5821,22750
5821,22884
5821,23651
5823,1132
5823,1830
5823,2037
5823,2157
5823,2359
5823,6861
5823,7692
5823,10334
5823,14376
5823,21214
5825,691
5825,1393
5825,1400
5825,3032
5825,9434
5825,9562
5825,13022
5825,19252
5825,19332
5825,19488
5825,20858
5825,21828
5825,23124
5825,23579
5825,23856
5826,503
5826,7112
5826,8586
5826,9440
5826,11474
5826,11662
5826,13706
5826,13737
5826,14954
5826,19074
5826,19771
5826,20716
5826,21643
5826,23161
5826,24193
5827,3290
5828,6270
5828,8032
5828,13396
5833,503
5834,22487
5835,180
5835,675
5835,1702
5835,3131
5835,3642
5835,5252
5835,6495
5835,9126
5835,14530
5835,16857
5835,17149
5835,20534
5835,23388
5835,23965
5835,24658
5836,5158
5836,6338
5836,14826
5836,16128
5836,19403
5837,2738
5837,6329
5837,8599
5837,8600
5837,8702
5837,9556
5837,14471
5837,15618
5837,16567
5837,23603
5838,4590
5838,4824
5838,4918
5838,5364
5838,7762
5838,11878
5838,12622
5838,12628
5838,13646
5838,14928
5839,1457
5839,2745
5839,4766
5839,6701
5839,8438
5839,10150
5839,10816
5839,15463
5839,16920
5839,19616
5839,23000
5841,14058
5841,15819
5841,15866
5844,14682
5844,18049
5844,20688
5845,17894
5845,19457
5845,19941
5846,14334
5846,15831
5846,21118
5846,21280
5847,137
5847,1330
5847,2117
5847,3274
5847,3374
5847,7168
5847,13745
5847,14464
5847,16834
5847,16952
5847,21736
5847,22751
5847,22791
5847,23722
5847,24764
5848,9822
5848,10959
5848,11038
5848,14001
5848,14612
5848,15926
5848,17422
5848,18154
5848,18950
5848,23050
5848,23706
5855,3430
5857,12765
5857,21470
5858,3393
5858,6377
5858,6872
5858,7456
5858,15548
5858,16040
5858,18700
5858,20484
5858,20642
5858,21969
5859,13440
5859,13751
5859,15276
5860,13396
5860,14738
5860,15825
5860,19849
5864,6598
5864,7390
5864,10488
5864,23053
5865,3502
5865,4929
5865,6546
5865,8312
5865,9002
5865,11973
5865,14284
5865,15534
5865,21457
5865,21766
5865,23076
5865,24378
5865,24427
5866,14859
5868,102
5868,525
5868,3636
5869,1838
5869,4579
5869,8849
5869,14616
5869,15455
5869,17523
5869,17303
5869,18463
5869,19267
5869,23576
5871,6153
5871,7194
5871,11771
5871,16348
5872,292
5872,827
5872,4308
5872,5638
5872,6203
5872,8764
5872,10184
5872,12883
5872,13221
5872,13286
5872,13734
5872,14031
5872,14597
5872,16973
5872,17214
5872,18023
5872,18120
5872,18197
5873,7168
5873,17694
5873,18602
5874,1631
5874,15065
5874,23698
5876,15973
5879,4193
5879,24603
5880,1605
5880,5574
5881,330
5881,1269
5881,1455
5881,2912
5881,3458
5881,8700
5881,9931
5881,10122
5881,15926
5883,3822
5883,5380
5883,8341
5883,12692
5883,12424
5883,12517
5883,13368
5883,14592
5883,18155
5883,18746
5883,19913
5883,20828
5883,21991
5883,23106
5883,24053
5886,3128
5886,6945
5886,12134
5887,7294
5887,13396
5887,14053
5887,14121
5887,21328
5887,23161
5888,2994
5888,9285
5888,9555
5888,16754
5888,18930
5890,1244
5890,9999
5893,2862
5893,6695
5893,8018
5893,11653
5893,12705
5893,13849
5893,14576
5893,14707
5893,18416
5893,20150
5893,20158
5893,23128
5894,84
5894,7506
5894,8703
5894,10105
5894,10290
5894,12666
5894,17361
5894,21663
5894,22425
5894,23045
5895,1336
5895,1591
5895,9953
5895,10435
5895,11756
5895,14786
5895,15706
5895,18465
5895,18569
5895,20958
5895,22268
5896,7262
5896,16348
5896,22773
5897,1307
5897,1413
5897,7592
5897,10430
5897,11016
5897,11152
5897,11893
5897,14075
5897,14576
5897,15179
5897,20909
5897,22001
5897,24763
5899,1518
5899,4895
5899,7268
5900,7268
5900,15270
5900,19558
5901,6812
5901,11903
5901,11905
5903,4277
5903,10669
5903,19671
5905,17643
5906,13513
5907,841
5907,13737
5907,19773
5907,21356
5907,23617
5910,712
5910,1368
5910,5829
5910,9963
5910,10906
5910,13745
5910,14478
5910,23128
5910,23185
5910,23722
5912,4407
5912,14872
5912,19847
5912,24219
5913,4929
5913,15955
5913,22320
5914,6268
5914,12618
5914,18037
5914,21297
5915,6268
5915,12618
5915,18037
5916,2120
5916,2176
5916,2445
5916,2820
5916,5670
5916,6996
5916,11107
5916,13501
5916,13923
5916,15534
5916,17990
5916,20988
5916,22211
5918,11865
5918,16290
5918,18695
5918,18786
5918,20119
5921,3002
5921,3434
5921,12597
5921,22079
5921,24218
5922,8384
5922,9233
5922,17635
5922,18521
5924,44
5924,4292
5924,5232
5924,6397
5924,9125
5924,9689
5924,13511
5924,16771
5924,19572
5924,19588
5925,584
5925,4125
5925,5142
5925,7011
5925,8100
5925,8701
5925,9400
5925,10175
5925,10365
5925,11627
5925,14177
5925,14364
5925,18521
5925,23689
5927,14651
5927,20503
5927,21441
5927,24639
5928,4324
5928,20503
5928,21441
5928,24639
5929,7296
5929,17838
5929,18982
5930,17838
5935,8214
5935,15003
5936,5649
5936,7194
5936,7262
5936,13581
5936,15164
5936,15448
5936,17146
5938,10916
5938,11302
5939,6365
5939,21306
5941,5681
5941,5190
5941,16718
5942,2219
5942,9203
5942,17000
5942,18221
5942,23478
5942,24566
5942,24574
5943,2003
5943,2123
5943,2207
5943,3649
5943,4351
5943,4596
5943,5066
5943,11558
5943,13849
5943,14701
5943,15307
5943,16321
5944,316
5944,532
5944,1443
5944,10589
5944,12939
5944,13780
5944,15026
5944,15167
5944,15322
5944,18358
5944,24176
5945,1697
5945,1862
5945,2945
5945,5549
5945,6655
5945,7136
5945,11686
5945,14703
5945,18874
5945,18879
5945,20886
5945,23121
5946,1235
5946,6196
5946,8688
5946,8762
5946,10579
5946,17222
5946,18148
5946,20901
5946,20950
5946,23974
5947,1389
5947,3702
5947,13190
5948,3558
5948,9697
5948,15852
5948,18398
5948,18911
5948,21187
5948,21346
5948,23337
5948,23697
5948,24479
5949,1197
5949,2263
5949,3254
5949,3820
5949,4480
5949,5381
5949,5710
5949,6066
5949,6122
5949,6588
5949,6916
5949,8893
5949,13556
5949,14370
5949,20504
5949,20682
5949,20864
5949,21549
5950,2785
5950,4293
5950,7365
5950,9506
5950,10565
5950,14809
5950,16019
5950,17918
5950,21693
5950,23076
5951,6429
5951,22791
5953,9137
5953,19849
5954,1251
5954,5589
5954,6297
5954,6919
5954,7812
5954,17373
5954,17579
5954,18701
5954,20257
5954,24694
5956,2174
5956,11189
5956,21098
5957,2071
5957,5817
5958,3117
5958,17693
5958,21666
5959,2148
5959,7541
5959,16054
5961,507
5961,1057
5961,5046
5961,5533
5961,5901
5961,7102
5961,7569
5961,7649
5961,11212
5961,13904
5961,15028
5961,16231
5961,17931
5961,19323
5961,19829
5962,1476
5962,1683
5962,3218
5962,4345
5962,4616
5962,4671
5962,4831
5962,5141
5962,5796
5962,6996
5962,7962
5962,8071
5962,9290
5962,9951
5962,10894
5962,10922
5962,11836
5964,11189
5964,12505
5964,18037
5965,6458
5965,17073
5965,17433
5966,9622
5968,1701
5968,4154
5968,4642
5968,10440
5968,11323
5969,12929
5969,16677
5971,1252
5971,3621
5971,7955
5971,8088
5971,11725
5971,12881
5971,16198
5971,20992
5971,23059
5971,23563
5972,7817
5972,12073
5973,5409
5973,6305
5973,15909
5973,19517
5973,20474
5975,23994
5976,2638
5976,3733
5976,20030
5977,1154
5977,2638
5977,18574
5978,2638
5978,5329
5978,6289
5978,18574
5978,20030
5978,20280
5980,5137
5980,6015
5980,6423
5980,12294
5980,12554
5980,14119
5980,14158
5980,14881
5980,17654
5980,21189
5980,22782
5981,729
5981,2605
5981,3207
5981,6909
5981,7269
5981,9316
5981,17189
5981,17456
5981,17761
5981,21061
5981,22093
5982,5229
5982,11155
5982,19127
5983,82
5983,2409
5983,6106
5983,9852
5983,10775
5983,13901
5983,15162
5983,19639
5983,22310
5983,24803
5984,8770
5984,16528
5984,21726
5985,431
5985,1718
5985,2630
5985,3235
5985,3411
5985,10106
5985,13201
5985,13428
5985,16034
5985,16437
5985,16526
5985,20119
5985,20387
5985,22756
5985,23097
5986,712
5986,795
5986,2151
5986,3465
5986,6023
5986,10581
5986,12085
5986,14971
5986,15873
5986,16446
5986,17615
5986,19702
5986,20201
5986,22555
5988,13681
5988,15746
5988,24058
5990,2854
5990,10222
5990,19834
5991,3117
5991,3936
5991,4826
5991,5919
5991,9443
5991,13960
5991,15822
5991,16045
5991,18794
5991,19103
5991,19959
5991,20394
5991,20418
5991,20456
5991,23128
5991,23406
5991,24242
5992,167
5992,2554
5992,7373
5992,13420
5992,14907
5992,16296
5992,17023
5992,18532
5992,19932
5992,22717
5993,4635
5993,6270
5993,19949
5995,102
5995,8470
5995,11492
5998,10942
5998,13167
5998,13579
5998,14242
5998,14421
5998,17187
5998,19288
5998,21505
5998,24037
5998,24494
6001,5392
6001,15721
6001,18998
6002,1987
6002,2655
6002,2862
6002,3173
6002,3590
6002,5891
6002,6969
6002,7012
6002,7376
6002,8464
6002,10909
6002,14667
6002,14743
6002,19022
6002,22251
6002,22757
6002,23432
6003,9440
6003,14642
6003,20281
6004,4265
6004,4655
6004,10990
6004,13468
6004,15362
6004,15774
6004,20127
6004,22672
6004,22849
6005,8307
6005,19896
6006,17636
6006,19536
6006,20024
6007,8782
6007,11083
6007,23390
6007,23521
6008,806
6008,1868
6008,8214
6008,10202
6008,15003
6008,15486
6008,17530
6008,18667
6009,10701
6009,12166
6009,23386
6010,903
6010,1119
6010,9258
6010,17792
6010,20796
6010,24691
6012,4226
6012,12803
6012,13914
6012,18248
6012,18574
6012,19248
6012,20804
6012,22714
6012,22954
6014,9633
6014,22755
6016,4888
6016,16950
6017,553
6017,4479
6017,6927
6017,7167
6017,8545
6017,9505
6017,15048
6017,15156
6017,20213
6017,24220
6018,3176
6018,19827
6019,594
6019,648
6019,1291
6019,7479
6019,8005
6019,8410
6019,10211
6019,12079
6019,12559
6019,18341
6019,21008
6022,236
6022,1105
6022,2531
6022,6172
6022,8283
6022,8415
6022,14064
6022,14238
6022,14605
6022,15037
6023,1144
6023,2903
6023,9428
6023,10468
6023,12949
6023,13640
6023,20675
6023,21901
6023,23643
6023,24680
6024,2411
6024,4401
6024,5172
6024,8115
6024,12933
6024,18579
6024,20904
6024,21198
6024,21792
6024,21965
6025,28
6025,102
6025,3974
6028,2174
6028,17693
6029,20195
6029,21118
6030,2662
6030,3208
6030,5788
6030,6436
6030,11904
6030,12425
6030,13518
6030,16163
6030,18203
6030,19671
6031,1243
6031,2645
6031,2894
6031,4574
6031,5388
6031,5746
6031,6935
6031,10923
6031,12266
6031,14010
6031,15135
6031,17636
6031,19512
6031,19558
6031,19572
6031,20463
6032,1800
6032,7271
6032,10983
6032,14738
6032,17983
6032,20628
6033,475
6033,3475
6033,21592
6034,3205
6034,5862
6034,6071
6034,8661
6034,13592
6034,15796
6034,17887
6034,20653
6034,21092
6035,176
6035,570
6035,1940
6035,2893
6035,3002
6035,3077
6035,4631
6035,4911
6035,4953
6035,7408
6035,8221
6035,9517
6035,9964
6035,13727
6035,16439
6035,16758
6035,17878
6035,18610
6037,2363
6037,9374
6037,17350
6037,24634
6038,6469
6038,9515
6038,17969
6040,1084
6040,3674
6040,5052
6040,5113
6040,10971
6040,11920
6040,14366
6040,15612
6040,16467
6040,17252
6040,18073
6040,18491
6040,23097
6040,23109
6040,23566
6040,24193
6041,7849
6041,9003
6041,9665
6041,10465
6041,14083
6041,15381
6041,15967
6041,19431
6041,20267
6041,23976
6042,54
6042,1154
6042,9867
6042,10222
6042,16863
6043,2181
6043,3150
6043,9908
6043,10153
6043,11815
6043,15237
6043,19222
6043,20312
6043,22249
6043,22555
6044,18998
6044,22481
6045,908
6045,995
6045,1644
6045,1669
6045,1805
6045,2833
6045,2888
6045,3216
6045,3517
6045,3696
6045,4236
6045,5072
6045,5231
6045,6261
6045,10616
6045,12526
6045,13140
6045,13589
6046,7118
6046,23679
6046,24842
6050,10679
6050,10726
6050,13801
6051,3431
6051,6980
6051,8656
6051,12870
6051,15517
6051,16783
6051,17939
6051,19157
6051,21568
6051,24175
6052,1523
6052,3007
6052,3726
6052,5919
6052,6549
6052,7939
6052,8324
6052,12864
6052,14579
6052,18710
6052,20666
6052,22542
6052,22886
6053,4461
6053,8849
6053,12563
6053,14136
6053,14619
6053,18033
6053,18253
6053,18439
6053,18666
6053,21767
6053,23968
6054,21674
6055,1775
6055,4999
6055,12505
6055,14440
6055,15078
6055,16953
6055,17737
6055,21224
6056,6709
6056,22957
6058,2847
6058,4931
6058,9242
6058,13286
6058,20120
6060,18276
6062,1530
6062,1943
6062,15312
6062,17143
6062,21750
6062,21950
6063,4178
6063,7939
6063,11086
6064,2693
6064,7902
6064,11626
6067,1791
6067,6595
6067,17983
6070,1090
6070,1686
6070,2096
6070,2750
6070,3434
6070,3956
6070,4311
6070,7047
6070,9505
6070,10369
6070,11456
6070,11904
6070,14603
6070,17984
6070,18786
6070,21676
6070,23096
6072,4679
6072,10200
6073,17427
6073,22755
6074,2558
6074,3100
6074,3137
6074,4634
6074,10029
6074,10342
6074,11771
6074,14652
6074,24211
6076,306
6076,1231
6076,6992
6076,17740
6076,19445
6076,23495
6077,9513
6077,17194
6077,24726
6079,1427
6079,3936
6079,12367
6082,12947
6082,16166
6082,23825
6084,6047
6084,8089
6084,11756
6085,6170
6085,10277
6087,17539
6087,20454
6087,21065
6089,5040
6089,10369
6089,16718
6090,2091
6090,6314
6090,9268
6090,9982
6090,11270
6090,12693
6090,12935
6090,16424
6090,19704
6090,22602
6091,4451
6091,6110
6091,6278
6091,6931
6091,12506
6091,14444
6091,15195
6091,15534
6091,16527
6091,17410
6092,9283
6092,22297
6094,4939
6094,5649
6094,9867
6094,11155
6094,15831
6094,17523
6094,16672
6094,16772
6094,17402
6094,24342
6095,5444
6095,5649
6095,10716
6095,11155
6095,14717
6095,15831
6095,16672
6095,17402
6095,24342
6096,35
6096,1721
6096,13751
6097,12501
6097,16271
6097,16567
6099,116
6099,9082
6099,17459
6099,18264
6103,4417
6103,17402
6103,19849
6105,6709
6106,4193
6106,4510
6106,10440
6106,16607
6106,21666
6106,22080
6106,22133
6106,23698
6106,24244
6107,4193
6107,4953
6107,10440
6107,21666
6107,22133
6107,23698
6107,24244
6108,12453
6108,16477
6109,8398
6109,11840
6109,23128
6110,9974
6110,15602
6110,21214
6114,1336
6114,16527
6114,17402
6114,18129
6114,18373
6114,23285
6114,24788
6116,1631
6116,19671
6116,21441
6117,832
6117,2790
6117,9633
6118,4699
6118,5737
6118,8144
6118,8211
6118,10228
6118,11037
6118,18811
6118,19319
6118,19962
6119,3506
6121,19248
6122,1701
6122,2326
6122,3294
6122,3936
6122,5229
6122,5492
6122,6069
6122,8344
6122,8820
6122,8949
6122,9283
6122,10197
6122,13015
6122,13087
6122,13861
6122,16163
6122,17182
6122,18408
6123,3105
6123,8398
6124,3105
6124,8398
6124,16163
6125,3105
6125,8398
6125,12448
6126,10604
6126,10628
6126,11821
6126,19465
6129,3234
6129,12841
6129,12993
6131,206
6131,661
6131,24811
6131,6686
6131,7081
6131,10081
6131,10228
6131,10507
6131,10614
6131,15945
6131,16535
6131,17394
6131,21529
6133,117
6133,2357
6133,18536
6137,1384
6137,12062
6137,12614
6137,16049
6137,16822
6137,18816
6137,18929
6137,20185
6138,17983
6138,23179
6138,23549
6139,11430
6139,20867
6139,23737
6142,10619
6142,10972
6142,12974
6142,18437
6142,22598
6143,4948
6143,9015
6143,9197
6143,9710
6143,10017
6143,11080
6143,13018
6143,13190
6143,13330
6143,16207
6143,16230
6143,17364
6143,17484
6143,19558
6143,19881
6143,21572
6143,22710
6144,2345
6144,21604
6144,21794
6145,12183
6145,12734
6145,13879
6145,14695
6145,16452
6145,17277
6145,17972
6145,19800
6145,21679
6145,21683
6147,2383
6147,7482
6147,8494
6149,4930
6149,8506
6149,10222
6149,12101
6149,13048
6149,16807
6149,21386
6149,21615
6149,23113
6151,49
6151,64
6151,675
6151,6968
6151,7124
6151,8214
6151,13290
6151,18114
6151,20598
6151,23063
6151,23861
6152,11837
6152,20280
6152,21438
6153,7006
6153,14189
6153,20044
6153,23646
6154,3098
6154,8315
6154,13355
6154,16366
6154,19991
6154,21255
6154,22202
6154,23128
6154,23490
6156,15065
6156,23950
6156,24217
6158,9538
6158,11280
6158,17176
6159,7001
6159,12166
6159,20972
6159,21547
6161,1639
6161,2225
6161,2834
6161,12960
6161,14884
6161,15795
6161,18405
6161,20252
6161,21495
6161,22858
6162,2462
6163,769
6163,8880
6163,17411
6163,17977
6164,28
6164,1504
6164,2142
6164,8470
6164,17402
6164,20176
6165,132
6165,9932
6165,14245
6165,20947
6166,2880
6166,3197
6166,19117
6167,2666
6167,3659
6167,3815
6167,4160
6167,4286
6167,4724
6167,9123
6167,13672
6167,15664
6167,22396
6167,23966
6169,726
6169,7471
6169,24829
6169,8923
6169,9892
6169,12698
6169,20747
6169,22712
6169,24778
6169,24796
6170,285
6170,1721
6170,1853
6170,2534
6170,2728
6170,2890
6170,3407
6170,4593
6170,5870
6170,7218
6170,12022
6170,19193
6170,19640
6170,20982
6170,21043
6170,21823
6171,1022
6171,13500
6171,17468
6171,17547
6171,21850
6173,1510
6173,2026
6173,3560
6173,4399
6173,5966
6173,7766
6173,7977
6173,8202
6173,8299
6173,10054
6173,11807
6173,12661
6173,13056
6173,16708
6173,20425
6173,20642
6173,20912
6173,22141
6174,8940
6174,10177
6174,10178
6174,12889
6174,13677
6174,17174
6174,21389
6174,21390
6174,22437
6174,24544
6175,8019
6175,12253
6177,11600
6177,13937
6179,6579
6180,1154
6180,8257
6180,13736
6180,20896
6180,23921
6181,737
6181,1624
6181,2425
6181,2846
6181,7620
6181,11037
6181,11212
6181,12412
6181,12496
6181,14694
6181,15886
6181,17481
6181,17544
6181,19636
6182,3952
6182,6421
6182,8544
6182,14909
6182,18529
6183,9111
6183,9796
6183,12182
6184,8643
6184,15863
6185,8606
6185,16166
6185,18988
6186,6668
6186,14121
6187,2862
6187,3105
6187,3335
6187,6707
6187,9222
6187,10033
6187,12166
6187,12467
6187,12826
6187,14367
6187,14401
6187,16163
6187,17394
6187,20099
6187,20722
6187,21683
6187,22102
6187,22598
6187,22914
6187,24710
6189,434
6189,2253
6189,2286
6189,3105
6189,3434
6189,3523
6189,4826
6189,5229
6189,5260
6189,5287
6189,6574
6189,7136
6189,7520
6189,9106
6189,10375
6189,10405
6189,12420
6189,13815
6190,1872
6190,11860
6190,20844
6190,24244
6191,13057
6191,19881
6191,20155
6192,4099
6192,9321
6193,3446
6193,7203
6193,7707
6193,10664
6193,11205
6193,11724
6193,12780
6193,16297
6193,17495
6193,23048
6194,2990
6194,3444
6194,5775
6194,7345
6194,10554
6194,15973
6194,19081
6194,20007
6194,20132
6194,22634
6194,23772
6195,887
6195,4894
6198,744
6198,4931
6198,10313
6198,12543
6198,15174
6199,3312
6199,11289
6199,14770
6199,18993
6200,2341
6200,9170
6200,9410
6200,13155
6200,15379
6200,15420
6200,20816
6200,22650
6200,22658
6200,24601
6201,1701
6201,11354
6201,18704
6202,1588
6202,16710
6203,9159
6203,14442
6203,14860
6203,17896
6203,24708
6204,5456
6204,10667
6204,13014
6205,4953
6205,16883
6205,20280
6207,5148
6207,16633
6207,22447
6210,6776
6210,21530
6214,14688
6214,16166
6215,520
6215,4500
6215,6904
6215,11475
6215,13590
6215,13942
6215,13983
6215,14364
6215,16757
6215,18082
6217,1963
6217,4069
6217,7530
6217,15085
6219,13713
6219,19565
6219,20021
6222,19026
6222,23435
6223,23435
6224,13751
6224,20688
6224,24023
6226,1860
6226,10923
6226,11740
6226,16613
6226,23113
6226,23309
6227,2497
6227,4907
6227,5272
6227,6108
6227,8076
6227,11028
6227,14079
6227,17549
6227,20366
6227,23741
6228,668
6228,1291
6228,2600
6228,8378
6228,10238
6228,10291
6228,10862
6228,10983
6228,12166
6228,14207
6228,14774
6228,15069
6228,17150
6228,17682
6228,21255
6228,22807
6228,22949
6229,9785
6229,16051
6229,20889
6229,24310
6231,5384
6231,8783
6231,9820
6231,11509
6231,12198
6231,13904
6231,17674
6231,20130
6231,20271
6231,22679
6232,9370
6232,15403
6233,839
6233,4414
6233,8419
6233,8816
6233,11810
6233,12439
6233,13833
6233,14282
6233,16486
6233,18330
6233,23311
6233,23497
6235,15246
6235,18130
6235,18643
6235,21973
6236,111
6236,6305
6236,13411
6236,20168
6237,2174
6237,6047
6237,15955
6238,2962
6238,5460
6238,21197
6239,6927
6239,17834
6239,21173
6241,14440
6243,1864
6243,2605
6243,8771
6243,8806
6243,8975
6243,11497
6243,14622
6243,17523
6243,16637
6243,16651
6243,17977
6243,18343
6243,18545
6243,19389
6243,19139
6243,23463
6244,13302
6244,14337
6244,16245
6244,21080
6245,1665
6245,4841
6245,5221
6245,5223
6245,6224
6245,6403
6245,8412
6245,9889
6245,10007
6245,16611
6245,17635
6245,21343
6245,23293
6247,4899
6247,9999
6250,1135
6250,5948
6250,6198
6250,7477
6250,8466
6250,13920
6250,14348
6250,14440
6250,15268
6250,16032
6250,16489
6250,22127
6250,24046
6255,1535
6255,1872
6257,9826
6257,19127
6257,23825
6259,15696
6259,17298
6259,24798
6260,1279
6260,9086
6260,9735
6261,14121
6268,7579
6268,9792
6269,6038
6269,6339
6269,6419
6269,8492
6269,10547
6269,20855
6269,24537
6270,1218
6270,2795
6270,5577
6270,6557
6270,18416
6271,1686
6271,7005
6271,9340
6271,14544
6271,15070
6274,2879
6274,20995
6277,1104
6277,3767
6277,7912
6279,351
6279,2371
6279,3897
6279,4262
6279,5232
6279,6155
6279,8906
6279,9813
6279,10235
6279,10620
6279,10681
6279,11113
6279,11778
6279,15674
6279,16824
6279,19765
6279,24002
6282,8479
6283,9168
6283,12733
6283,16089
6283,22529
6284,2021
6284,2256
6284,6295
6284,6734
6284,7241
6284,12578
6284,12848
6284,16075
6284,15644
6284,18716
6284,22977
6284,23871
6286,1667
6286,13384
6287,1833
6287,2242
6287,3434
6287,9201
6287,9559
6287,10508
6287,12391
6287,13867
6287,14207
6287,16275
6287,16785
6287,19238
6287,20220
6288,3772
6288,6878
6288,15590
6288,17667
6288,19171
6288,20639
6288,24407
6289,15148
6289,15149
6289,15348
6289,23085
6289,24728
6290,6008
6290,6711
6290,11886
6290,21879
6290,22091
6290,22735
6290,23440
6290,24101
6290,24396
6290,24731
6291,5747
6291,7877
6293,55
6293,1003
6293,3104
6293,8283
6293,10067
6293,10304
6293,11992
6293,14970
6293,15373
6293,18704
6293,22861
6293,23029
6293,23233
6293,24515
6296,3897
6296,4469
6296,7912
6296,20901
6296,24244
6296,24342
6296,24764
6297,6152
6297,7581
6297,20988
6298,1276
6298,2932
6298,5370
6298,8248
6298,11919
6298,19385
6298,21886
6298,22133
6298,23228
6298,23398
6298,23466
6299,9206
6299,18037
6300,6547
6301,10310
6301,20418
6301,22004
6302,54
6302,494
6302,2582
6302,2890
6302,3603
6302,4412
6302,6604
6302,7894
6302,10314
6302,10456
6302,12027
6302,16208
6302,18804
6302,19740
6302,20903
6302,22200
6302,22329
6302,23424
6304,2463
6306,20
6306,1000
6306,2630
6306,6737
6306,7174
6306,10720
6306,12762
6306,14845
6306,20810
6306,22208
6308,1809
6308,3028
6308,5293
6308,7072
6308,7166
6308,7319
6308,9324
6308,11618
6308,13761
6308,16772
6308,23817
6309,2187
6309,2350
6309,12182
6310,7576
6310,13914
6310,18880
6311,3446
6311,8262
6312,3382
6312,3497
6312,3975
6312,4976
6312,6738
6312,7002
6312,8644
6312,8779
6312,9764
6312,10419
6312,11676
6312,12250
6312,13286
6312,13581
6312,15528
6312,19224
6312,20659
6312,21002
6314,1018
6314,1631
6314,4000
6314,4009
6314,5147
6314,7172
6314,7553
6314,7575
6314,8279
6314,9057
6314,11728
6314,12206
6314,16486
6314,18961
6314,22247
6314,22547
6314,23230
6315,153
6315,2639
6315,3049
6315,6392
6315,24830
6315,8523
6315,9552
6315,9561
6315,10104
6315,11618
6315,11771
6315,12086
6315,12150
6315,12296
6315,15454
6315,16133
6315,21586
6316,23584
6317,11740
6317,17191
6317,19197
6318,1560
6318,3978
6318,7359
6318,14023
6318,15087
6318,15354
6318,15456
6318,15657
6318,16128
6318,17523
6318,18665
6321,10337
6321,16990
6321,17127
6321,19488
6322,19479
6322,24178
6323,4148
6323,4154
6323,9633
6323,20060
6324,265
6324,3521
6324,3560
6324,4148
6324,5401
6324,6607
6324,9917
6324,11401
6324,11653
6324,12823
6324,14389
6324,17997
6324,19530
6324,20060
6324,21249
6324,21727
6324,23081
6325,9494
6325,11323
6325,12543
6325,18069
6325,20839
6326,2618
6326,2645
6326,3209
6326,5454
6326,9287
6326,9494
6326,9497
6326,9686
6326,11213
6326,11323
6326,12543
6326,15210
6326,15668
6326,16734
6326,18216
6326,19057
6326,19916
6326,20838
6327,484
6327,725
6327,2922
6327,4566
6327,6101
6327,9044
6327,9139
6327,10939
6327,12724
6327,14890
6327,15560
6327,15779
6327,16157
6327,19679
6327,21692
6327,21762
6327,22230
6327,24253
6327,24512
6329,4277
6329,16477
6329,24337
6330,337
6330,1872
6330,2184
6330,2185
6330,3999
6330,5170
6330,7578
6330,12584
6330,12560
6330,14328
6330,18255
6330,18998
6330,19700
6330,20486
6330,22505
6331,6617
6331,15847
6332,803
6332,841
6332,1680
6332,7202
6332,10542
6332,11814
6332,13280
6332,17604
6332,18736
6332,19884
6334,7046
6334,22178
6336,1486
6336,3648
6336,4408
6336,5096
6336,5234
6336,5804
6336,9963
6336,10146
6336,12597
6336,16578
6336,19083
6336,23402
6336,23645
6337,907
6337,4213
6337,6002
6337,9958
6337,10213
6337,11152
6337,12597
6337,12609
6337,12663
6337,13939
6337,17344
6337,20733
6337,24355
6338,7262
6338,10034
6338,10337
6338,17658
6338,24758
6339,8257
6339,9498
6339,11391
6339,14390
6339,20456
6340,11728
6340,14617
6342,2595
6342,3626
6342,6147
6343,17876
6343,24271
6344,11492
6344,13736
6345,1972
6345,9912
6345,21418
6346,287
6346,8617
6346,11592
6346,17189
6347,4882
6347,6136
6347,20278
6348,5206
6348,21004
6349,4211
6349,16677
6351,5881
6351,6006
6351,9522
6351,9600
6351,10982
6351,14489
6351,16314
6351,16696
6351,19163
6351,22105
6351,23330
6352,2270
6352,3690
6352,3691
6352,8990
6352,9034
6352,10767
6352,12249
6352,12616
6352,17658
6353,546
6353,3573
6353,6886
6353,9765
6353,16155
6353,16866
6353,21566
6353,23268
6353,23369
6353,24158
6354,1297
6354,1898
6354,2224
6354,3321
6354,4154
6354,4610
6354,5282
6354,5918
6354,7626
6354,7802
6354,8564
6354,8687
6354,9565
6354,10676
6354,11517
6354,11559
6354,15827
6354,15138
6355,13115
6355,16463
6355,23469
6357,4477
6357,8409
6357,9768
6357,10256
6357,10777
6357,19098
6357,19206
6357,19578
6357,23023
6357,23930
6357,24578
6359,2031
6359,2326
6359,5419
6359,5503
6359,6839
6359,7262
6359,8267
6359,9527
6359,11071
6359,11610
6359,12455
6359,12884
6359,14344
6359,14491
6359,16243
6359,17154
6359,17587
6362,838
6362,12753
6364,239
6364,398
6364,5481
6364,9744
6364,9877
6364,12277
6364,12560
6364,17140
6364,18998
6364,20542
6365,8290
6365,9124
6365,14435
6366,5429
6366,8146
6366,22812
6367,13081
6367,16621
6368,13081
6368,16621
6368,17330
6369,4309
6369,4640
6369,11247
6369,13081
6371,4901
6371,5320
6371,7164
6371,8869
6371,9314
6371,11297
6371,13856
6371,20364
6371,23328
6371,24182
6373,1396
6373,5117
6373,8208
6373,8668
6373,17330
6373,19929
6374,1644
6374,4638
6374,13661
6375,1346
6375,9535
6375,9539
6375,9547
6375,10179
6375,11043
6375,11045
6375,11279
6375,12598
6375,12599
6375,12807
6375,12809
6375,14225
6375,17487
6375,18611
6375,21385
6375,21388
6375,21919
6375,24335
6377,2400
6377,2769
6377,2885
6377,12241
6377,13840
6377,15732
6377,23292
6381,4850
6381,8922
6381,12722
6382,525
6382,2032
6382,5164
6382,6270
6382,6956
6382,24822
6382,14568
6387,4826
6387,10683
6387,11006
6387,16680
6387,17983
6388,2879
6388,18831
6388,23350
6388,24639
6392,7891
6392,11062
6392,23952
6393,15160
6393,21438
6393,24307
6394,1311
6394,5270
6394,7961
6394,8503
6394,14902
6394,18164
6394,19903
6394,20259
6394,23760
6394,24244
6395,2949
6395,11915
6395,12484
6395,20690
6396,1701
6396,5861
6396,18774
6397,1470
6397,4414
6397,11005
6397,14121
6397,16865
6398,723
6398,1299
6398,1848
6398,2161
6398,2820
6398,6179
6398,6511
6398,7514
6398,8332
6398,12676
6398,13380
6398,20653
6398,22935
6400,12914
6400,18245
6400,18794
6400,19477
6400,19538
6401,6095
6402,2846
6402,16446
6402,17023
6403,7294
6403,10651
6403,21933
6405,6514
6405,8540
6405,11042
6405,12307
6405,12940
6405,17463
6405,17844
6405,18528
6405,19522
6405,23261
6407,158
6407,8684
6408,18853
6408,20982
6408,23312
6409,4737
6409,12900
6410,1016
6410,13187
6410,17161
6413,285
6413,2524
6413,2716
6413,4259
6413,6695
6413,7142
6413,7162
6413,8345
6413,11018
6413,16430
6413,17137
6413,19066
6413,23265
6415,9963
6415,11724
6415,15847
6415,16974
6416,3344
6416,3980
6416,5503
6416,6627
6416,15178
6416,15376
6416,16401
6416,18726
6416,21751
6416,24129
6418,17971
6418,21441
6418,21825
6419,588
6419,749
6419,1295
6419,1862
6419,8610
6419,8738
6419,9528
6419,10310
6419,10331
6419,11472
6419,11501
6419,11770
6419,13629
6419,15407
6419,18202
6419,18458
6419,21111
6420,13187
6420,13433
6421,5488
6421,5793
6421,5186
6421,6770
6421,13433
6421,14771
6421,17808
6421,17942
6421,19542
6424,18907
6425,1603
6425,6498
6427,3068
6427,4838
6427,12272
6427,13664
6427,14942
6427,17859
6427,18080
6427,19174
6427,19315
6427,19360
6427,22061
6427,22357
6427,24800
6429,24244
6430,5975
6430,9559
6430,10470
6430,11382
6430,13570
6430,14506
6430,15898
6430,17375
6430,19600
6430,19614
6430,20417
6430,23653
6430,24212
6430,24437
6431,14464
6431,14534
6431,16875
6431,19127
6431,23222
6432,3208
6432,6927
6432,15023
6432,16166
6432,18278
6432,18899
6432,23039
6432,23954
6433,8974
6433,9275
6433,13468
6436,28
6436,2570
6436,16671
6436,23698
6437,3956
6437,7001
6437,10508
6437,17658
6440,1193
6440,17983
6440,21267
6441,2570
6441,12947
6446,5075
6446,5670
6446,13384
6446,20756
6447,7728
6447,18496
6447,19529
6447,21476
6449,4931
6449,6297
6449,20321
6449,21442
6449,23954
6451,514
6451,12340
6451,18592
6453,4537
6453,10379
6454,91
6454,1407
6454,4835
6454,7484
6454,7533
6454,7775
6454,8483
6454,8497
6454,8823
6454,10067
6454,14243
6454,14647
6454,17635
6454,19467
6454,19604
6455,6685
6456,2652
6456,4397
6456,4624
6456,4977
6456,23324
6458,434
6458,20714
6458,23678
6459,4412
6459,6973
6459,16980
6459,18445
6460,10930
6460,11251
6460,19785
6460,22144
6463,1742
6463,3561
6463,6718
6463,7435
6463,10877
6463,10990
6463,11652
6463,11716
6463,11795
6463,12347
6463,16591
6463,16811
6463,18987
6463,19929
6463,23675
6464,729
6464,3168
6464,14738
6464,17761
6465,13447
6465,14738
6465,22272
6466,136
6466,1343
6466,4655
6466,7460
6466,15942
6466,17375
6466,18688
6466,20246
6466,24131
6466,24643
6466,24755
6467,68
6467,881
6467,5046
6467,8258
6467,14324
6467,15974
6467,16297
6467,19541
6467,21108
6467,22736
6467,23874
6470,3446
6470,8617
6470,8986
6471,1217
6471,3448
6471,3651
6471,4000
6471,8038
6471,15408
6471,15627
6471,17038
6472,2645
6474,2328
6474,3344
6474,5329
6474,5820
6474,8047
6474,8569
6474,10684
6474,16963
6474,19702
6474,19722
6477,3950
6477,4286
6477,8351
6478,66
6478,2625
6478,2649
6478,8421
6478,9863
6478,16677
6478,16906
6478,18435
6478,19181
6478,22785
6480,7695
6480,13865
6480,18653
6483,6406
6483,10966
6483,13785
6484,1009
6484,1190
6484,2408
6484,4979
6484,8021
6484,9509
6484,9715
6484,10119
6484,10632
6484,11271
6484,11761
6484,14436
6484,14919
6484,15591
6484,17627
6484,18327
6484,21968
6486,19070
6488,10651
6488,11095
6488,15114
6488,18446
6489,2728
6489,4904
6489,5223
6489,6044
6489,6390
6489,6983
6489,7254
6489,7748
6489,10313
6489,11301
6489,15557
6489,16185
6489,20503
6489,20890
6489,21736
6489,22885
6489,23302
6489,23811
6490,383
6490,1471
6490,4904
6490,5223
6490,5243
6490,5287
6490,5873
6490,5962
6490,6390
6490,6983
6490,7654
6490,9214
6490,10313
6490,13175
6490,14287
6490,15557
6490,16454
6490,17877
6490,20499
6491,186
6491,494
6491,5690
6491,5857
6491,11260
6491,12895
6491,14296
6491,15832
6491,16368
6491,16691
6491,18016
6491,18965
6491,19189
6491,19460
6491,20241
6491,20463
6491,21838
6491,23155
6491,23322
6492,33
6492,3490
6492,9863
6492,12900
6492,15510
6492,18319
6492,18505
6492,20220
6492,24178
6493,7908
6493,8206
6493,8901
6493,12287
6493,12289
6493,15554
6493,18158
6493,22398
6494,2255
6494,8851
6494,18066
6495,144
6495,784
6495,13732
6495,16234
6495,16249
6495,18181
6495,20005
6495,20191
6495,22078
6495,23187
6497,2523
6497,19901
6498,5207
6498,5751
6498,6684
6498,10622
6498,10647
6498,11855
6498,12460
6498,13941
6498,21325
6498,24264
6501,2710
6501,3655
6501,4003
6501,5392
6501,5657
6501,6337
6501,7058
6501,9117
6501,9738
6501,10021
6501,10524
6501,10673
6501,11433
6501,12518
6501,13256
6501,14348
6501,16062
6501,19298
6502,13312
6502,17288
6503,1928
6503,3127
6503,7196
6503,7321
6503,8773
6503,10590
6503,10720
6503,13809
6503,15065
6503,16441
6503,20176
6503,21086
6503,21243
6503,22818
6506,12367
6506,22272
6507,7039
6507,7765
6507,18704
6508,7780
6508,9688
6508,16790
6508,18154
6508,18155
6508,20432
6508,23597
6508,23719
6509,1543
6509,5640
6509,6294
6509,10187
6509,10369
6509,11150
6509,13410
6509,14640
6509,15011
6509,19859
6510,4894
6510,7912
6510,13087
6510,13513
6510,19503
6511,11
6511,86
6511,408
6511,2168
6511,3363
6511,6154
6511,7125
6511,7728
6511,8338
6511,9163
6511,14896
6511,18287
6511,19550
6511,20262
6511,20784
6511,20806
6511,21025
6511,21041
6517,2627
6517,6385
6517,7047
6517,9670
6517,11366
6517,17340
6517,21126
6517,21666
6517,23789
6517,23797
6518,6170
6518,13087
6518,18401
6518,18704
6519,4582
6519,5233
6519,13904
6519,15584
6519,15692
6519,16613
6519,18411
6519,24157
6522,130
6522,675
6522,3313
6522,5240
6522,5591
6522,6926
6522,8810
6522,12419
6522,18037
6522,18149
6523,11328
6523,11711
6523,13297
6523,19063
6524,415
6524,6486
6524,9501
6524,11770
6524,11892
6524,18135
6524,19913
6524,20751
6524,22094
6524,23311
6525,2265
6525,2757
6525,11464
6525,11735
6525,14288
6525,14533
6525,14806
6525,20780
6525,21186
6525,22008
6527,8280
6527,10337
6527,21441
6528,2668
6531,1189
6531,11728
6531,12357
6531,14197
6531,15474
6531,22481
6533,8250
6533,10720
6533,12147
6533,13007
6533,13845
6533,18098
6533,20654
6533,21115
6533,22419
6533,22599
6533,22777
6533,23286
6534,3746
6534,18079
6534,20251
6535,591
6535,889
6535,5960
6535,7755
6535,8533
6535,15603
6535,15708
6535,16115
6535,20251
6535,20294
6538,6945
6538,11125
6538,19941
6539,5506
6539,5791
6540,810
6540,1935
6540,3804
6540,4706
6540,4707
6540,7956
6540,14906
6540,16282
6540,18672
6540,24039
6541,2847
6541,17971
6541,19197
6542,11860
6542,13190
6542,18521
6543,11860
6543,13190
6543,18521
6544,3234
6544,5945
6544,8384
6544,8684
6544,10701
6544,11860
6544,13137
6544,13448
6544,18521
6544,22207
6545,9598
6545,11860
6545,18998
6546,8384
6546,11860
6546,11998
6546,13190
6546,18521
6548,4882
6548,19503
6548,23944
6549,1621
6549,1644
6549,3390
6549,19751
6550,1644
6550,3390
6550,8948
6550,19751
6550,21899
6551,785
6551,1621
6551,1644
6551,3390
6551,4454
6551,6973
6551,7498
6551,8948
6551,9011
6551,11761
6551,13222
6551,16179
6551,19751
6551,20585
6551,21640
6552,203
6552,3271
6552,12180
6552,13433
6552,16974
6552,19069
6553,525
6553,2600
6553,5628
6553,7322
6553,7920
6553,17812
6553,18414
6553,18416
6553,20461
6553,21343
6555,3950
6557,710
6557,3035
6557,9010
6557,12205
6557,13790
6557,16101
6557,16840
6557,18145
6557,18189
6557,23910
6558,3751
6559,5358
6560,6617
6560,11189
6560,21339
6564,9283
6564,15847
6565,1131
6565,3663
6565,5273
6565,5696
6565,7278
6565,11134
6565,14540
6565,14840
6565,17693
6565,19274
6566,795
6566,6696
6566,7261
6566,8740
6566,16557
6566,16657
6566,21343
6566,23044
6566,24230
6568,6147
6568,8470
6568,11189
6570,2102
6570,3335
6570,4440
6570,4482
6570,5389
6570,6139
6570,7839
6570,10610
6570,11670
6570,11756
6570,12391
6570,13176
6570,13814
6570,15099
6570,21633
6570,23381
6570,23652
6571,23757
6572,182
6572,1684
6572,1914
6572,2591
6572,4703
6572,5323
6572,5444
6572,6345
6572,8154
6572,9585
6572,11334
6572,11489
6572,12855
6572,13212
6572,13220
6572,13308
6572,13620
6572,14614
6573,3956
6573,18401
6573,19722
6574,853
6574,5229
6574,11240
6574,15865
6574,16158
6574,16220
6574,16873
6574,20081
6574,22144
6574,23406
6575,25
6575,3634
6575,7393
6575,10803
6575,11175
6575,11525
6575,16503
6575,19221
6575,24668
6575,24678
6578,597
6578,2541
6578,6679
6578,7229
6578,10052
6578,10974
6578,11503
6578,11891
6578,13524
6578,16377
6582,163
6582,1809
6582,2996
6582,3084
6582,3527
6582,3791
6582,4483
6582,8005
6582,14193
6582,15485
6582,15858
6582,17185
6582,19781
6582,21504
6582,22380
6582,22945
6583,4813
6583,24821
6583,15030
6583,16138
6583,19682
6583,22889
6584,7385
6584,23841
6585,23841
6586,540
6586,2710
6586,2728
6586,2847
6586,4371
6586,8446
6586,9654
6586,9895
6586,10091
6586,12053
6586,12162
6586,12616
6586,12726
6586,12826
6586,13050
6586,13301
6586,18476
6586,19368
6586,19886
6587,7385
6587,15205
6587,19440
6587,23841
6589,3950
6589,8851
6589,24472
6590,1258
6590,1796
6590,5813
6590,7759
6590,9718
6590,11865
6590,12174
6590,12486
6590,13024
6590,14883
6590,15246
6590,16185
6590,17892
6590,20208
6590,20584
6590,21793
6590,23788
6593,2866
6593,3360
6593,4144
6593,4278
6593,9102
6593,9396
6593,10069
6593,13826
6593,15266
6593,24564
6594,2606
6594,2866
6594,4144
6594,4276
6594,10069
6594,11674
6594,13391
6594,13826
6594,15266
6594,24564
6596,564
6596,1262
6596,11056
6596,12563
6596,13786
6596,17029
6596,18091
6596,18516
6596,21424
6596,23843
6597,11611
6597,12879
6597,15695
6597,18039
6598,6684
6598,15485
6599,13322
6599,13834
6599,20518
6599,20899
6599,21209
6601,244
6601,3875
6601,7171
6601,10569
6601,11220
6601,13513
6601,13634
6602,906
6602,3439
6602,4015
6602,4172
6602,6267
6602,6522
6602,8009
6602,8588
6602,10067
6602,11239
6602,18620
6602,18707
6602,19238
6602,19863
6605,3197
6605,11328
6605,13854
6606,4232
6606,15897
6606,16855
6607,4417
6608,3053
6608,18997
6608,22958
6610,1520
6610,2420
6610,3745
6610,5485
6610,6469
6610,7648
6610,9639
6610,11505
6610,11750
6610,16487
6610,18882
6610,19328
6610,19753
6610,21672
6610,22210
6610,24059
6610,24314
6611,1486
6612,3539
6612,6655
6612,6723
6612,8135
6612,8118
6612,17521
6612,17195
6612,18032
6612,20372
6612,21569
6613,20411
6615,1083
6615,2855
6615,2950
6615,5682
6615,7594
6615,8658
6615,11318
6615,12996
6615,13993
6615,19124
6615,20133
6616,2375
6616,6218
6616,6712
6616,7862
6616,14415
6616,14863
6616,16401
6616,22192
6616,22668
6616,24262
6617,1860
6617,2232
6617,6260
6617,7906
6617,8063
6617,14948
6617,18946
6617,20073
6618,238
6618,2019
6618,5159
6618,4462
6618,4857
6618,8897
6618,15086
6618,17003
6618,18293
6618,23748
6620,7294
6620,13815
6620,19941
6621,28
6621,8910
6621,10988
6621,11080
6622,1336
6622,4582
6622,4620
6622,5439
6622,8202
6622,9072
6622,9482
6622,10997
6622,12811
6622,16228
6622,19435
6622,19614
6622,20541
6622,21297
6622,23619
6623,778
6623,3808
6623,16771
6626,5648
6626,23830
6627,579
6627,9121
6627,11111
6627,11930
6627,14246
6627,14300
6627,14326
6627,19620
6627,21778
6627,22188
6628,10047
6628,12832
6628,16195
6628,16782
6637,535
6637,1219
6637,5807
6637,6828
6637,8186
6637,16056
6637,16390
6637,16558
6637,18272
6637,18434
6637,22893
6639,8149
6639,17288
6639,18924
6640,302
6640,14121
6640,23461
6641,7520
6641,8105
6641,15215
6641,18216
6641,21126
6643,788
6643,3009
6643,3889
6643,3992
6643,6125
6643,9683
6643,10591
6643,12217
6643,16431
6643,16991
6643,22769
6643,24083
6643,24781
6644,12134
6644,16863
6645,1093
6645,12481
6645,20995
6646,1292
6646,2223
6646,2657
6646,12697
6646,14581
6646,17707
6646,19388
6646,20746
6646,23926
6646,24794
6650,7611
6650,20414
6652,8569
6652,14804
6652,15439
6654,2241
6654,8213
6654,15664
6654,23833
6655,2734
6655,13565
6655,22900
6656,2847
6656,6413
6656,9686
6656,18602
6657,4894
6657,6793
6657,18199
6658,2558
6658,6546
6658,10029
6658,14528
6658,20896
6659,3197
6659,6468
6659,13190
6659,16238
6660,3626
6660,15273
6660,18801
6661,3180
6661,3315
6661,6572
6661,7707
6661,10196
6661,11079
6661,11758
6661,12146
6661,13418
6661,13888
6661,16757
6661,18037
6661,19857
6661,21450
6661,23392
6662,3475
6662,16588
6662,23698
6663,1254
6663,3898
6663,5922
6663,21490
6664,6408
6664,18523
6667,7136
6667,18880
6669,2605
6669,8341
6669,10222
6670,4027
6670,9739
6671,3676
6671,16616
6672,4077
6672,10425
6672,11114
6672,11202
6672,11258
6672,15351
6672,16253
6672,19744
6672,20566
6672,23658
6675,9498
6675,10222
6675,16527
6675,23996
6676,2845
6676,3683
6676,4109
6676,4692
6676,8711
6676,10189
6676,10915
6676,14849
6676,17642
6676,17960
6676,18037
6676,20815
6676,21925
6676,22637
6676,22647
6676,22938
6676,24543
6678,1449
6678,4776
6678,9824
6678,13924
6678,14056
6678,19253
6678,20768
6679,1184
6679,3844
6679,6110
6679,6196
6679,7203
6679,7951
6679,8204
6679,9362
6679,11667
6679,13045
6679,13152
6679,14718
6679,15193
6679,15383
6679,17342
6679,17994
6679,18831
6679,21735
6683,5317
6683,6683
6683,11521
6683,16859
6683,17076
6683,23348
6685,121
6685,685
6685,951
6685,954
6685,2558
6685,4355
6685,4641
6685,4951
6685,9974
6685,15037
6685,15265
6685,17365
6685,18401
6685,18623
6685,19722
6685,21589
6686,1127
6686,4541
6686,7098
6686,7236
6686,9435
6686,9769
6686,12989
6686,13223
6686,14854
6686,15654
6686,17416
6686,21608
6686,22994
6686,23731
6688,1174
6688,8587
6688,12029
6688,21924
6688,24006
6690,944
6690,1174
6690,1359
6690,3901
6690,4934
6690,5042
6690,6423
6690,10450
6690,12134
6690,15164
6690,16878
6690,20321
6690,22631
6690,24528
6691,785
6691,5972
6691,11970
6691,13605
6691,18388
6691,23047
6692,386
6692,4547
6692,17915
6693,3390
6694,1108
6694,1939
6694,2892
6694,5089
6694,11705
6694,11878
6694,13117
6694,13306
6694,13318
6694,16093
6694,16520
6694,17832
6694,18223
6694,20046
6694,22267
6694,22632
6694,22937
6695,4178
6695,14739
6695,16725
6695,18245
6696,7939
6696,8963
6696,11751
6696,16163
6698,143
6698,911
6698,1528
6698,2978
6698,3702
6698,4638
6698,4737
6698,10984
6698,14154
6698,17342
6698,19675
6698,20895
6698,22298
6698,23177
6699,1800
6699,8910
6699,9461
6699,10222
6700,5861
6700,16436
6700,20628
6702,652
6702,1303
6702,1911
6702,2062
6702,3286
6702,4639
6702,6537
6702,10720
6702,13718
6702,15056
6702,18974
6702,21627
6702,22030
6702,23558
6706,15450
6707,262
6707,677
6707,2881
6707,5531
6707,5723
6707,7413
6707,10184
6707,12103
6707,14204
6707,15527
6707,15709
6707,17808
6707,18568
6707,19501
6707,20110
6707,22755
6707,24361
6709,566
6709,7571
6709,8832
6709,9641
6709,10487
6709,14001
6709,15444
6709,16166
6709,17610
6709,20999
6709,23583
6709,24022
6709,24809
6711,14053
6711,15485
6711,23461
6712,8470
6712,9137
6712,9382
6713,5149
6713,14765
6713,22281
6714,14087
6714,17916
6714,23031
6716,2126
6716,3881
6716,10357
6716,10436
6716,10903
6716,11067
6716,12178
6716,13980
6716,15800
6716,16191
6716,17216
6716,20533
6717,4469
6717,11860
6720,10195
6720,14064
6720,18476
6720,22372
6720,23260
6722,4534
6722,13722
6722,20009
6723,9166
6723,13701
6723,13793
6725,4537
6725,9024
6726,203
6726,7218
6729,6413
6729,12512
6729,19681
6730,6620
6730,21437
6731,600
6731,2429
6731,2766
6731,4211
6731,11034
6731,13323
6731,16272
6731,16829
6731,17857
6731,21889
6731,23046
6731,23200
6731,23685
6731,23901
6733,23681
6733,24461
6733,24750
6734,3653
6734,4367
6734,5229
6735,339
6735,3406
6735,19936
6735,24751
6738,1872
6738,20844
6738,24646
6742,2081
6742,8162
6742,16074
6743,105
6743,2270
6743,2470
6743,3503
6743,4926
6743,5453
6743,5536
6743,5747
6743,9274
6743,9781
6743,13245
6743,14684
6743,14799
6743,15383
6743,17512
6743,21342
6744,971
6744,1381
6744,2221
6744,2275
6744,3507
6744,5812
6744,9237
6744,9442
6744,12425
6744,13208
6744,13450
6744,16949
6744,18115
6744,18390
6744,19143
6746,5388
6746,16128
6746,18373
6747,4938
6747,10979
6747,22282
6748,2883
6748,15276
6748,16734
6748,23284
6750,528
6750,1609
6750,4631
6750,6999
6750,7047
6750,8101
6750,10304
6750,10507
6750,14794
6750,16214
6750,20034
6751,6942
6751,13023
6751,13208
6751,13361
6751,18743
6752,3737
6752,7030
6752,8094
6752,8886
6752,14683
6752,15283
6752,19344
6752,21781
6752,22368
6752,23563
6754,12
6754,22386
6758,2664
6758,2742
6758,3049
6758,3485
6758,3625
6758,4325
6758,4877
6758,5423
6758,6359
6758,6395
6758,7874
6758,8746
6758,9714
6758,10184
6758,11494
6758,12623
6760,1747
6760,2536
6760,2632
6760,6762
6760,8258
6760,8804
6760,10039
6760,11575
6760,13607
6760,13722
6760,14460
6760,15442
6760,17960
6760,18190
6760,18900
6760,22235
6760,23950
6761,3800
6761,15731
6761,23845
6762,2217
6762,8121
6762,8368
6762,9409
6762,12607
6762,14360
6762,18234
6762,20795
6762,23361
6762,24047
6763,248
6763,4568
6763,4643
6763,5693
6763,9840
6763,10296
6763,18059
6763,18583
6763,19355
6763,24296
6764,17993
6764,23825
6767,8384
6767,11474
6767,12991
6767,16672
6769,7202
6769,11157
6770,2790
6770,4305
6770,4752
6770,5644
6770,8985
6770,12827
6770,13895
6770,14547
6770,16025
6770,16672
6770,18977
6770,19410
6770,19636
6770,20972
6770,23305
6770,23415
6770,24234
6772,3078
6772,3082
6772,6346
6772,7221
6772,9938
6772,10611
6772,11614
6772,19692
6772,19804
6772,22940
6776,28
6776,6281
6776,18069
6777,7638
6777,13327
6777,23084
6778,2603
6778,9072
6778,9265
6778,11572
6778,13427
6778,14071
6778,15180
6778,22214
6778,22225
6778,22837
6780,3705
6780,6904
6780,10684
6780,21510
6780,22137
6781,1674
6781,3733
6781,6617
6783,124
6783,4994
6783,7348
6783,7672
6783,8328
6783,8872
6783,9648
6783,10791
6783,13368
6783,16275
6783,17536
6783,17751
6783,20886
6783,22099
6783,23021
6784,1701
6784,20518
6786,8032
6787,5122
6787,6050
6787,6684
6787,20756
6789,1494
6789,1914
6789,3689
6789,4997
6789,6582
6789,7742
6789,9119
6789,9709
6789,11948
6789,16742
6789,17236
6789,19386
6789,19556
6789,20487
6789,20896
6789,21740
6789,21828
6789,23167
6790,4155
6790,6146
6790,11379
6790,14260
6790,16545
6790,17482
6790,17880
6790,17905
6790,18696
6790,18714
6790,20936
6790,21625
6790,24017
6792,10765
6793,9416
6793,10069
6793,10749
6793,12744
6793,24749
6794,13396
6794,15485
6794,17146
6795,876
6795,21117
6797,1475
6797,1705
6797,4116
6797,9109
6797,11338
6797,14572
6797,15549
6797,15999
6797,17504
6797,18847
6797,19474
6798,9380
6798,11680
6798,19712
6800,11436
6800,11680
6800,12968
6803,481
6803,803
6803,1236
6803,1563
6803,1788
6803,2252
6803,6082
6803,6690
6803,8234
6803,8586
6803,9511
6803,9630
6803,9761
6803,10039
6803,10313
6803,10517
6803,10656
6803,11488
6803,11662
6803,13009
6804,12512
6804,22564
6805,22
6805,290
6805,700
6805,6656
6805,8369
6805,11222
6805,11476
6805,14853
6805,15503
6805,17945
6805,24833
6805,18662
6805,18962
6805,21427
6805,21626
6805,22564
6805,24612
6806,13116
6806,13794
6806,18539
6806,21731
6806,23342
6806,24630
6807,2516
6807,10831
6807,15807
6807,21363
6807,21704
6807,22656
6807,22939
6807,23608
6808,3347
6808,11602
6808,21371
6809,3188
6809,6092
6809,6617
6809,10052
6809,10228
6809,10417
6809,10658
6809,10905
6809,11538
6809,11612
6809,15361
6809,15877
6809,16173
6809,17636
6809,18582
6809,24238
6812,2109
6812,2111
6812,2778
6812,7026
6812,9219
6812,13597
6812,14309
6812,16676
6812,17218
6812,20890
6812,23519
6812,24138
6812,24226
6814,4756
6814,7374
6814,9845
6814,10712
6814,11179
6814,12068
6814,17892
6814,17901
6814,21824
6814,23916
6815,9867
6815,11860
6815,23185
6816,12845
6816,19525
6819,844
6819,1862
6819,2876
6819,5926
6819,7211
6819,9378
6819,11885
6819,12022
6819,13381
6819,14296
6819,14528
6819,17387
6819,20470
6819,23240
6819,23551
6821,5305
6821,22979
6822,3190
6822,5122
6822,23951
6822,24193
6823,3100
6823,14825
6823,18786
6825,5824
6825,10289
6825,11359
6825,11724
6825,22564
6827,10450
6827,13384
6827,19786
6828,1398
6828,7029
6828,10330
6828,10353
6828,10462
6828,12657
6828,16943
6828,18764
6828,19914
6828,20863
6828,20870
6828,23455
6829,481
6829,2326
6829,2655
6829,3923
6829,5390
6829,8343
6829,9935
6829,11926
6829,13246
6829,14955
6829,18779
6829,20532
6829,21002
6829,22951
6831,1869
6831,2823
6831,8669
6831,10505
6831,14509
6831,15939
6831,18162
6831,18530
6831,20619
6831,20642
6831,21564
6831,22970
6833,8675
6833,17215
6833,23506
6835,143
6835,1291
6835,7116
6835,9317
6835,11807
6835,13740
6835,15818
6835,16504
6835,18008
6835,20943
6836,2616
6836,9052
6836,11573
6836,12443
6836,12729
6836,13053
6836,14282
6836,14376
6836,15833
6836,16408
6836,18416
6836,19199
6836,19559
6836,21825
6836,22474
6836,22598
6836,23637
6836,23944
6836,24315
6838,7619
6838,9498
6839,1104
6839,9736
6839,15077
6841,1561
6841,4780
6841,8637
6841,14776
6841,17613
6841,17849
6841,18302
6841,18638
6841,19524
6841,20492
6842,625
6842,2482
6842,3461
6842,4197
6842,5419
6842,8677
6842,12576
6842,18504
6842,19515
6842,23314
6843,1591
6843,2026
6843,2585
6843,2853
6843,3500
6843,10152
6843,10515
6843,10776
6843,13177
6843,13751
6843,14528
6843,15650
6843,15810
6843,19306
6843,20896
6843,22024
6843,23301
6844,1185
6844,1416
6844,3325
6844,3576
6844,7339
6844,7600
6844,9461
6844,10423
6844,13468
6844,14964
6844,17579
6844,17931
6844,21116
6844,23866
6844,24768
6847,3190
6847,15955
6847,16452
6848,7434
6848,16172
6848,16965
6848,24339
6849,3780
6849,5938
6849,7823
6849,12093
6849,15406
6849,15418
6849,16077
6849,15916
6849,18594
6849,23854
6850,11994
6850,15418
6850,24834
6851,6308
6851,14373
6852,1403
6852,20025
6853,607
6853,3328
6853,10067
6853,10500
6853,11686
6853,14706
6853,15005
6853,19495
6853,20716
6853,23840
6854,13738
6854,15578
6854,18130
6855,16804
6856,3446
6856,9278
6856,17402
6857,1800
6857,3446
6857,3974
6857,9278
6857,11772
6857,16055
6859,24072
6860,7788
6860,22653
6860,23439
6861,4379
6861,9797
6861,12188
6863,1800
6863,6793
6863,19558
6864,3271
6864,4696
6864,19477
6866,12405
6866,23041
6867,795
6867,2617
6867,8084
6867,9178
6867,12367
6867,13421
6867,13538
6867,14124
6867,18413
6867,20276
6867,22013
6867,22188
6867,22191
6867,22285
6867,22894
6867,23314
6869,3815
6869,10824
6869,23955
6870,4696
6870,7001
6870,20165
6870,21766
6871,3015
6871,3114
6871,3156
6871,3221
6871,4360
6871,4601
6871,6617
6871,8234
6871,9906
6871,10744
6871,11049
6871,13154
6871,16525
6871,15146
6871,18194
6871,18668
6871,20066
6873,9474
6873,22349
6873,23931
6874,3875
6874,23729
6875,1058
6875,8290
6875,15023
6876,1389
6876,4436
6876,5860
6876,10335
6876,14650
6876,18602
6878,3153
6878,3192
6878,3198
6878,3394
6878,7516
6878,12392
6878,14601
6878,15884
6878,20865
6878,21826
6878,22516
6881,2820
6881,4201
6881,4688
6881,6551
6881,11005
6881,11070
6881,11588
6881,11562
6881,11592
6881,16055
6881,16275
6881,21414
6881,22976
6885,9942
6885,18731
6885,20100
6886,4303
6886,7196
6887,10683
6888,6703
6888,17543
6888,17775
6891,5234
6891,5926
6891,7271
6891,7520
6893,4469
6893,16241
6894,203
6894,6436
6894,10160
6895,5263
6895,6567
6896,2570
6896,4178
6898,254
6898,1069
6898,1300
6898,5742
6898,10857
6898,11498
6898,12220
6898,15230
6898,15294
6899,2558
6899,3953
6899,4344
6899,4535
6899,7196
6899,11092
6899,11655
6899,20274
6899,20290
6899,22305
6900,2841
6902,7148
6902,20214
6904,6152
6905,1394
6905,1860
6905,3869
6905,4902
6905,7632
6905,8733
6905,9331
6905,12070
6905,12444
6905,15942
6905,16167
6905,19069
6906,1524
6906,3244
6906,4821
6906,5467
6906,8618
6906,9007
6906,9498
6906,12407
6906,15704
6906,17320
6906,17689
6906,19716
6906,19844
6906,20888
6906,22898
6906,22957
6906,23029
6908,3960
6908,5388
6908,11998
6909,10222
6909,19771
6910,13373
6910,20148
6910,23046
6913,20493
6913,22791
6913,24309
6914,270
6914,1186
6914,3298
6914,12207
6914,12869
6914,13027
6914,15059
6914,18430
6914,21063
6914,24197
6915,853
6915,1085
6915,1092
6915,1969
6915,7159
6915,7222
6915,11795
6915,11974
6915,13169
6915,15004
6915,18308
6915,23048
6916,688
6916,1798
6916,18887
6917,846
6917,7912
6917,12365
6918,3446
6918,4893
6918,8005
6918,11855
6918,17661
6918,17670
6918,18419
6918,23648
6918,23701
6918,24135
6919,1279
6919,7481
6919,23934
6921,7047
6921,10573
6922,4469
6923,10983
6923,11474
6923,15831
6925,16982
6925,17154
6926,832
6926,17154
6926,24172
6927,17154
6927,18333
6927,21759
6928,832
6928,17154
6928,18333
6929,16982
6929,17154
6929,21759
6931,2308
6931,4040
6931,6454
6931,9052
6931,13137
6931,13170
6931,14524
6931,15698
6931,17759
6931,17808
6931,20127
6931,22176
6931,23313
6932,6143
6932,6190
6932,9980
6932,10272
6932,12489
6932,16546
6932,18326
6932,19576
6932,22669
6933,886
6933,2562
6933,4855
6933,6684
6933,24821
6933,8134
6933,8924
6933,11155
6933,12897
6933,15919
6933,16276
6933,23851
6934,508
6934,2234
6934,3200
6934,7912
6934,8952
6934,9243
6934,10996
6934,12235
6934,13575
6934,14338
6934,15451
6934,15886
6934,16025
6934,17488
6934,21210
6934,22773
6934,23216
6936,3957
6937,9328
6937,16613
6937,20737
6939,24171
6941,1810
6941,3421
6941,4865
6941,8617
6941,8899
6941,13410
6943,12183
6943,20972
6944,619
6944,1713
6944,4147
6944,6044
6944,9705
6944,10413
6944,10543
6944,12197
6944,13851
6944,16678
6944,17717
6944,18521
6944,19169
6944,20465
6946,5751
6946,17191
6947,2966
6947,9118
6950,1715
6950,8696
6950,22653
6954,2309
6954,8848
6954,13434
6954,16139
6954,23953
6956,3721
6956,7550
6956,9157
6956,11398
6956,12626
6956,13472
6956,14321
6956,19671
6956,21722
6959,304
6959,16850
6960,14618
6960,19972
6961,12991
6961,14323
6962,10683
6962,19671
6967,2751
6967,3166
6967,4110
6967,5858
6967,6072
6967,9577
6967,11904
6967,13056
6967,15443
6967,17098
6967,17264
6967,18148
6967,18445
6967,18900
6967,19599
6967,20671
6967,20899
6967,23911
6967,24140
6970,13440
6970,15373
6970,16588
6970,20022
6970,21351
6973,3049
6973,12072
6973,12900
6973,12993
6973,23944
6974,3234
6974,5955
6974,9275
6974,15065
6974,20199
6975,9622
6975,11756
6975,13428
6975,23109
6976,2668
6976,3439
6976,9622
6976,13286
6976,13428
6976,18437
6976,23109
6977,5173
6977,9963
6977,10231
6977,22481
6978,9457
6978,11607
6978,13359
6978,16581
6978,16768
6978,20057
6978,20742
6978,21068
6979,509
6979,1327
6979,1695
6979,8886
6979,14000
6979,15246
6979,18035
6979,18130
6979,18484
6979,20365
6980,13299
6980,13526
6980,21679
6981,5616
6981,5652
6981,13911
6982,6576
6982,22320
6983,2437
6983,5681
6983,11985
6984,16036
6984,20459
6987,434
6987,3733
6987,20165
6990,1701
6990,8410
6990,11155
6991,1470
6991,10930
6991,11155
6993,10862
6993,13396
6993,16055
6993,20722
6994,525
6994,4412
6994,5230
6994,9498
6994,9867
6994,12365
6995,1487
6995,8100
6995,10337
6996,1880
6996,4821
6996,12131
6996,14996
6996,16069
6996,19076
6996,19915
6996,22362
6996,23293
7000,7575
7000,8395
7000,9256
7000,12667
7000,12851
7000,14545
7000,17271
7000,17402
7000,20070
7000,24193
7002,23393
7003,152
7003,5670
7003,6265
7003,9481
7003,10737
7005,4342
7005,10664
7005,14628
7005,16845
7005,20192
7005,23193
7006,23305
7006,23645
7007,1193
7007,3190
7007,5188
7007,18947
7007,21339
7007,23303
7009,1783
7010,358
7010,1470
7010,3524
7010,8023
7010,8820
7010,16835
7010,16851
7010,18148
7010,19679
7011,1548
7011,1640
7011,3152
7011,6282
7011,7252
7011,8154
7011,16554
7011,18743
7011,22672
7011,24649
7012,3936
7012,16238
7012,20628
7013,1207
7013,1883
7013,2616
7013,2926
7013,4173
7013,5016
7013,6052
7013,7626
7013,7666
7013,9602
7013,10449
7013,10450
7013,12186
7013,17650
7013,17945
7013,18794
7013,22764
7013,23157
7014,2065
7014,2885
7014,3036
7014,5839
7014,5916
7014,6577
7014,6862
7014,7361
7014,8394
7014,11324
7014,11644
7014,12954
7014,14396
7014,18617
7014,20141
7014,20280
7014,20515
7014,22259
7014,22297
7014,23414
7015,20280
7015,22482
7016,68
7016,6560
7016,8290
7016,10072
7016,10712
7016,10988
7016,11571
7016,16770
7016,16771
7016,20972
7017,8012
7017,14688
7017,19127
7017,22481
7020,8986
7020,16480
7021,442
7021,1739
7021,19825
7022,6705
7022,9963
7022,13308
7022,14396
7022,15065
7022,15251
7023,525
7023,3470
7023,6297
7023,12504
7023,23285
7024,3548
7024,23611
7024,24228
7025,10972
7025,15847
7027,2846
7027,14245
7027,24779
7028,1644
7028,19762
7029,909
7029,2680
7029,2710
7029,3490
7029,4168
7029,4203
7029,6716
7029,8345
7029,8859
7029,9120
7029,10437
7029,10440
7029,11146
7029,11391
7029,12794
7029,13633
7029,14178
7029,15064
7030,8470
7030,9633
7030,23351
7031,311
7031,1256
7031,3512
7031,5175
7031,13689
7031,14176
7031,20587
7031,21114
7031,21503
7031,22787
7033,1897
7033,17161
7033,22564
7034,24157
7035,757
7035,1279
7035,2074
7035,2722
7035,9944
7035,14136
7035,14873
7035,18451
7035,22582
7035,23967
7036,3667
7036,9817
7036,11155
7037,481
7037,2616
7037,6305
7037,6490
7037,7766
7037,7912
7037,15246
7037,20085
7037,24155
7038,97
7038,806
7038,1322
7038,4795
7038,5630
7038,6301
7038,14045
7038,15424
7038,19516
7038,20593
7038,22494
7039,6973
7039,18880
7039,21339
7040,3089
7040,16415
7040,17958
7041,762
7042,4390
7042,10783
7045,942
7045,2990
7045,10344
7045,11432
7045,13971
7045,15987
7045,18784
7045,19568
7045,20347
7045,20901
7045,21217
7046,1468
7046,3771
7046,5475
7046,6300
7046,7814
7046,15494
7046,15704
7046,17601
7046,23846
7046,24412
7047,6427
7047,7711
7048,1047
7048,1069
7048,3382
7048,3795
7048,4894
7048,6152
7048,5985
7048,9505
7048,10398
7048,12129
7048,13257
7048,15101
7048,17802
7048,18140
7048,18985
7048,20869
7048,21639
7050,10342
7050,12991
7050,22481
7053,6546
7053,8948
7054,12
7054,11267
7055,2238
7055,2306
7055,2705
7055,5123
7055,6685
7055,9612
7055,10024
7055,10377
7055,12616
7055,13555
7055,13859
7055,15515
7055,18415
7055,19898
7055,20099
7055,23014
7055,23675
7055,24646
7057,3352
7057,10129
7058,2816
7058,8381
7058,10747
7058,11710
7058,12415
7059,10379
7059,20395
7060,362
7060,469
7060,1607
7060,1678
7060,3971
7060,9040
7060,10041
7060,11466
7060,12546
7060,14515
7060,18518
7060,20791
7062,12678
7062,13105
7062,15607
7062,22531
7064,6328
7064,8214
7064,8992
7064,13540
7064,21705
7065,5600
7065,7068
7065,7852
7065,11692
7065,13535
7065,17293
7065,17338
7065,18793
7065,20579
7065,21092
7066,6095
7066,7314
7066,9656
7066,11315
7066,12974
7066,18897
7066,20678
7066,21220
7066,23628
7066,24790
7068,174
7068,4074
7068,4699
7068,5131
7068,7111
7068,8478
7068,11101
7068,13458
7068,13747
7068,15123
7068,15291
7068,17065
7068,17263
7068,17890
7068,18093
7068,21330
7068,21647
7068,22590
7072,5120
7072,8916
7072,8196
7072,9327
7072,9928
7072,12932
7072,17518
7072,16165
7072,18798
7072,19102
7072,24693
7073,1730
7073,1872
7073,18819
7073,24757
7074,1860
7074,2884
7074,7765
7074,10445
7074,21371
7075,6305
7075,8214
7076,23134
7077,4263
7077,4544
7077,6981
7078,14518
7079,20972
7079,23386
7080,3510
7080,4132
7080,5768
7080,8397
7080,11362
7080,11838
7080,15973
7080,17139
7080,19377
7080,19410
7080,19606
7080,21906
7080,22347
7080,22634
7080,22801
7081,10972
7081,13411
7081,15831
7081,21695
7082,2382
7082,3122
7082,3885
7082,4761
7082,4940
7082,5923
7082,6168
7082,7408
7082,7462
7082,11470
7082,13515
7082,18499
7082,18679
7082,21058
7082,21116
7082,21551
7082,22302
7083,3439
7083,4939
7083,6684
7083,8917
7083,9443
7083,11571
7083,14440
7083,23954
7084,9023
7084,21825
7084,22957
7085,6791
7085,16368
7085,24218
7086,2621
7086,5260
7086,5755
7086,8362
7086,8536
7086,9002
7086,10988
7086,12643
7086,14094
7086,16559
7086,18152
7086,19731
7086,21280
7087,8354
7087,11686
7087,19488
7088,4265
7088,13745
7088,20280
7089,1809
7089,2570
7089,8341
7089,12663
7092,3631
7092,4232
7092,18899
7093,525
7093,1730
7093,3271
7093,8910
7093,12126
7094,168
7094,2477
7094,4826
7094,4882
7094,14121
7094,14353
7094,17669
7094,18037
7094,19073
7094,21113
7094,22631
7097,4379
7097,5380
7097,18445
7098,4433
7098,10069
7099,4433
7099,10069
7101,9511
7101,17721
7102,2241
7102,5157
7102,13252
7102,20372
7103,15721
7103,16275
7104,5442
7104,6116
7104,9353
7104,10227
7104,10739
7104,11068
7104,11775
7104,14046
7104,16617
7104,21323
7105,20740
7106,434
7106,3956
7106,19482
7108,2545
7108,2833
7108,3470
7108,5197
7108,6973
7108,14987
7108,17632
7108,19425
7110,2039
7110,18446
7110,20914
7110,22900
7113,2909
7113,24382
7113,24395
7113,24539
7114,5374
7114,15632
7115,2670
7115,4794
7115,5020
7115,5494
7115,5897
7115,10612
7115,11716
7115,12662
7115,13205
7115,16500
7115,22003
7115,22852
7115,23428
7115,23433
7115,24105
7116,3944
7116,4421
7116,10683
7118,5846
7118,9766
7118,12175
7118,12504
7118,17169
7118,18206
7118,20273
7119,6152
7119,20213
7119,20722
7121,1047
7121,3098
7121,5008
7121,9780
7121,13819
7121,15061
7121,16229
7121,19871
7121,23243
7121,23328
7122,2231
7122,10231
7122,10949
7122,12826
7122,15779
7123,16241
7123,18998
7123,22320
7124,3113
7124,4077
7124,7972
7124,8930
7124,11355
7124,13250
7124,14069
7124,14532
7124,16063
7124,16329
7124,16472
7124,19577
7124,19749
7124,23776
7124,24261
7125,20387
7125,21124
7125,22268
7126,802
7126,803
7126,2629
7126,4939
7126,8154
7126,14245
7126,16974
7126,17492
7126,19097
7126,24095
7127,1131
7127,2358
7127,8305
7127,12685
7127,15135
7127,14840
7128,3725
7128,7697
7128,10926
7128,10988
7128,14523
7128,14529
7128,15511
7128,17395
7128,18191
7128,20528
7128,22649
7128,23621
7130,148
7130,3667
7130,11020
7134,6793
7134,11686
7134,12360
7134,15976
7134,19197
7135,1147
7135,7168
7135,7651
7135,13751
7136,1535
7139,8773
7139,15732
7139,19248
7141,4193
7141,9852
7141,9944
7141,18487
7141,22618
7142,1598
7142,5348
7142,5468
7142,6365
7142,8467
7142,8773
7142,11924
7142,13958
7142,17491
7142,18431
7142,19165
7142,19849
7142,22159
7142,23029
7142,23400
7143,1278
7143,1349
7143,2513
7143,7138
7143,9026
7143,12582
7143,12936
7143,14283
7143,15320
7143,15358
7143,16603
7143,18464
7143,24501
7147,729
7147,3733
7147,4936
7147,6617
7147,9750
7147,13862
7147,18831
7148,959
7148,4587
7148,19884
7149,2531
7149,8645
7149,9316
7149,14739
7149,17825
7149,17931
7149,20903
7152,2022
7152,11265
7155,3773
7155,12300
7155,12577
7155,15400
7155,15553
7155,15983
7156,3541
7156,7454
7156,12423
7156,14689
7158,21124
7161,170
7161,436
7161,9156
7161,19459
7161,22254
7161,22966
7162,7
7162,1954
7162,4763
7162,9066
7162,9216
7162,10903
7162,11125
7162,12052
7162,16836
7162,17072
7162,19741
7162,20583
7162,24192
7163,2261
7163,8173
7163,12596
7163,16700
7163,19470
7163,24170
7164,7617
7164,9714
7164,10755
7164,12271
7164,15022
7164,15555
7164,15894
7164,17282
7164,19148
7164,19790
7164,22196
7166,11931
7166,13737
7166,21441
7167,2370
7167,3664
7167,7336
7167,8133
7167,9191
7167,10823
7167,14911
7167,15661
7167,16469
7167,17392
7167,17480
7167,18038
7167,18284
7167,18955
7167,19204
7167,19212
7168,6715
7168,12505
7168,22200
7169,35
7169,2662
7169,2954
7169,6098
7169,11837
7169,22807
7172,911
7172,8379
7172,14717
7172,15849
7172,15980
7174,12453
7174,21326
7175,1189
7175,2633
7175,8292
7175,11415
7175,11622
7175,11701
7175,11811
7175,22218
7175,22445
7175,24719
7176,9249
7176,10943
7176,15160
7176,15385
7176,18743
7177,2212
7177,3324
7177,5906
7177,8839
7177,11211
7177,11400
7177,11435
7177,15107
7177,16966
7177,17780
7178,3197
7180,7268
7180,23305
7182,10625
7182,22320
7183,3892
7183,5531
7183,14254
7184,2767
7184,5036
7184,23229
7185,2787
7185,6489
7185,7287
7185,8037
7186,1548
7186,21600
7186,23229
7187,12648
7187,21272
7187,23229
7188,5036
7188,21272
7188,23229
7189,5036
7189,15828
7189,23229
7190,4390
7190,9242
7192,87
7192,815
7192,2493
7192,7731
7192,9615
7192,17318
7192,18537
7192,20037
7192,24096
7192,24408
7194,2335
7194,4415
7194,12205
7194,14114
7194,19714
7196,764
7196,765
7196,1356
7196,3039
7196,3930
7196,5265
7196,5346
7196,5354
7196,8178
7196,9915
7196,14934
7196,15740
7196,21160
7196,21399
7196,21934
7197,1631
7197,3796
7197,11887
7197,15886
7199,1631
7199,4170
7199,19785
7200,1631
7200,19785
7201,2158
7201,4170
7201,13118
7201,14596
7201,21826
7202,2270
7202,2291
7202,5998
7202,8176
7202,8536
7202,10520
7202,10703
7202,13032
7202,14813
7202,15840
7202,16736
7202,17680
7202,22149
7202,24760
7203,2148
7203,3677
7203,16054
7203,19492
7204,4520
7204,5308
7204,12175
7204,17204
7205,2879
7205,9989
7205,11905
7207,9999
7207,11436
7207,17106
7208,9095
7208,9468
7208,12902
7209,9995
7210,1058
7210,1978
7210,6907
7210,8022
7210,8575
7210,9559
7210,10651
7210,13286
7210,13523
7210,15847
7210,16408
7210,23507
7210,24218
7210,24639
7211,8086
7211,14561
7211,16237
7211,21112
7212,8086
7212,14561
7212,16237
7212,17827
7212,21112
7213,21220
7214,755
7214,5527
7214,9087
7214,9478
7214,10307
7214,11845
7214,12605
7214,19410
7214,19609
7214,23535
7215,10369
7215,16290
7216,13518
7216,16015
7216,16677
7218,7939
7218,22093
7219,19041
7219,20190
7219,21284
7219,22206
7219,24280
7220,4845
7220,5829
7220,8990
7220,9398
7220,11606
7220,14740
7220,18108
7220,21087
7220,23637
7222,5040
7222,17876
7223,5040
7223,5681
7223,17876
7225,2020
7225,2955
7225,3467
7225,5702
7225,8028
7225,9592
7225,10210
7225,10246
7225,11954
7225,17938
7225,20970
7227,1950
7227,4953
7227,5204
7227,6561
7227,6917
7227,9353
7227,10027
7227,18468
7228,1316
7228,3765
7228,9255
7228,10030
7228,10143
7228,12274
7228,14791
7228,15440
7228,19518
7228,20389
7229,4356
7229,10862
7230,4823
7230,6366
7230,7035
7230,9698
7230,10166
7230,15231
7230,16439
7230,21292
7230,22173
7230,22417
7232,633
7232,3095
7232,6047
7232,6400
7232,8159
7232,8219
7232,11676
7232,12137
7232,13828
7232,16451
7232,16967
7232,20554
7232,21058
7232,22571
7232,23014
7233,3778
7233,8209
7233,8868
7233,10794
7233,12423
7233,13102
7233,14689
7233,15541
7233,16608
7233,18447
7233,20077
7233,20573
7234,20322
7236,4722
7236,18037
7236,20418
7238,1809
7238,4931
7238,7736
7238,8177
7238,10048
7238,10167
7238,10361
7238,13736
7238,15534
7238,20277
7238,21396
7238,22235
7238,23891
7238,23950
7238,24603
7238,24711
7239,453
7239,1685
7239,4211
7239,5300
7239,5648
7239,8087
7239,11006
7239,13990
7239,14205
7239,17161
7239,17724
7239,23530
7239,23788
7241,8974
7241,16672
7241,20168
7242,5156
7242,17651
7243,4303
7243,12448
7243,18069
7246,948
7246,2145
7246,7094
7246,7706
7246,8764
7246,9806
7246,12535
7246,18140
7246,18206
7246,18421
7246,19161
7246,20891
7246,21899
7248,11840
7248,11860
7248,15575
7249,6270
7249,10315
7249,21253
7250,10415
7250,15270
7251,10782
7251,17527
7251,20589
7253,14947
7254,8654
7255,5681
7255,16683
7256,2204
7256,3247
7256,3752
7256,5257
7256,5555
7256,6727
7256,8008
7256,9609
7256,11853
7256,13479
7256,15901
7256,16761
7256,17503
7256,18691
7256,19694
7256,22674
7256,24097
7257,3099
7257,11020
7257,11842
7258,1485
7258,10737
7258,12506
7259,143
7259,13190
7259,16500
7259,16510
7259,18786
7259,22271
7260,8899
7260,10557
7260,18037
7262,1233
7262,2669
7262,4006
7262,6013
7262,7612
7262,7949
7262,8577
7262,9329
7262,11179
7262,11275
7262,13711
7262,14882
7262,17840
7262,19510
7263,6275
7263,17388
7264,2605
7264,6170
7264,16230
7264,17689
7264,20722
7264,23866
7265,1299
7265,3795
7265,4939
7265,5873
7265,8617
7265,14813
7265,23162
7265,23351
7265,24157
7267,24217
7267,24342
7268,2362
7272,11924
7272,22684
7272,23532
7276,1583
7276,14440
7276,19248
7278,3117
7278,11005
7279,11686
7279,12947
7280,4303
7280,8577
7280,17761
7281,1701
7281,4186
7281,5712
7281,6270
7281,6365
7281,6724
7281,8253
7281,10632
7281,11093
7281,13333
7281,16241
7281,16849
7281,19519
7281,20188
7282,842
7282,1243
7282,3127
7282,3502
7282,4755
7282,4813
7282,8255
7282,10207
7282,10615
7282,18971
7282,19420
7282,20945
7282,24023
7282,24089
7282,24216
7283,3420
7283,16066
7284,13722
7284,16436
7284,23179
7285,434
7285,11809
7287,3430
7287,6991
7287,16251
7288,5720
7289,4021
7289,6927
7289,13252
7289,21693
7289,22333
7290,7609
7290,8645
7290,10141
7290,10241
7290,11444
7290,11920
7290,14978
7290,16578
7290,18211
7290,19031
7290,21727
7290,22791
7290,23216
7290,24768
7292,3422
7292,9871
7292,12024
7292,16263
7292,17699
7292,17846
7292,21925
7293,20493
7293,24234
7293,24342
7294,4655
7294,4894
7294,20899
7294,23349
7294,24342
7295,884
7295,2571
7295,10862
7295,12505
7296,5526
7296,14050
7296,23155
7299,5405
7299,6882
7299,17583
7299,18962
7299,23580
7300,5148
7300,13542
7300,21098
7301,13542
7301,13746
7301,21098
7302,1039
7302,4757
7302,12212
7306,3636
7306,10681
7306,20098
7307,1675
7310,2605
7310,19682
7312,2240
7312,3270
7312,4577
7312,4915
7312,5701
7312,8920
7312,8855
7312,9283
7312,10641
7312,11348
7312,12035
7312,14738
7312,17937
7312,19276
7313,2397
7313,2781
7313,4075
7313,12585
7313,12745
7313,14249
7313,19395
7313,24123
7313,24383
7315,1336
7315,3340
7315,4841
7317,2108
7317,2654
7317,2783
7317,3532
7317,3603
7317,4324
7317,11557
7317,14438
7317,17990
7317,22804
7318,10569
7318,24553
7319,11772
7319,24244
7321,4469
7321,20972
7321,23798
7322,746
7322,2208
7322,2308
7322,9792
7322,11198
7322,11227
7322,11259
7322,12266
7322,14116
7322,16180
7322,16591
7322,19785
7322,19985
7322,20131
7322,20972
7322,22570
7322,23214
7327,11006
7327,19949
7327,22093
7327,22481
7328,12524
7328,16684
7328,24013
7329,8910
7329,9999
7331,754
7331,1479
7331,2326
7331,2605
7331,2655
7331,3619
7331,5249
7331,7703
7331,7903
7331,13224
7331,16563
7331,16994
7331,18898
7331,20449
7331,20481
7331,21853
7331,23162
7331,23439
7331,24090
7332,5861
7332,8025
7332,9494
7332,10905
7332,11686
7332,13301
7332,14418
7332,24556
7332,24582
7335,7710
7335,10069
7335,18574
7336,10069
7336,14978
7336,18574
7338,22194
7338,24151
7339,4163
7339,4484
7339,5541
7339,5595
7339,9957
7339,13582
7339,14882
7339,17926
7339,19326
7339,19870
7340,1010
7340,6612
7340,21055
7341,1535
7341,19849
7341,20165
7341,24234
7342,18902
7342,20121
7343,3397
7343,5816
7343,6298
7343,15241
7343,16363
7343,19596
7343,19708
7343,19782
7343,20121
7343,20730
7343,21689
7343,24204
7344,4325
7344,9206
7344,22320
7345,12945
7345,17971
7345,21825
7346,11830
7346,12634
7346,12965
7346,18494
7346,19998
7347,143
7347,1288
7347,2107
7347,3910
7347,4985
7347,5181
7347,5811
7347,6365
7347,7700
7347,8713
7347,9571
7347,10024
7347,12297
7347,14883
7347,15843
7347,15912
7347,16415
7347,16944
7347,17664
7347,19422
7348,215
7348,4396
7348,10501
7348,11002
7348,12191
7348,12970
7348,13070
7348,13361
7348,16982
7348,18422
7348,23617
7349,1809
7349,7046
7349,13384
7354,4303
7354,7168
7354,8246
7354,8275
7354,10379
7354,10448
7354,11860
7354,12571
7354,13233
7354,15276
7354,16025
7354,16672
7354,18578
7354,20480
7354,22226
7355,12365
7355,19477
7355,20166
7356,12365
7356,19477
7356,20166
7359,15270
7359,20724
7359,20856
7361,9689
7361,18574
7364,853
7364,10712
7365,1034
7365,4070
7365,14064
7367,13210
7367,17009
7369,2601
7369,8434
7369,8706
7369,10607
7369,19186
7369,20991
7369,22005
7369,22244
7370,240
7370,945
7370,2305
7370,2919
7370,6794
7370,6942
7370,7176
7370,14738
7370,16875
7370,17332
7370,18337
7370,18520
7370,18867
7370,20245
7370,20725
7370,22314
7370,23052
7370,23441
7370,23849
7371,73
7371,894
7371,1174
7371,2149
7371,4989
7371,6632
7371,12308
7371,14740
7371,18444
7371,23528
7372,5525
7372,6041
7372,6278
7372,8072
7372,10074
7372,17333
7372,19319
7372,19483
7372,21959
7372,24045
7373,125
7373,4773
7373,9030
7373,18912
7373,20646
7374,435
7374,10375
7374,11189
7374,12953
7374,15061
7374,15551
7374,17154
7374,19990
7374,20118
7374,22156
7374,22275
7374,22883
7374,22898
7374,23386
7374,24342
7376,4841
7376,17363
7376,18831
7377,15847
7377,16834
7377,19874
7378,14377
7379,4718
7379,10678
7379,22297
7380,420
7380,4304
7380,5216
7380,12681
7380,13156
7380,13319
7380,13612
7380,14522
7380,16392
7380,17280
7380,17294
7380,20820
7380,22585
7380,24623
7380,24631
7381,3645
7381,4010
7381,6888
7381,7037
7381,9288
7381,9683
7381,10298
7381,11538
7381,17976
7381,18435
7381,23046
7381,23397
7383,604
7383,3352
7383,8041
7383,11716
7383,12762
7383,13431
7383,13915
7383,15088
7383,19572
7383,22148
7384,171
7384,5879
7384,10895
7384,14590
7384,17016
7384,18821
7384,19137
7384,18584
7384,19619
7384,21988
7385,10415
7385,11369
7385,12929
7387,2668
7387,7297
7387,7602
7387,9443
7387,10906
7387,11261
7387,11892
7387,12347
7387,13914
7387,16320
7387,16778
7387,18129
7387,18491
7391,461
7391,1281
7391,1465
7391,2710
7391,4811
7391,5099
7391,6081
7391,8164
7391,12074
7391,14985
7391,17720
7391,18476
7391,20443
7391,20569
7391,21538
7391,22093
7391,24205
7395,6709
7395,20165
7396,6709
7396,17094
7397,3636
7397,6709
7397,17094
7398,3636
7398,6709
7398,17094
7399,3636
7399,6709
7399,17094
7400,13216
7400,13468
7400,15849
7401,4151
7401,10129
7401,17635
7401,18401
7402,4666
7402,10389
7404,7204
7404,15927
7404,17688
7405,10366
7405,12231
7405,19444
7406,7196
7406,14323
7406,15831
7407,552
7407,1242
7407,2155
7407,3077
7407,5615
7407,6370
7407,7074
7407,7542
7407,10285
7407,13169
7407,17113
7407,17341
7407,18668
7407,18670
7407,23839
7407,24060
7408,1632
7408,5098
7408,5409
7408,6562
7408,7675
7408,14126
7408,19178
7408,21820
7408,23736
7408,24244
7409,124
7409,301
7409,2067
7409,8305
7409,10830
7409,14079
7409,17709
7409,18091
7409,18834
7409,20999
7409,24011
7410,2662
7410,7168
7410,10906
7410,11892
7410,12166
7410,23866
7411,2662
7411,3448
7411,3956
7411,4619
7411,6912
7411,9475
7411,9567
7411,9803
7411,10238
7411,10906
7411,12166
7411,15408
7411,16245
7411,16785
7411,19493
7411,21611
7412,1320
7412,2412
7412,5010
7412,7754
7412,7832
7412,8218
7412,12433
7412,14787
7412,20769
7412,23983
7413,16810
7417,3974
7417,4070
7417,12365
7417,20456
7418,6776
7418,9242
7419,18831
7419,21002
7419,23036
7419,24008
7420,1216
7420,3040
7420,3933
7420,5338
7420,12384
7420,15690
7420,17166
7420,20368
7420,22039
7420,22775
7421,478
7421,862
7421,2177
7421,3169
7421,4455
7421,8604
7421,11606
7421,13762
7421,14197
7421,14794
7421,16043
7421,18195
7421,19425
7421,21525
7421,21707
7421,24286
7422,863
7422,6823
7422,11948
7422,13334
7422,17364
7422,19971
7422,22301
7422,23455
7423,11474
7423,16482
7424,4201
7424,22133
7425,158
7425,1389
7425,4688
7425,9886
7425,14440
7425,21682
7425,22609
7425,24527
7426,14142
7426,19503
7426,21297
7427,236
7427,3875
7427,13634
7427,19503
7427,21297
7428,213
7428,7001
7428,7381
7428,12456
7430,1681
7430,9437
7430,13190
7430,13607
7430,14540
7430,14981
7430,16230
7430,20382
7430,20597
7430,21990
7430,23592
7433,13190
7433,16835
7434,746
7434,5391
7434,5602
7434,10632
7434,11025
7434,11365
7434,13070
7434,13337
7434,17990
7434,18805
7435,4366
7435,5442
7435,5547
7435,10011
7435,10321
7435,11087
7435,11310
7435,11346
7435,19732
7435,19767
7436,4356
7437,3117
7437,4433
7437,10067
7437,11005
7437,12453
7437,20165
7438,3128
7438,4978
7438,14480
7438,16137
7438,16911
7438,21951
7439,18216
7439,22386
7441,298
7441,515
7441,586
7441,1571
7441,1879
7441,3743
7441,7957
7441,8640
7441,10256
7441,16116
7441,16303
7441,18021
7441,18024
7441,18531
7441,19561
7441,20847
7443,4841
7443,11182
7443,12134
7443,12166
7443,16789
7443,17023
7443,20493
7444,18934
7445,3105
7445,3974
7445,12131
7445,16980
7447,10996
7447,11018
7447,11662
7447,16241
7447,19771
7447,21220
7447,21439
7447,22764
7447,23465
7448,149
7448,2347
7448,3019
7448,3068
7448,4249
7448,7331
7448,7871
7448,8265
7448,8989
7448,11018
7448,14376
7448,16241
7448,17977
7448,19771
7448,21220
7448,21439
7448,22764
7448,23465
7449,362
7449,2579
7449,7791
7449,10054
7449,13258
7449,14964
7449,15585
7451,5621
7451,10170
7451,10404
7451,11642
7451,14190
7451,14917
7451,20164
7451,21530
7451,22774
7452,7520
7452,10404
7452,12555
7456,1171
7456,1653
7456,2869
7456,2949
7456,5704
7456,8297
7456,12044
7456,12544
7456,14222
7456,14924
7456,14995
7456,15184
7456,16811
7458,1181
7458,9650
7458,16383
7458,23197
7460,3418
7460,19543
7460,22624
7461,2533
7461,4739
7461,5565
7461,6080
7461,6854
7461,14139
7461,14148
7461,16061
7461,18942
7461,22518
7461,24161
7464,2802
7464,3735
7464,5581
7464,5896
7464,6705
7464,8044
7464,10317
7464,11323
7464,11506
7464,12367
7464,13419
7464,15017
7464,15614
7464,18099
7464,20614
7466,1951
7466,3220
7466,5598
7466,7007
7466,7274
7466,10172
7466,11799
7466,12358
7466,12410
7466,12719
7466,13658
7466,18013
7466,19496
7466,20979
7466,22769
7466,22799
7466,22950
7466,23258
7468,8016
7472,2820
7472,4876
7472,5417
7472,5503
7472,10440
7472,13863
7472,14863
7472,17067
7472,23825
7472,24760
7473,4023
7473,7377
7473,13721
7473,14558
7473,15344
7473,15686
7473,18620
7473,21336
7473,21518
7473,23498
7474,4016
7474,6383
7474,16764
7474,19146
7474,20418
7474,23435
7475,7379
7475,8739
7476,6914
7476,10623
7476,19874
7479,1535
7479,8910
7479,12365
7480,13251
7480,13815
7480,16633
7482,5388
7482,9277
7482,10701
7482,12367
7482,17636
7482,19558
7483,6458
7483,7332
7483,21283
7484,273
7484,2518
7484,3533
7484,3534
7484,4295
7484,6617
7484,6901
7484,9059
7484,10692
7484,11269
7484,13140
7484,13462
7484,16196
7484,16405
7484,17876
7484,18196
7484,18216
7484,18595
7484,18855
7486,6223
7487,2327
7487,3959
7487,8056
7487,8303
7487,12685
7487,16396
7487,15651
7487,16351
7487,16544
7487,17474
7487,18292
7487,23882
7489,1567
7489,1958
7489,4384
7489,5236
7489,5741
7489,12646
7489,13080
7489,15531
7489,20649
7489,23801
7490,10130
7490,14333
7490,15001
7493,7171
7494,3307
7494,3495
7494,16514
7495,911
7495,10684
7496,6183
7496,8207
7496,10450
7496,16974
7496,21224
7498,688
7498,17047
7498,21287
7499,14087
7499,17062
7500,1674
7500,4178
7500,17993
7502,620
7502,1515
7502,1686
7502,10703
7502,10767
7502,11190
7502,11602
7502,12429
7502,12784
7502,13144
7502,13405
7502,16847
7502,18549
7502,22816
7503,12365
7503,16672
7504,2290
7504,4054
7504,4409
7504,8284
7504,9076
7504,11533
7504,13011
7504,13228
7504,13917
7504,15683
7504,18884
7504,19511
7504,19744
7504,23136
7504,24211
7504,24400
7504,24711
7506,6973
7506,16853
7506,17761
7507,11883
7507,13884
7507,19671
7509,6202
7509,8100
7510,623
7510,1827
7510,2239
7510,4778
7510,15558
7510,16065
7510,18040
7510,20385
7510,20501
7510,23807
7512,1388
7512,7072
7512,21664
7512,24272
7513,3613
7513,4689
7513,11353
7513,11653
7513,12306
7513,15697
7513,15970
7513,22188
7513,22311
7513,23669
7514,1067
7514,5404
7514,7080
7514,7974
7514,12245
7514,12725
7514,13172
7514,15509
7514,16916
7514,21512
7515,8274
7515,8486
7515,10746
7515,11487
7515,12245
7515,14376
7515,15334
7515,20298
7515,20903
7515,21575
7516,22881
7516,23670
7516,24692
7518,2163
7518,3333
7518,4683
7518,10713
7518,10962
7518,11015
7518,11805
7518,11815
7518,11892
7518,12071
7518,12184
7518,12216
7518,16846
7518,21519
7518,21611
7518,22051
7518,23291
7518,24661
7520,23497
7520,24338
7521,1780
7521,4826
7521,5456
7521,6438
7521,10367
7521,11082
7521,11729
7521,16883
7521,18330
7521,20176
7524,4070
7524,4939
7524,5524
7524,7113
7524,8575
7524,10313
7524,11389
7524,14187
7524,24437
7524,24717
7525,6147
7525,23036
7529,1397
7529,3572
7529,16502
7529,21492
7530,143
7530,1631
7530,11751
7531,6182
7531,22335
7533,11081
7533,19671
7533,20722
7535,1401
7535,3615
7535,7328
7535,9167
7535,9325
7535,9653
7535,19113
7535,20943
7535,20966
7535,21807
7535,22323
7535,22652
7535,24839
7536,12503
7536,17775
7536,20972
7537,3105
7537,10683
7538,1188
7538,5377
7538,8683
7538,9650
7538,13076
7538,13541
7538,15000
7538,15009
7538,19600
7538,19650
7540,6617
7540,11892
7540,19528
7540,22481
7541,12947
7541,16633
7541,20899
7542,475
7542,3875
7542,21766
7543,4269
7543,21223
7544,5122
7544,10312
7545,2910
7545,8515
7545,24038
7546,4178
7546,4379
7546,13736
7547,12134
7547,16527
7547,21472
7547,24666
7548,4367
7548,6684
7548,10440
7548,23113
7550,12850
7550,19394
7550,24151
7551,8430
7554,24469
7555,6883
7555,7265
7556,1440
7556,3564
7556,4501
7556,8126
7556,10757
7556,15018
7556,20488
7556,20489
7556,22663
7556,23796
7558,68
7558,1800
7558,4894
7558,10905
7559,8398
7559,17708
7559,23696
7562,11155
7562,16710
7562,22481
7563,1008
7563,2153
7563,3354
7563,7636
7563,9682
7563,10294
7563,13164
7563,15108
7563,15692
7563,16401
7563,23304
7563,24135
7563,24711
7564,519
7564,4828
7564,6459
7564,7139
7564,7444
7564,11898
7564,12033
7564,14571
7564,16773
7564,18801
7564,19229
7564,19939
7564,22957
7564,24134
7564,24342
7567,10401
7567,16350
7568,11050
7568,22150
7569,143
7569,7218
7569,11010
7569,13722
7569,17527
7569,24757
7574,655
7574,2632
7574,3390
7574,5778
7574,5986
7574,7699
7574,8575
7574,9985
7574,11537
7574,13331
7574,13915
7574,16447
7574,16945
7574,19143
7574,19736
7574,20493
7574,20849
7574,22590
7575,2142
7575,8773
7575,9498
7577,68
7577,15105
7577,20914
7579,4893
7579,8586
7579,12968
7580,4664
7580,6567
7580,21917
7581,1457
7581,3817
7581,4709
7581,7773
7581,9507
7581,9707
7581,13881
7581,14750
7581,15956
7581,16127
7582,8682
7582,20988
7582,21798
7584,1049
7584,6267
7584,7939
7584,10046
7584,13169
7585,483
7585,863
7585,2847
7585,7033
7585,11026
7585,11844
7585,14842
7585,18406
7585,20896
7585,23155
7586,7039
7586,22202
7591,1086
7591,6348
7592,776
7592,1554
7592,1537
7592,6879
7592,7190
7592,8147
7592,10584
7592,10742
7592,12353
7592,18291
7592,18934
7592,22866
7592,24281
7593,2843
7594,8924
7594,14384
7594,23245
7594,23707
7595,9550
7595,19896
7596,461
7596,10454
7596,23525
7597,446
7597,4246
7597,4932
7597,5275
7597,5890
7597,7320
7597,8828
7597,10580
7597,12979
7597,14284
7597,14660
7597,15161
7597,15476
7597,16818
7597,18964
7597,19390
7599,1701
7599,11861
7601,729
7601,3127
7601,5075
7601,6095
7601,7101
7601,10964
7601,12708
7601,14425
7601,18900
7601,19138
7601,21927
7602,10542
7605,1201
7605,2695
7605,2707
7605,6694
7605,7918
7605,8124
7605,11780
7605,12442
7605,16258
7605,20728
7606,197
7606,2406
7606,2630
7606,3187
7606,6051
7606,6901
7606,7258
7606,7993
7606,10375
7606,10836
7606,11324
7606,14211
7606,14227
7606,14535
7606,14632
7606,16551
7606,16751
7606,17725
7606,17807
7607,3197
7607,10337
7607,16560
7608,4218
7608,4728
7608,7038
7608,11185
7608,11932
7608,13097
7608,13855
7608,17697
7608,20881
7608,21539
7608,21905
7608,23571
7609,7671
7609,12434
7610,3058
7610,6087
7611,2483
7611,9103
7612,3326
7612,20604
7613,307
7613,4858
7613,6111
7613,14904
7613,15875
7613,19260
7613,19405
7613,22018
7613,23033
7613,23572
7613,23966
7615,2026
7615,5531
7615,5737
7615,11102
7615,12948
7615,13915
7615,15470
7615,16898
7615,18491
7615,18786
7615,22353
7615,22914
7615,22935
7616,796
7616,4166
7616,4621
7616,6019
7616,9116
7616,12477
7616,13098
7616,13704
7616,14563
7616,15771
7616,16352
7616,19883
7616,20531
7616,21621
7617,350
7617,399
7617,846
7617,1504
7617,2372
7617,5660
7617,6487
7617,8742
7617,10450
7617,10668
7617,11810
7617,12597
7617,19233
7617,19467
7617,19916
7617,20884
7617,23197
7620,2734
7620,20972
7621,21917
7621,23260
7622,6442
7622,10302
7622,17461
7623,1674
7623,6147
7623,9275
7624,16538
7624,24178
7626,17007
7626,23333
7626,23535
7627,2865
7627,4248
7627,4411
7627,5683
7627,6388
7627,9389
7627,10451
7627,14113
7627,16128
7627,16880
7627,18416
7627,18872
7627,19815
7627,20085
7627,21465
7627,23316
7627,24297
7628,3368
7628,4605
7628,18076
7631,10222
7631,16974
7631,23825
7632,1072
7632,2602
7632,7619
7632,8771
7632,10684
7632,11061
7632,16829
7632,17067
7632,21611
7632,23200
7639,1
7639,7912
7639,10222
7639,18505
7639,19477
7640,18654
7640,23109
7642,1696
7642,2667
7642,4567
7642,7712
7642,9828
7642,12318
7642,11615
7642,13873
7642,17472
7642,23021
7644,1486
7644,10867
7644,22093
7645,4827
7645,23386
7646,570
7647,1668
7647,2987
7647,3481
7647,3916
7647,4002
7647,4029
7647,4094
7647,4297
7647,5578
7647,6187
7647,6436
7647,7334
7647,7442
7647,7871
7647,8075
7647,8164
7647,8457
7648,23285
7650,10509
7650,11638
7650,14577
7650,20562
7650,23418
7651,203
7651,4845
7651,18962
7651,23678
7652,687
7652,3770
7652,8410
7652,10455
7652,15732
7654,3795
7654,6170
7654,12074
7654,17073
7654,24191
7655,6170
7655,23729
7656,16842
7659,1424
7659,2645
7659,4574
7659,5388
7659,5638
7659,15135
7659,17363
7659,17636
7659,19558
7661,7136
7663,510
7665,2171
7665,10149
7665,10190
7665,18607
7665,18957
7665,19644
7665,21024
7665,21711
7665,22065
7665,23749
7666,1177
7666,10017
7666,13736
7666,16721
7666,18372
7666,19989
7666,20731
7666,20839
7666,21310
7666,23190
7667,455
7667,2284
7667,3049
7667,3924
7667,4917
7667,9084
7667,9462
7667,9670
7667,10327
7667,15451
7667,15847
7667,16737
7667,19336
7667,24323
7668,988
7668,1315
7668,2083
7668,4285
7668,5487
7668,6123
7668,8513
7668,8524
7668,17573
7669,8155
7669,17218
7669,19558
7670,13623
7670,23222
7671,803
7671,13623
7671,23222
7672,10337
7672,13623
7672,23036
7672,23222
7672,23461
7673,1545
7673,1819
7673,4865
7673,5962
7673,9299
7673,9963
7673,10106
7673,10222
7673,9972
7673,11898
7673,14048
7673,15732
7673,15980
7673,16771
7673,18300
7673,19808
7673,20972
7673,23311
7673,24717
7674,6459
7674,8910
7674,10106
7674,11898
7674,14048
7674,15732
7674,16771
7674,20166
7674,23311
7674,24717
7675,3319
7675,4412
7675,8948
7675,10231
7675,11786
7675,13045
7675,13581
7675,14116
7675,14464
7675,14537
7675,15291
7675,16493
7675,17466
7675,17973
7675,18037
7675,18545
7675,21480
7675,22085
7675,24789
7676,803
7676,1545
7676,1819
7676,2652
7676,9963
7676,10106
7676,10450
7676,15732
7676,15980
7676,23311
7676,24717
7677,2616
7677,3734
7677,4717
7677,4732
7677,5182
7677,9420
7677,10592
7677,12841
7677,15829
7677,16099
7677,19455
7677,19636
7677,19706
7677,22106
7677,23311
7677,23470
7677,23479
7677,24234
7679,746
7679,1746
7679,3750
7679,4758
7679,6966
7679,8106
7679,8899
7679,10454
7679,17191
7679,18212
7679,18339
7679,19248
7679,19428
7679,21299
7679,22252
7680,8747
7681,1170
7681,2822
7681,4139
7681,4249
7681,5887
7681,8113
7681,12010
7681,12192
7681,12971
7681,13439
7681,13625
7681,13698
7681,17551
7681,18387
7681,22471
7681,22814
7681,23561
7683,829
7683,4417
7683,4650
7683,5325
7683,6739
7683,11835
7683,12706
7683,14258
7683,15734
7683,16336
7683,17400
7683,17802
7683,20972
7683,24774
7684,16163
7685,6839
7685,8266
7685,9803
7685,10222
7685,12505
7685,15898
7685,16408
7685,24121
7686,17278
7687,302
7687,6085
7687,21118
7688,11314
7688,18947
7688,21611
7691,1914
7691,2773
7691,8975
7691,10379
7691,11244
7693,4163
7693,4236
7693,4425
7693,4837
7693,5501
7693,6378
7693,6499
7693,9218
7693,10687
7693,12760
7693,13019
7693,13909
7693,15083
7693,15888
7693,16543
7693,16551
7693,18960
7694,331
7694,1444
7694,3086
7694,10263
7694,12941
7694,15487
7694,17240
7694,18721
7694,23358
7694,24195
7695,11828
7695,14464
7695,15831
7695,16771
7695,19477
7695,22093
7696,1702
7696,2174
7696,15545
7697,3842
7697,5681
7697,8031
7697,11533
7697,12236
7697,13849
7697,14153
7697,17246
7697,19705
7697,21182
7698,14827
7698,17545
7699,2031
7699,2064
7699,6420
7699,7895
7699,8064
7699,8118
7699,18944
7699,19217
7699,19735
7699,22523
7700,2127
7700,10337
7700,19472
7700,21371
7700,23788
7702,3667
7702,17811
7703,12020
7703,13499
7703,24478
7705,3384
7705,10678
7705,11756
7705,16560
7705,17023
7705,18743
7706,518
7706,1659
7706,1859
7706,7758
7706,18351
7706,19382
7706,23806
7707,10683
7707,12365
7707,16530
7707,20503
7708,3105
7708,20220
7709,688
7709,1872
7709,3733
7709,5629
7710,688
7710,1872
7710,3733
7710,5629
7711,688
7711,1872
7711,3733
7711,5629
7712,11081
7712,11182
7712,11575
7713,1093
7713,2901
7713,10069
7715,8341
7715,20610
7715,22677
7716,2846
7716,10181
7716,16530
7716,17635
7717,2884
7717,4718
7719,272
7719,970
7719,1826
7719,3598
7719,6869
7719,9504
7719,10067
7719,13354
7719,14295
7719,14978
7719,17486
7719,18546
7719,21923
7720,15201
7720,18061
7720,19603
7720,20244
7720,22815
7722,565
7722,1438
7722,6368
7722,15747
7722,18365
7722,19382
7722,21416
7722,23044
7722,24428
7724,5533
7724,7025
7724,8765
7724,9148
7724,11662
7724,11735
7724,13207
7724,14961
7724,18148
7724,19001
7724,19930
7724,20597
7724,21027
7724,21693
7724,22157
7724,22272
7724,22513
7724,22738
7725,1341
7725,2373
7725,11262
7725,22866
7726,434
7726,455
7726,4655
7728,5867
7728,6229
7728,23039
7730,9997
7730,11529
7730,23705
7731,52
7731,1154
7731,11887
7732,2699
7732,3950
7732,20302
7732,21050
7733,2630
7733,2885
7733,3575
7733,5721
7733,7096
7733,8714
7733,11305
7733,11643
7733,14319
7733,17734
7734,4412
7734,21825
7734,24666
7735,1860
7735,4412
7735,9633
7735,11676
7735,12900
7735,21825
7735,21925
7735,24666
7735,24764
7736,2652
7736,4412
7736,24666
7736,24764
7737,3232
7737,11975
7737,18767
7738,7651
7738,17693
7739,7651
7739,9206
7739,17693
7740,158
7740,1487
7740,1788
7740,2875
7740,2886
7740,3868
7740,5223
7740,6390
7740,6406
7740,8769
7740,9594
7740,11653
7740,12033
7740,13246
7740,13370
7740,15078
7740,15791
7740,16206
7741,158
7741,3868
7741,5223
7741,6390
7741,9124
7741,11653
7741,15791
7741,18545
7742,158
7742,1487
7742,1788
7742,2662
7742,2875
7742,3868
7742,5223
7742,6390
7742,8906
7742,11653
7742,12134
7742,14035
7742,15078
7742,15791
7742,18545
7742,23306
7743,16179
7743,18105
7743,23315
7744,12530
7744,18748
7746,4146
7746,4718
7746,21760
7747,50
7747,950
7747,1794
7747,6175
7747,8689
7747,10943
7747,11388
7747,11861
7747,12095
7747,12486
7747,13959
7747,15451
7747,17369
7747,18945
7747,19934
7747,20089
7747,20670
7748,967
7748,1683
7748,2056
7748,4923
7748,5264
7748,5572
7748,8321
7748,8506
7748,8725
7748,8744
7748,12580
7748,12823
7748,13576
7748,16364
7748,18077
7748,21631
7750,2746
7750,6575
7751,2616
7751,10048
7751,20611
7751,20903
7753,2638
7753,18574
7753,21917
7753,23950
7754,10379
7754,19722
7756,12776
7756,23308
7758,19738
7759,6382
7759,8439
7759,12153
7759,14156
7759,18111
7759,23763
7759,24073
7759,24580
7759,24735
7760,2981
7760,3750
7760,8427
7760,9552
7760,12529
7760,13023
7760,15037
7760,15818
7760,16029
7760,16863
7760,16997
7760,17476
7760,19489
7760,22933
7762,2570
7762,19477
7762,20628
7764,2512
7764,5285
7764,18262
7766,11022
7766,22186
7767,326
7767,12006
7767,19439
7769,7651
7769,17635
7769,20688
7771,8032
7771,11900
7771,20916
7772,4473
7772,5272
7772,9706
7772,19625
7775,23954
7776,10656
7776,23303
7778,10450
7778,11189
7778,12191
7779,803
7779,1661
7779,18767
7782,2445
7782,4210
7782,5104
7782,9172
7782,9909
7782,12111
7782,14286
7782,16269
7782,17578
7782,23679
7783,11825
7783,19172
7783,20443
7784,2968
7784,5002
7784,18915
7784,22793
7785,11662
7785,24217
7786,13911
7786,14175
7787,4070
7787,10956
7788,3326
7788,3924
7788,20189
7789,162
7789,20012
7789,21548
7790,162
7790,3326
7790,4646
7790,5907
7790,15565
7790,17248
7790,20689
7790,22187
7790,22239
7791,13049
7791,20689
7793,1090
7793,23113
7793,23179
7796,10867
7796,12991
7796,16725
7796,21441
7799,22205
7799,22293
7799,23457
7800,10862
7800,17254
7800,23790
7801,525
7801,9525
7801,12505
7801,12950
7801,13736
7801,21437
7801,21498
7804,2435
7804,3667
7804,8365
7804,8420
7804,10315
7804,11997
7804,12540
7804,20020
7804,20437
7804,24656
7806,102
7806,1932
7806,3659
7806,5714
7806,6005
7806,7382
7806,7443
7806,8293
7806,8584
7806,12635
7806,13841
7806,14512
7806,14673
7806,16163
7806,17453
7806,20215
7806,20711
7808,2509
7808,4619
7808,4654
7808,7520
7808,8884
7808,9072
7808,9593
7808,11807
7808,15825
7808,15843
7808,18245
7808,21531
7808,23068
7809,15751
7809,22081
7809,23434
7810,6183
7810,16230
7810,16613
7810,18069
7815,13459
7816,4938
7816,16415
7816,17804
7817,6793
7817,17154
7817,20165
7821,3591
7821,5739
7821,11071
7821,11602
7821,12023
7821,16160
7821,20418
7821,24052
7823,68
7823,12134
7823,20716
7824,9146
7824,11658
7824,22512
7826,3125
7826,4071
7826,5782
7826,7227
7826,7418
7826,7844
7826,8384
7826,10188
7826,14898
7826,17417
7826,17727
7826,17978
7826,21841
7826,22591
7826,23545
7828,21376
7829,1644
7829,5297
7829,5390
7829,21264
7829,21481
7829,23406
7831,520
7831,4996
7831,10663
7831,17825
7831,18316
7832,2765
7832,3213
7832,5339
7832,9388
7832,10412
7832,12225
7832,13082
7832,13288
7832,14059
7832,14735
7832,18576
7832,19600
7832,23499
7835,1187
7835,2975
7835,3271
7835,4958
7835,8773
7835,10498
7835,15534
7835,16559
7835,17990
7835,21067
7835,22864
7835,23784
7839,6923
7839,7611
7839,13745
7839,16383
7841,3866
7841,5063
7841,9440
7841,13544
7841,13545
7841,14970
7841,19612
7841,22840
7841,23622
7841,24098
7842,938
7842,12647
7842,22320
7844,15270
7844,24217
7846,1189
7847,2288
7847,4953
7847,6167
7847,6397
7847,8343
7847,10219
7847,14229
7847,14715
7847,23044
7847,23293
7847,23645
7847,24491
7848,723
7848,10375
7848,12950
7852,513
7852,1014
7852,5148
7852,8339
7852,10888
7852,11819
7852,13269
7852,18420
7852,19381
7852,20142
7852,20519
7852,20958
7852,21671
7852,24611
7853,7281
7853,8305
7853,8833
7855,13749
7855,16683
7855,17808
7856,4599
7856,5528
7856,5740
7856,7151
7856,7631
7856,7923
7856,7989
7856,11336
7856,11439
7856,11922
7856,14560
7856,18280
7857,7912
7857,9499
7857,13169
7861,2430
7861,2431
7861,5708
7861,6681
7861,9177
7861,13451
7861,14096
7861,24265
7861,24266
7861,24267
7861,24419
7862,121
7862,2692
7862,3362
7862,3777
7862,4737
7862,5543
7862,8033
7862,9965
7862,10222
7862,11805
7862,12962
7862,14290
7862,15265
7862,16984
7862,17218
7862,17738
7862,18568
7862,18787
7862,19969
7864,4353
7864,4529
7864,6183
7864,19751
7865,8337
7865,16761
7866,2777
7866,5638
7866,9653
7866,11389
7866,12235
7866,12841
7866,13792
7866,15121
7866,17203
7866,17691
7866,18707
7866,19833
7866,21259
7866,22287
7869,4257
7869,7581
7869,8773
7869,16163
7870,2799
7870,3622
7870,6358
7870,7726
7870,9604
7870,9998
7870,10013
7870,14710
7870,16763
7870,17112
7870,18139
7870,22306
7870,24109
7873,694
7873,1562
7873,4149
7873,4427
7873,6414
7873,7764
7873,8336
7873,9717
7873,13270
7873,15713
7873,22503
7874,246
7874,8175
7874,11645
7874,14467
7874,17119
7874,18184
7874,19135
7874,21471
7874,22681
7874,22701
7876,220
7876,722
7876,884
7876,1326
7876,4021
7876,4859
7876,8676
7876,9172
7876,10379
7876,10556
7876,11145
7876,12549
7876,14887
7876,24812
7876,19756
7877,229
7877,910
7877,2159
7877,4878
7877,5879
7877,9339
7877,10528
7877,12332
7877,13865
7877,16146
7877,20079
7877,22093
7878,9488
7878,16105
7878,24743
7879,2538
7879,6264
7879,7180
7879,8271
7879,8322
7879,8650
7879,9460
7879,9700
7879,10006
7879,10345
7879,12505
7879,12868
7879,13945
7879,15429
7879,16163
7879,16445
7879,16697
7879,18203
7879,18545
7879,21918
7880,68
7880,7171
7880,23788
7882,1721
7882,2645
7882,3702
7882,9283
7883,813
7884,15868
7884,15877
7885,10573
7885,15557
7885,23996
7885,24234
7886,9370
7886,13876
7886,19404
7887,28
7887,14053
7887,23305
7888,2739
7888,3447
7888,5936
7888,7529
7888,7797
7888,9798
7888,13903
7888,17386
7888,18913
7888,18926
7889,8086
7889,11189
7891,1250
7891,2843
7891,3602
7891,6888
7891,7020
7891,7037
7891,9208
7891,9600
7891,12126
7891,12625
7891,13929
7891,16509
7891,23907
7892,3589
7892,5024
7892,8744
7892,9127
7892,9947
7892,10647
7892,12359
7892,15767
7892,19907
7892,21580
7892,23090
7892,24279
7893,2264
7893,2687
7893,3455
7893,8132
7893,9830
7893,14130
7893,16555
7893,19220
7893,23741
7893,24504
7894,65
7894,2377
7894,5888
7894,11162
7894,15289
7894,16343
7894,17353
7894,18159
7894,20824
7894,22357
7896,13692
7896,17228
7896,20229
7898,1046
7898,1055
7898,5803
7898,6360
7898,6405
7898,8341
7898,8842
7898,11209
7898,14912
7898,18992
7898,20842
7898,21885
7898,23284
7900,1073
7900,2272
7900,2650
7900,3486
7900,3556
7900,8189
7900,8692
7900,12319
7900,15306
7900,15893
7900,17126
7900,24110
7901,109
7901,826
7901,835
7901,10699
7901,15387
7901,17312
7901,20455
7901,20797
7901,21482
7901,22721
7905,2414
7905,2927
7905,4491
7905,7628
7905,12683
7905,12368
7905,12414
7905,12432
7905,14384
7905,15488
7905,17529
7905,19386
7905,22504
7905,23707
7905,23717
7905,24050
7905,24777
7910,4367
7910,4696
7910,20503
7911,19558
7912,455
7912,1154
7912,7168
7913,1504
7913,6737
7914,3714
7916,7076
7916,14688
7916,19544
7917,1048
7917,7039
7917,13835
7918,231
7918,1171
7918,4172
7918,6979
7918,7515
7918,12656
7918,16347
7918,18569
7918,19188
7918,21206
7919,5627
7919,17413
7920,11960
7920,17413
7921,10715
7921,13430
7922,3271
7922,4826
7922,5292
7922,7283
7922,7417
7922,8074
7922,9212
7922,10715
7922,11334
7922,13430
7922,15100
7922,15265
7922,15728
7922,18888
7922,18900
7922,20109
7922,21338
7923,11924
7923,21234
7923,23777
7924,4638
7924,11931
7924,16677
7926,17104
7926,21994
7926,22287
7927,305
7927,944
7927,1331
7927,2210
7927,2805
7927,2806
7927,5753
7927,5970
7927,7475
7927,10663
7927,11010
7927,12714
7927,14403
7927,16773
7927,18476
7927,22876
7927,23539
7928,6571
7928,14363
7928,21055
7929,1431
7929,2593
7929,3019
7929,3319
7929,4110
7929,5288
7929,10208
7929,10313
7929,10785
7929,11243
7929,11485
7929,12266
7929,12680
7929,12826
7929,16530
7929,16647
7929,19485
7930,3160
7930,12950
7930,13468
7931,849
7931,16710
7931,21649
7931,22564
7932,10415
7932,19073
7932,20278
7933,4895
7933,5362
7933,9574
7933,10325
7933,12527
7933,14796
7933,18156
7933,19104
7933,19304
7933,21140
7933,22093
7933,23199
7935,1048
7935,1599
7935,3421
7935,6632
7935,7010
7935,8975
7935,10369
7935,10495
7935,11169
7935,13717
7935,14169
7935,14191
7935,15008
7935,19785
7935,21607
7935,23867
7935,24756
7937,11905
7937,21666
7937,24779
7939,85
7939,2645
7939,3041
7939,3124
7939,4352
7939,7063
7939,8997
7939,9576
7939,10050
7939,10606
7939,14124
7939,17465
7939,18802
7939,20706
7939,22077
7940,3446
7940,19503
7940,23988
7941,12444
7941,18987
7942,482
7942,13030
7942,13341
7943,2570
7943,3963
7943,4524
7943,10342
7948,28
7948,2605
7948,3875
7950,549
7950,1527
7950,4324
7950,4559
7950,5232
7950,6509
7950,6887
7950,7680
7950,9728
7950,11187
7950,11210
7950,15081
7950,15349
7950,16607
7950,19846
7950,22574
7950,23113
7950,23773
7951,9454
7951,24396
7952,76
7952,849
7952,4258
7952,6036
7952,9341
7952,10937
7952,11441
7952,12709
7952,18782
7952,22527
7953,2288
7953,2387
7953,5881
7953,6110
7953,6996
7953,8970
7953,13912
7953,14116
7953,18068
7953,24636
7954,1424
7954,6976
7954,7784
7954,9142
7954,11213
7954,11735
7954,13245
7954,18519
7954,19523
7954,19924
7955,1744
7955,5658
7955,7351
7955,9758
7955,10984
7955,14565
7955,16882
7955,20522
7955,23269
7955,23685
7956,136
7956,2326
7956,5974
7956,8649
7956,10764
7956,14236
7956,15032
7956,15291
7956,17636
7956,18308
7957,4894
7957,13884
7957,16982
7957,18458
7957,20972
7958,563
7958,6416
7958,12491
7958,12938
7958,14213
7958,15260
7958,15261
7958,23359
7958,24196
7958,24713
7960,475
7960,9283
7960,11860
7962,1733
7962,3468
7962,7654
7962,8526
7962,8994
7962,13892
7962,16164
7962,17730
7962,20890
7962,23531
7962,23538
7963,265
7963,1158
7963,3292
7963,9803
7963,10664
7963,12618
7963,13123
7963,14403
7963,15408
7963,16845
7963,17857
7963,19778
7964,12191
7964,18737
7964,19771
7966,4178
7966,13169
7967,1764
7967,15938
7967,16951
7968,9984
7968,12920
7968,13934
7968,15142
7968,18018
7968,22342
7968,24229
7969,3638
7969,4582
7969,5575
7969,8279
7969,9689
7969,10565
7969,11892
7969,12006
7969,12139
7969,18337
7969,20518
7969,22995
7969,23892
7971,6684
7971,6767
7971,10557
7971,10651
7971,22235
7972,299
7972,3437
7972,15243
7973,5846
7973,7233
7973,10632
7973,20556
7973,23519
7973,23946
7974,1698
7974,3410
7974,6609
7974,14748
7974,18417
7975,7422
7975,11151
7975,21687
7976,11589
7976,14087
7977,9487
7977,9512
7977,14448
7977,19289
7977,24549
7978,4103
7978,4201
7978,14988
7980,233
7980,4386
7980,5434
7980,11325
7980,17783
7980,20095
7980,20434
7980,20612
7980,22063
7980,23060
7982,13262
7982,13411
7982,18924
7983,17176
7983,22416
7984,5444
7984,18819
7985,428
7985,5296
7985,11315
7985,11891
7985,15115
7985,15451
7985,16832
7985,16906
7985,23186
7985,23232
7985,24187
7986,9498
7986,11837
7987,499
7987,3462
7987,7178
7987,7878
7987,9669
7987,14001
7987,14891
7989,1034
7990,5388
7990,14967
7991,401
7991,490
7991,7395
7991,7575
7991,10931
7991,11771
7991,13942
7991,18188
7991,19632
7991,19777
7991,20409
7991,20710
7991,22935
7991,23399
7991,23613
7991,24158
7992,502
7992,1101
7992,7325
7992,11597
7992,13361
7992,15769
7992,17027
7992,22265
7992,22575
7992,22722
7995,32
7995,972
7995,1809
7995,2766
7995,2852
7995,3724
7995,6226
7995,9202
7995,10449
7995,12942
7995,13070
7995,14168
7995,15933
7995,16262
7995,17726
7995,19574
7995,21487
7995,22017
7996,7
7996,3336
7996,4037
7996,16758
7996,21275
7998,16990
7998,19197
7998,20935
7999,4450
7999,6363
7999,6373
7999,8329
7999,8232
7999,8326
7999,9626
7999,11824
7999,11956
7999,14866
7999,18457
7999,19403
7999,23325
7999,23703
7999,24467
8000,1049
8000,8398
8000,16163
8001,7651
8001,7653
8001,12024
8001,20155
8002,22603
8003,1644
8003,1819
8003,5075
8003,12597
8003,14651
8003,22226
8007,52
8007,21766
8009,1681
8009,3181
8009,3273
8009,6685
8009,9076
8009,9867
8009,10231
8009,11086
8009,11904
8009,14353
8009,14478
8009,18252
8009,19636
8009,22266
8013,5616
8013,8203
8013,13911
8013,17959
8015,1631
8015,5308
8015,23461
8016,573
8016,840
8016,7221
8016,7455
8016,9916
8016,10611
8016,14180
8016,15712
8016,21023
8016,21053
8020,11194
8020,16863
8020,21611
8021,802
8021,1872
8021,20093
8021,24457
8022,15
8022,16990
8022,21124
8022,21441
8023,7707
8023,14440
8023,15269
8024,7707
8024,14440
8024,15269
8025,7707
8025,7912
8025,14440
8025,15269
8026,4341
8026,9206
8026,9633
8026,16166
8026,18899
8027,1535
8027,7520
8027,13513
8029,6091
8030,11662
8030,20844
8030,21693
8030,23233
8030,23952
8031,23176
8031,24244
8037,5630
8037,10704
8037,20494
8038,4303
8038,6436
8039,11662
8039,24217
8042,4034
8042,10956
8042,13100
8043,6397
8043,8341
8043,15037
8044,960
8044,5295
8044,8280
8044,13056
8044,15779
8044,16530
8044,17657
8044,22481
8044,23406
8045,17
8045,827
8045,1260
8045,4759
8045,7765
8045,11208
8045,13740
8045,14102
8045,18467
8045,19198
8046,931
8046,2045
8046,9575
8046,10404
8046,12917
8046,13529
8046,15019
8046,16629
8046,17486
8047,7091
8047,8601
8047,14268
8047,17250
8047,19546
8048,15385
8048,24664
8052,7520
8052,20226
8053,969
8053,996
8053,1689
8053,3267
8053,4020
8053,7622
8053,8476
8053,9536
8053,9816
8053,9826
8053,12800
8053,14763
8053,23009
8054,11964
8055,1429
8055,4777
8055,7863
8055,10477
8055,23852
8057,8620
8057,11377
8057,19399
8061,3073
8061,3358
8061,4702
8061,6451
8061,8537
8061,8739
8061,10968
8061,15171
8061,15736
8061,19391
8062,458
8062,2997
8062,6822
8062,8002
8062,8402
8062,11442
8062,12367
8062,15276
8062,16639
8062,16894
8062,20348
8062,20613
8062,23794
8063,5868
8063,17769
8063,21574
8064,7044
8064,16209
8064,23553
8065,4215
8065,22124
8065,22451
8066,3446
8066,4882
8066,17363
8067,15847
8067,17127
8067,21439
8068,1058
8068,11186
8068,15847
8068,21439
8069,16847
8071,17401
8072,330
8072,1386
8072,1863
8072,1945
8072,4158
8072,4741
8072,6976
8072,7039
8072,9038
8072,11766
8072,12064
8072,15841
8072,17157
8072,18383
8072,19722
8072,19888
8072,20570
8072,22135
8073,7334
8073,8766
8073,8768
8073,8989
8073,9543
8073,10313
8073,11382
8073,12772
8073,13490
8073,13722
8073,14474
8073,16661
8073,18037
8073,18786
8073,21268
8073,22085
8073,22751
8073,24205
8075,5550
8075,11069
8075,16446
8075,18228
8075,24193
8075,24205
8075,24264
8076,14053
8076,16446
8076,23653
8076,24205
8077,11147
8078,241
8078,357
8078,902
8078,7720
8078,10600
8078,17430
8078,20568
8078,21165
8078,21776
8078,24683
8080,23113
8081,1102
8081,2169
8081,12753
8081,14182
8081,14895
8081,15313
8081,17554
8081,20831
8081,24430
8081,24545
8082,1661
8082,2576
8082,2880
8082,7298
8082,7531
8082,8785
8082,9434
8082,12748
8082,12957
8082,14088
8082,14108
8082,19723
8082,21229
8082,24001
8082,24702
8083,7557
8083,22416
8084,647
8084,1380
8084,7607
8084,13034
8084,15053
8084,15512
8084,23049
8086,2885
8086,10508
8086,18275
8087,6262
8087,7310
8087,12346
8087,15282
8087,15428
8087,16076
8087,16301
8087,18589
8087,18972
8087,20600
8087,20772
8087,21426
8091,2098
8091,7136
8091,7196
8091,7520
8091,8948
8093,9999
8093,13837
8094,54
8094,1395
8094,3707
8094,4855
8094,6154
8094,6332
8094,6983
8094,7854
8094,9395
8094,9920
8094,10896
8094,11693
8094,11963
8094,12399
8094,13327
8094,14146
8094,15803
8096,6229
8096,12293
8096,12937
8096,14340
8096,15557
8096,16236
8096,16325
8096,17094
8096,17981
8096,21825
8096,23060
8097,2039
8097,13721
8097,17993
8098,873
8098,2012
8098,2039
8098,2927
8098,3242
8098,3916
8098,4791
8098,6297
8098,6780
8098,7309
8098,7822
8098,8066
8098,8167
8098,8939
8098,14570
8098,14808
8098,15175
8099,2039
8099,3535
8099,5042
8099,5979
8099,7139
8099,9963
8099,10188
8099,10632
8099,16207
8100,1860
8100,4469
8100,20914
8101,11535
8101,15853
8101,16346
8101,17291
8101,18533
8101,19687
8103,10131
8103,11662
8106,10158
8106,13650
8107,5299
8107,5822
8107,6488
8107,6674
8107,6902
8107,7520
8107,7626
8107,9049
8107,9588
8107,10423
8107,11334
8107,12182
8107,12890
8107,13847
8107,14746
8107,14984
8107,15074
8108,1649
8108,2213
8108,5624
8108,17800
8108,18371
8108,23822
8110,1045
8110,1064
8110,2609
8110,3389
8110,3828
8110,6580
8110,8225
8110,13122
8110,16523
8110,24211
8111,884
8111,4905
8111,6413
8111,7218
8111,13634
8111,22764
8113,519
8113,15642
8113,23961
8116,10424
8116,19439
8117,28
8117,3631
8117,15575
8118,1188
8118,2783
8118,3096
8118,3993
8118,7437
8118,8970
8118,9518
8118,10766
8118,11514
8118,12970
8118,13191
8118,13378
8118,16785
8118,17150
8118,18478
8118,21255
8119,7194
8119,8910
8119,11592
8119,12180
8119,15831
8119,18580
8119,19290
8119,23161
8120,16640
8120,17150
8120,24639
8124,5286
8125,1491
8125,6742
8125,6743
8125,14233
8125,18862
8125,19042
8125,24294
8126,203
8126,1486
8126,10304
8126,14255
8128,841
8128,1702
8128,15483
8129,466
8129,2798
8129,5902
8129,5947
8129,9930
8129,11039
8129,16612
8129,20184
8129,22534
8130,14323
8132,724
8132,5406
8132,6835
8132,7349
8132,9549
8132,12000
8132,15249
8132,15646
8132,23035
8132,23815
8133,548
8133,1824
8133,3493
8133,3993
8133,8298
8133,9552
8133,9765
8133,10264
8133,10958
8133,12391
8133,14505
8133,16214
8133,16703
8133,18582
8133,19666
8133,21861
8133,22057
8133,22177
8134,401
8134,2490
8134,5134
8134,11341
8134,14792
8134,17283
8134,17492
8134,23036
8134,23483
8134,23508
8135,1872
8135,10130
8135,10301
8135,12347
8135,12563
8135,14820
8135,15711
8135,18547
8135,20321
8136,3956
8136,18880
8136,22271
8137,2401
8137,4324
8137,8185
8137,15275
8137,16268
8137,17990
8137,20414
8138,2039
8138,16842
8139,44
8139,373
8139,10449
8139,21089
8140,3117
8140,14440
8140,21547
8141,1257
8141,12830
8141,23733
8143,9727
8143,9927
8143,13866
8143,14965
8144,1644
8144,2570
8144,9963
8144,11892
8145,1912
8146,1904
8146,2769
8146,2833
8146,4178
8146,4324
8146,10707
8146,17977
8146,18545
8146,21917
8147,382
8147,960
8147,2769
8147,3963
8147,4178
8147,4244
8147,4324
8147,7106
8147,7848
8147,15278
8147,15977
8147,17111
8147,17977
8147,18545
8147,19323
8147,21917
8149,7168
8149,16163
8151,18686
8151,20948
8152,6709
8152,10737
8153,19302
8153,19834
8153,20165
8154,3987
8154,5681
8154,8410
8154,13746
8155,1487
8155,10440
8156,1713
8156,6715
8156,7766
8156,9395
8156,12468
8156,12794
8156,14395
8156,19226
8156,19720
8156,20180
8156,23012
8156,23155
8156,23284
8156,23973
8156,24695
8157,726
8157,1768
8157,3269
8157,4711
8157,7593
8157,9026
8157,13407
8157,18376
8157,19155
8157,22605
8158,9382
8158,21798
8159,108
8159,721
8159,723
8159,1643
8159,7861
8159,7884
8159,10036
8159,10556
8159,10632
8159,11337
8159,12983
8159,13190
8159,14734
8159,15938
8159,17815
8159,18631
8159,23264
8160,2954
8160,7047
8160,9124
8160,13055
8160,16997
8165,1470
8165,3208
8165,7912
8165,13396
8165,21112
8166,2879
8166,6147
8166,7152
8166,10669
8168,631
8168,3259
8168,15460
8168,19116
8168,19803
8170,1263
8170,2665
8170,3876
8170,4041
8170,6501
8170,7331
8170,11916
8170,12390
8170,16335
8170,18995
8170,21226
8170,21808
8170,22962
8170,24152
8171,1389
8171,7264
8171,9781
8171,15976
8171,19881
8171,20837
8172,1389
8172,6107
8172,7264
8172,10450
8172,15976
8172,18831
8172,20837
8175,8398
8175,18639
8175,23999
8176,5028
8176,20295
8177,1035
8177,3379
8177,5182
8177,5358
8177,7201
8177,7338
8177,8949
8177,12199
8177,13609
8177,14266
8177,16226
8177,18646
8177,23385
8177,24362
8178,11369
8178,16521
8178,20722
8179,2999
8179,8969
8179,9132
8179,10023
8179,14553
8179,15720
8179,16741
8179,19029
8179,19234
8179,20836
8181,8289
8181,10599
8181,11735
8181,18808
8181,20328
8181,21868
8181,24289
8182,16527
8182,17127
8182,19069
8182,20280
8183,5542
8183,10684
8183,12180
8183,16383
8184,1816
8184,2326
8184,2541
8184,2833
8184,3422
8184,4443
8184,4925
8184,5542
8184,6053
8184,6440
8184,6564
8184,7553
8184,9581
8184,10684
8184,11422
8184,12180
8184,12204
8184,13731
8184,13743
8185,4920
8185,20120
8186,461
8186,10997
8188,10867
8188,14098
8188,14827
8189,12448
8189,18037
8189,18831
8191,2139
8191,21351
8191,23293
8192,878
8192,1269
8192,3454
8192,3678
8192,4775
8192,6930
8192,8237
8192,8921
8192,18775
8192,23967
8195,7355
8195,10472
8195,11108
8195,13434
8195,19144
8195,19497
8195,20886
8195,23814
8195,24041
8196,8394
8198,13936
8200,7262
8200,8085
8200,16633
8201,435
8201,1058
8201,1363
8201,8280
8201,12843
8201,13055
8201,13411
8201,14520
8201,15942
8201,17161
8201,20698
8202,585
8202,1925
8202,3825
8202,5247
8202,5956
8202,9199
8202,9689
8202,10628
8202,11155
8202,12179
8202,12632
8202,14265
8202,19221
8202,22309
8204,4360
8204,10653
8204,10712
8204,13024
8204,13341
8204,13815
8204,16166
8204,22884
8205,24185
8208,751
8208,2308
8208,3434
8208,3894
8208,3948
8208,6955
8208,12555
8208,14281
8208,15024
8208,16412
8208,19039
8208,19655
8208,22108
8208,23458
8209,3831
8209,13342
8209,15954
8210,843
8210,2442
8210,11592
8210,11910
8210,12000
8210,14745
8210,17420
8210,18042
8210,19330
8210,23794
8212,3105
8212,3897
8212,20901
8213,6436
8213,17635
8213,21328
8214,8835
8214,17521
8214,19203
8214,23956
8216,698
8216,3196
8216,4745
8216,5207
8216,6217
8216,12026
8216,12427
8216,12496
8216,13762
8216,14823
8216,15326
8216,16238
8216,18211
8216,19380
8216,22401
8217,2879
8217,3434
8217,24008
8220,9671
8220,10496
8220,11038
8220,17056
8220,18154
8220,21397
8220,21796
8220,22027
8220,24255
8220,24317
8221,6379
8221,15414
8221,19896
8222,556
8222,4570
8222,9986
8222,11728
8222,12795
8222,13784
8222,16908
8222,18227
8222,19120
8222,24325
8225,4367
8225,11086
8225,20166
8225,21220
8226,3936
8226,12947
8226,14323
8227,6413
8227,9686
8227,11826
8227,14966
8227,19722
8228,7103
8229,11626
8229,15991
8229,17421
8229,17563
8230,2449
8230,5417
8230,7485
8230,9219
8230,18217
8231,13430
8231,18437
8231,18885
8231,24337
8233,660
8233,11006
8234,4076
8234,21216
8234,22969
8235,2348
8235,6305
8235,6664
8235,8617
8235,10664
8235,10750
8235,11324
8235,13169
8235,14833
8235,22417
8235,24515
8237,7581
8237,18037
8238,5090
8238,6408
8238,11686
8238,19711
8238,20165
8238,22363
8240,546
8240,3209
8240,4737
8240,5543
8240,5834
8240,6661
8240,9153
8240,10337
8240,13119
8240,14440
8240,16266
8240,19559
8240,22235
8240,23062
8240,23128
8240,23135
8240,23334
8240,23349
8240,23660
8241,8357
8241,13896
8242,3653
8242,3956
8242,5392
8243,2856
8243,3287
8243,6317
8243,7189
8243,11498
8243,12138
8243,13055
8243,14406
8243,16870
8243,19078
8243,23382
8245,20441
8245,20828
8245,21188
8247,8384
8247,8683
8247,22481
8248,175
8248,1198
8248,1913
8248,4875
8248,10418
8248,10685
8248,10786
8248,11191
8248,11731
8248,11770
8248,18101
8248,21047
8248,21291
8248,21310
8249,557
8249,571
8249,6369
8249,9645
8249,9757
8249,13682
8249,15332
8249,15578
8249,24019
8249,24473
8251,1809
8251,4370
8251,4931
8251,8786
8251,10327
8251,10635
8251,11259
8251,16747
8251,17890
8251,17931
8251,18799
8251,19871
8251,20972
8251,21257
8251,22798
8253,6524
8253,15671
8253,20749
8253,22397
8257,1193
8257,1775
8257,6867
8257,21666
8258,6973
8258,16867
8258,19069
8260,2879
8260,4798
8260,7576
8260,23055
8261,14323
8262,4833
8262,5697
8262,6494
8262,9867
8262,11118
8262,11370
8262,11931
8262,12240
8262,15955
8262,16241
8262,21917
8262,22105
8262,24639
8263,5332
8263,10253
8263,14444
8263,16059
8263,16186
8263,16668
8263,18205
8263,22328
8263,23838
8265,2255
8265,7284
8265,12016
8265,14611
8265,18090
8265,20372
8268,5279
8268,5363
8268,14610
8270,1860
8270,11492
8270,16482
8271,1472
8271,2469
8271,7345
8271,15068
8271,15829
8271,16299
8271,17489
8271,18229
8271,19052
8271,20265
8271,23948
8271,23949
8272,228
8272,1545
8272,4894
8272,7039
8272,7250
8272,13623
8272,16210
8272,18069
8272,18505
8272,24146
8273,20688
8273,22435
8275,5914
8275,11905
8275,20120
8276,5229
8276,19949
8276,22983
8279,2847
8279,12367
8279,15276
8279,23351
8281,1015
8281,1702
8281,2389
8281,3439
8281,3576
8281,3879
8281,4348
8281,8542
8281,11228
8281,11716
8281,17814
8281,17934
8281,17992
8281,19012
8281,19871
8281,20680
8281,20899
8281,21989
8282,10375
8282,16974
8283,590
8283,10609
8283,14991
8284,6468
8284,8384
8284,11354
8284,22568
8285,4492
8285,10139
8285,11253
8285,11328
8285,13404
8285,15356
8285,18426
8285,18585
8285,24010
8285,24202
8287,3184
8287,3368
8287,6268
8287,10632
8287,24178
8290,8294
8290,17402
8290,18574
8290,21051
8292,5524
8292,13468
8292,19073
8294,14228
8294,15791
8294,20156
8296,3105
8296,4469
8296,8996
8296,11771
8296,16527
8296,19523
8296,20688
8296,22271
8297,233
8297,376
8297,1909
8297,2978
8297,9440
8297,13792
8297,13805
8297,19679
8297,24719
8297,24757
8299,3164
8299,3439
8299,5382
8299,5863
8299,14294
8299,14383
8299,15344
8299,17915
8299,20418
8299,23993
8301,1058
8301,6267
8301,13014
8301,20165
8301,23461
8303,11673
8303,16252
8303,17329
8304,3380
8304,6228
8304,6762
8304,6825
8304,7487
8304,8723
8304,15913
8304,21903
8304,23950
8304,24689
8305,2026
8305,2254
8305,4933
8305,10072
8305,15765
8305,17737
8305,18989
8306,15039
8306,19884
8306,23406
8307,28
8307,9382
8307,12183
8307,21220
8313,2402
8313,3191
8313,3785
8313,6183
8313,11747
8313,14704
8313,21944
8313,21992
8313,23685
8313,23986
8314,1541
8314,20076
8314,20151
8314,22243
8315,19418
8315,20995
8315,23154
8316,22609
8316,22654
8316,24568
8317,3768
8317,4725
8317,7271
8317,8320
8317,8444
8317,9876
8317,13074
8317,14362
8317,22630
8321,7133
8321,9078
8321,13810
8321,15872
8321,20477
8322,2974
8322,14136
8322,15133
8322,16128
8322,17355
8322,18846
8322,21404
8322,22399
8322,24076
8323,1872
8323,18446
8324,359
8324,1781
8324,2432
8324,4150
8324,7045
8324,10287
8324,10714
8324,21977
8324,23442
8324,24003
8325,6152
8325,17127
8325,19681
8326,3029
8326,5998
8326,8464
8326,10129
8326,10181
8326,14231
8326,15198
8326,17635
8326,21124
8326,23458
8327,4070
8327,6305
8327,24764
8328,2629
8328,7218
8328,8384
8328,9384
8328,18014
8328,22022
8329,253
8329,5698
8329,6144
8329,7927
8329,8325
8329,10316
8329,11329
8329,12630
8329,18653
8329,22460
8330,2847
8330,7196
8330,7930
8330,9458
8330,9527
8330,10368
8330,14962
8330,16728
8330,18704
8330,19774
8331,2883
8331,18278
8331,21325
8333,525
8333,11382
8333,14651
8333,22268
8334,525
8334,1189
8334,1978
8334,7575
8334,7871
8334,8729
8334,10375
8334,10382
8334,10874
8334,11382
8334,14651
8334,18074
8334,18895
8334,19618
8334,19858
8335,8114
8335,11038
8335,19084
8336,8470
8336,10972
8337,8025
8337,16163
8338,6793
8338,11086
8338,19488
8339,3271
8339,8025
8339,11430
8339,12453
8339,16163
8340,24821
8340,11430
8340,16163
8341,3636
8341,8012
8341,10375
8342,2605
8342,6053
8342,10569
8342,17971
8342,18105
8342,18678
8342,19916
8342,22267
8342,23507
8343,2624
8343,6249
8343,10407
8343,11344
8343,14093
8343,20609
8346,2014
8346,5952
8346,6041
8346,6070
8346,6251
8346,10893
8346,16257
8346,21119
8346,22986
8346,24784
8347,9945
8348,2098
8348,5926
8349,11006
8349,11680
8349,13745
8349,20689
8350,2376
8350,2525
8350,4303
8350,7778
8350,7868
8350,8096
8350,9361
8350,12140
8350,13268
8350,14269
8350,14514
8350,16371
8350,18239
8350,20139
8350,20458
8352,1314
8352,2719
8352,4931
8352,21573
8353,1419
8353,3293
8353,4142
8353,11347
8353,11694
8353,16155
8353,16652
8353,20282
8353,23609
8353,24666
8355,20557
8357,778
8357,841
8357,2894
8357,3029
8357,12609
8357,16633
8357,22303
8358,11492
8358,17790
8358,22900
8360,820
8360,830
8360,12805
8360,12815
8360,13129
8360,13889
8360,18246
8360,20762
8360,21473
8360,21954
8361,10972
8361,11898
8361,23950
8362,1239
8362,3252
8362,3713
8362,4013
8362,4874
8362,10084
8362,10406
8362,15212
8362,20054
8362,22828
8365,7666
8365,8155
8365,9174
8365,13056
8365,20165
8366,1964
8366,5316
8366,7827
8366,8603
8366,13353
8366,14081
8366,14277
8366,14834
8366,18097
8366,18730
8366,18850
8366,19531
8366,21296
8366,21544
8366,22215
8366,22274
8366,24446
8367,11614
8367,17845
8367,23814
8368,5991
8368,23185
8368,24643
8369,2080
8369,2711
8369,5197
8369,6815
8369,8469
8369,16445
8369,17333
8369,17759
8369,19224
8369,21371
8369,21624
8369,22417
8369,22810
8369,23715
8370,10337
8370,16863
8370,22074
8371,4001
8371,8280
8371,8975
8371,16535
8371,21351
8371,23048
8372,1414
8372,1994
8372,16891
8372,20713
8373,17427
8373,21646
8374,302
8374,15831
8374,19488
8375,9233
8375,16163
8376,15843
8376,20778
8377,10958
8377,24205
8377,24218
8378,4266
8378,4325
8378,23961
8379,5483
8379,18343
8379,24545
8380,10046
8380,17402
8383,580
8383,774
8383,4711
8383,6468
8383,6983
8383,7674
8383,7870
8383,13094
8383,17009
8383,18322
8383,18682
8383,19641
8383,20483
8385,7587
8385,16986
8386,12453
8386,22372
8389,1193
8389,2174
8389,16554
8390,5087
8390,6539
8390,6557
8390,7744
8390,14950
8390,16881
8391,1640
8391,3127
8391,4379
8391,7926
8391,11179
8391,13724
8391,19959
8392,3604
8392,4802
8392,6077
8392,11508
8392,13601
8392,16600
8392,18266
8392,23832
8394,5831
8394,6918
8394,8235
8394,9933
8394,20560
8394,20803
8394,21006
8394,21065
8394,22171
8394,22616
8394,22700
8394,23150
8394,24773
8395,102
8395,5872
8395,7645
8395,8986
8395,12284
8395,12667
8395,16720
8395,16757
8395,17427
8395,20371
8396,111
8396,3127
8396,3693
8396,4914
8396,5329
8396,9124
8396,10780
8396,12841
8396,16618
8396,16753
8396,18487
8396,19349
8396,21263
8396,22153
8396,22923
8396,24179
8397,4619
8397,6468
8397,7047
8397,8536
8397,22481
8397,23461
8399,10684
8399,24217
8399,24646
8400,10322
8400,14596
8400,18237
8401,8418
8401,10735
8401,14090
8401,18277
8402,704
8402,2731
8402,7554
8402,8091
8402,9301
8402,16323
8402,17132
8402,20966
8402,24093
8402,24333
8403,50
8403,773
8403,3437
8403,13418
8403,17222
8403,19162
8403,20493
8403,20722
8403,21280
8404,692
8404,1204
8404,2902
8404,3396
8404,3625
8404,6843
8404,9189
8404,11576
8404,18545
8404,23097
8404,23637
8404,24244
8407,5229
8407,17094
8407,22048
8408,412
8408,4304
8408,9422
8408,13357
8408,13795
8408,15563
8408,22651
8408,22938
8408,24530
8408,24625
8409,4953
8409,8507
8409,8899
8409,9552
8409,9417
8409,10867
8409,15843
8409,18831
8409,18880
8409,21611
8409,21760
8409,23351
8411,3892
8411,13623
8413,4882
8413,17427
8413,19302
8414,1063
8414,20833
8416,4929
8416,20972
8418,11006
8418,23950
8418,23954
8419,2413
8419,17340
8419,21494
8420,1902
8420,13463
8420,19691
8420,24594
8422,335
8422,8183
8422,22893
8423,10619
8423,18445
8423,20722
8424,2690
8424,4734
8424,7018
8424,7326
8424,12966
8424,14977
8424,16500
8424,17926
8424,23063
8424,23190
8426,2836
8426,2975
8426,3667
8426,6998
8426,7055
8426,8924
8426,8975
8426,12009
8426,12964
8426,16190
8426,16407
8426,17215
8426,17600
8426,20173
8426,22084
8426,23905
8428,18880
8428,20387
8429,458
8429,4201
8431,1786
8431,2580
8431,6396
8431,6827
8431,7268
8431,7862
8431,9445
8431,10690
8431,17932
8431,18114
8431,20523
8431,20616
8431,22093
8431,23403
8432,12000
8432,19503
8432,24582
8434,3877
8434,5304
8434,16265
8434,18681
8435,729
8435,2688
8435,15269
8435,22889
8435,23350
8436,8049
8436,8922
8436,10790
8438,99
8438,5571
8438,5830
8438,6889
8438,10000
8438,10892
8438,11085
8438,11158
8438,11988
8438,12359
8438,12759
8438,13148
8438,13577
8438,13815
8438,13927
8438,14094
8438,15972
8438,18394
8439,1038
8439,5571
8439,8683
8439,10185
8439,12359
8439,12467
8439,13577
8439,13815
8439,16923
8439,18744
8439,22943
8439,23665
8440,2571
8440,8449
8440,21887
8441,1664
8441,8449
8441,21887
8441,23113
8441,24285
8442,2571
8442,8449
8442,21887
8442,24230
8443,4929
8443,12367
8443,23944
8444,8649
8444,10440
8444,19558
8444,20460
8445,16064
8445,17640
8447,7271
8447,11653
8447,23305
8448,1800
8448,4193
8448,18482
8449,19117
8449,24178
8451,185
8451,480
8451,1058
8451,3201
8451,4114
8451,6685
8451,10404
8451,14205
8451,18582
8451,20103
8451,20344
8451,20632
8451,23507
8452,8050
8454,90
8454,1878
8454,5824
8454,6469
8454,6688
8454,9672
8454,13483
8454,15853
8454,17292
8454,18078
8454,21132
8455,9278
8455,20220
8455,24244
8456,5050
8456,5489
8456,6731
8456,8327
8456,8432
8456,12372
8456,13767
8456,13848
8456,16579
8456,16634
8456,21959
8456,22664
8456,23244
8456,24746
8458,5374
8458,8920
8459,3222
8459,4163
8459,6638
8459,12018
8459,13938
8459,14193
8459,15231
8459,16568
8459,17068
8459,20934
8459,21081
8460,425
8460,4405
8460,4849
8460,5380
8460,5873
8460,6983
8460,8842
8460,11795
8460,20339
8460,24750
8465,3446
8465,9316
8465,21766
8466,4634
8466,7244
8466,12209
8466,19597
8467,1338
8467,12209
8467,12335
8470,3430
8470,9328
8470,10337
8470,11194
8470,17127
8470,24643
8472,123
8472,1836
8472,3140
8472,4729
8472,8370
8472,9162
8472,13104
8472,16279
8472,19801
8472,21384
8473,5829
8473,20222
8474,2885
8474,4112
8474,4845
8474,5524
8474,6737
8474,9174
8474,14362
8474,18781
8474,20165
8475,10389
8475,23142
8476,2058
8476,2245
8476,2921
8476,4895
8476,11559
8476,15135
8476,15284
8476,16275
8476,16276
8476,16350
8476,16817
8476,19132
8476,22348
8476,24751
8477,7719
8477,9292
8477,12507
8477,14003
8477,14675
8477,15247
8477,15284
8477,15924
8477,18361
8477,23563
8477,23695
8478,1482
8478,4738
8478,5293
8478,6003
8478,6998
8478,7894
8478,11950
8478,13536
8478,14376
8478,14440
8478,18774
8478,20365
8478,20890
8478,21608
8478,23825
8479,10337
8479,15344
8479,17876
8480,2570
8480,4356
8480,23386
8481,1644
8481,3209
8481,3368
8481,4356
8481,10073
8481,12514
8481,17983
8481,19959
8481,20220
8481,20867
8481,21666
8481,22093
8481,22481
8481,22900
8482,440
8482,4463
8482,4716
8482,7144
8482,7276
8482,12317
8482,15665
8482,16912
8482,18453
8482,24360
8483,564
8483,6367
8483,17523
8484,17766
8484,22260
8484,23993
8487,5533
8487,9174
8487,11904
8487,13661
8487,20281
8488,14489
8488,18774
8488,20414
8488,23825
8489,18774
8489,23825
8490,1308
8490,2144
8490,4081
8490,7551
8490,9726
8490,11789
8490,12476
8490,13195
8490,14589
8490,16438
8490,17264
8490,18774
8490,19732
8490,20445
8490,20570
8490,21078
8494,5533
8494,19488
8494,19558
8495,8290
8495,10862
8495,11430
8496,9978
8496,10950
8496,19419
8498,525
8498,15575
8498,24271
8499,28
8499,3437
8499,6086
8499,9382
8499,22093
8501,941
8501,2997
8501,6270
8501,8069
8501,8791
8501,8905
8501,10405
8501,14768
8501,18037
8501,19949
8502,3105
8502,3636
8502,5998
8502,8688
8502,10701
8502,11756
8502,16725
8502,17678
8502,18998
8502,20527
8503,8899
8503,10310
8505,8974
8506,2033
8506,5414
8506,6698
8506,8943
8506,9732
8506,21765
8506,22533
8506,24820
8506,24840
8506,24841
8507,1436
8507,1551
8507,1853
8507,2652
8507,2710
8507,5692
8507,6929
8507,7259
8507,7656
8507,8070
8507,10410
8507,11254
8507,11983
8507,13611
8507,15745
8507,16567
8507,17148
8508,19978
8509,21351
8509,22346
8509,22807
8509,23231
8510,3560
8510,4127
8510,5751
8510,6462
8510,8528
8510,9048
8510,12475
8510,14882
8510,16974
8510,17926
8510,24769
8512,13457
8512,21579
8513,5506
8513,19503
8513,23185
8515,3523
8515,5314
8515,19941
8515,21454
8516,1217
8516,8214
8516,20989
8517,10783
8517,23952
8518,22290
8518,22906
8519,3956
8519,7264
8519,18037
8519,20722
8520,3956
8520,4419
8520,4757
8520,4845
8520,7264
8520,12749
8520,13246
8520,14362
8520,18037
8520,19069
8520,20722
8521,1223
8521,8502
8521,11987
8521,14102
8521,14172
8521,14841
8521,18370
8521,21697
8521,21705
8521,22604
8522,1735
8522,23927
8522,23937
8525,1164
8525,4242
8525,6233
8525,7076
8525,7995
8525,9383
8525,12388
8525,14343
8525,17665
8525,18761
8525,18921
8525,19056
8525,20882
8525,21101
8525,22381
8525,23219
8525,23347
8526,3936
8527,106
8527,1178
8527,2652
8527,2685
8527,4021
8527,4974
8527,5067
8527,5278
8527,5859
8527,7239
8527,13023
8527,14711
8527,14835
8527,16238
8527,16863
8527,17597
8527,17907
8529,1431
8529,5982
8529,9763
8529,10763
8529,11775
8529,14561
8529,15211
8529,15735
8529,18385
8529,18720
8529,18878
8529,19685
8529,19900
8529,20377
8529,21326
8530,24338
8533,2241
8533,10783
8533,23305
8536,1051
8536,4160
8536,6108
8536,8054
8536,8305
8536,14540
8536,14862
8536,17525
8536,21944
8536,22711
8537,10701
8537,12334
8537,14056
8538,10943
8538,13518
8539,884
8539,1078
8539,2645
8539,6715
8540,302
8540,10678
8540,18574
8541,1661
8541,9562
8541,14281
8542,4362
8542,7016
8542,12536
8542,15106
8542,15692
8542,16481
8542,16626
8542,17183
8542,23328
8542,24361
8543,2481
8543,4821
8543,10392
8543,10406
8543,13621
8543,17233
8544,28
8544,4469
8544,9233
8545,1701
8545,4469
8545,8290
8545,12134
8545,15721
8545,16672
8545,17402
8545,23306
8546,64
8546,2596
8546,6139
8546,7926
8546,9633
8546,10072
8546,13024
8546,16241
8546,17928
8546,21987
8546,23343
8547,7136
8547,16336
8547,18441
8548,955
8548,1062
8548,3127
8548,3879
8548,3951
8548,4962
8548,6587
8548,8682
8548,8906
8548,9121
8548,15325
8548,15385
8548,15818
8548,17273
8548,18745
8548,19165
8548,21898
8548,24087
8549,5852
8549,13396
8549,14971
8549,19503
8552,8940
8552,13498
8552,17174
8552,20794
8552,24586
8553,6147
8553,7294
8553,10222
8555,7730
8555,9187
8556,155
8556,1358
8556,1644
8556,3585
8556,5132
8556,5494
8556,6110
8556,6581
8556,10284
8556,11334
8556,13153
8556,15343
8556,15480
8556,17149
8556,17451
8556,18985
8557,5630
8557,8888
8558,10983
8558,13056
8558,13169
8559,1480
8559,2830
8559,3143
8559,3343
8559,5996
8559,9155
8559,9954
8559,10083
8559,10567
8559,11063
8559,19326
8559,19447
8559,21490
8559,21637
8560,158
8560,1014
8560,2286
8560,2846
8560,3591
8560,3710
8560,3810
8560,4325
8560,5531
8560,7510
8560,9636
8560,10184
8560,12627
8560,14786
8560,16376
8560,17006
8560,17362
8560,20478
8561,23406
8562,10406
8562,14163
8562,19645
8562,22829
8562,24368
8563,4510
8563,20204
8563,21376
8564,1066
8564,2563
8564,2629
8564,4451
8564,7184
8564,10129
8564,10571
8564,13056
8564,13634
8564,16734
8564,17693
8564,21089
8564,22481
8564,22957
8565,6702
8565,7931
8565,10155
8565,11371
8565,15900
8565,16169
8565,16643
8565,19855
8565,22572
8565,23899
8566,1300
8566,4597
8566,5450
8566,9584
8566,10459
8566,10531
8566,11147
8566,16626
8566,19329
8566,20563
8566,21072
8566,22445
8566,24010
8569,280
8569,1336
8569,10651
8569,10916
8569,11948
8569,12633
8569,16823
8569,18373
8569,18602
8569,18873
8569,19923
8569,20330
8569,20611
8569,21828
8569,22268
8569,22565
8570,9278
8570,20914
8570,23351
8571,5553
8576,19488
8576,23309
8577,8688
8577,23113
8578,10046
8578,14323
8578,16163
8581,665
8581,17484
8581,17684
8581,18258
8581,21185
8581,21581
8582,4796
8582,18936
8585,6973
8585,14053
8585,19671
8585,23222
8586,2862
8586,4367
8586,6465
8586,6968
8586,7156
8586,8161
8586,8970
8586,9153
8586,10632
8586,13748
8586,16607
8586,16613
8586,16645
8586,20051
8586,20214
8586,21351
8586,23258
8587,2838
8587,5422
8587,15155
8588,8190
8588,20145
8588,24269
8590,803
8590,998
8590,4302
8590,5919
8590,6787
8590,8974
8590,12088
8590,12950
8590,13070
8590,13092
8590,15976
8590,16751
8590,18595
8590,20113
8590,20823
8590,22622
8592,272
8592,1701
8592,16588
8593,6767
8593,15731
8597,2845
8597,21654
8597,21749
8599,723
8599,2552
8599,4635
8599,13737
8599,15214
8599,15545
8600,1631
8600,2605
8600,11662
8600,20778
8601,1944
8601,2048
8601,2580
8601,3702
8601,4448
8601,5549
8601,10326
8601,11530
8601,11861
8601,13298
8601,14528
8601,17364
8601,19558
8601,20241
8601,22246
8602,13433
8602,23950
8602,24319
8604,34
8604,1015
8604,3379
8604,4489
8604,5045
8604,5465
8604,5734
8604,6546
8604,7447
8604,9929
8604,11510
8604,12235
8604,12718
8604,14383
8604,15164
8604,16262
8604,19031
8606,6707
8606,8341
8606,15938
8609,2833
8609,4688
8609,9828
8609,10379
8609,11194
8609,23996
8609,24274
8611,1491
8611,2651
8611,2661
8611,3679
8611,3783
8611,14103
8611,15989
8611,16931
8611,18439
8611,20845
8613,204
8613,911
8613,1962
8613,3248
8613,3470
8613,5649
8613,6641
8613,6963
8613,9959
8613,10067
8613,10337
8613,10660
8613,12188
8613,12595
8613,12987
8613,13722
8613,14717
8613,16452
8613,16491
8614,100
8614,259
8614,2087
8614,6063
8614,13604
8614,13769
8614,15324
8614,17820
8614,19342
8614,22430
8617,20890
8618,88
8618,1801
8618,5806
8618,7694
8618,7733
8618,9192
8618,10273
8618,11792
8618,18471
8618,23620
8618,24086
8619,10867
8619,21472
8619,22983
8620,1772
8620,12991
8620,21472
8620,22983
8622,2770
8622,7846
8622,15658
8622,15914
8622,16362
8622,18224
8622,19080
8622,19454
8622,21748
8622,22992
8623,7286
8623,15671
8623,16128
8624,4927
8624,6464
8624,7660
8624,9841
8624,11296
8624,11706
8624,18493
8624,19752
8624,20094
8624,22941
8625,11003
8625,12542
8625,15801
8625,22321
8628,10862
8628,11900
8628,13539
8630,11155
8630,16613
8630,18216
8630,24103
8630,24443
8632,7571
8632,14840
8632,16835
8633,9511
8633,12387
8633,12991
8633,14435
8634,10342
8634,18245
8634,23306
8635,2308
8635,10696
8635,12171
8635,12453
8635,13554
8635,14299
8635,17082
8635,17600
8635,20159
8635,23499
8636,2507
8636,3443
8636,7333
8636,8364
8636,10338
8636,11075
8636,11534
8636,11806
8636,12418
8636,13187
8636,15940
8636,16247
8636,20860
8636,24298
8637,1104
8637,20713
8637,24306
8638,6397
8638,13190
8638,19558
8642,960
8642,2563
8642,15251
8642,20127
8643,388
8643,1655
8643,4107
8643,4204
8643,7862
8643,9278
8643,10429
8643,11323
8643,11731
8643,16230
8643,21741
8644,17371
8644,21757
8646,11242
8646,11865
8646,21339
8647,3667
8647,18704
8647,19127
8648,4070
8648,6468
8648,10440
8649,393
8649,5223
8650,520
8650,723
8650,3368
8650,5503
8650,7076
8650,9389
8650,10675
8650,12444
8650,18704
8650,21670
8650,23234
8651,366
8651,4688
8651,9613
8652,3762
8652,6088
8652,6321
8652,6760
8652,10206
8652,10788
8652,12275
8652,12295
8652,14417
8652,14588
8652,15067
8652,15478
8652,15729
8652,16929
8652,17868
8652,18948
8652,18788
8654,13190
8655,2953
8655,8948
8655,8975
8655,13865
8655,24342
8656,7565
8656,10675
8656,11155
8657,3518
8657,5380
8657,12434
8657,22370
8658,4255
8658,4674
8658,9092
8658,19395
8658,21884
8658,24015
8658,24347
8658,24481
8658,24721
8658,24731
8659,233
8659,384
8659,1336
8659,2652
8659,4722
8659,10448
8659,18415
8659,18460
8659,21995
8659,22080
8659,22627
8659,23233
8661,4303
8662,6948
8662,7461
8662,23759
8663,1631
8663,4523
8663,10313
8663,10984
8663,16383
8663,18767
8663,19443
8663,21942
8663,22352
8663,22598
8664,7136
8664,13440
8665,9583
8665,9613
8667,5914
8667,11724
8669,841
8669,1058
8669,2231
8669,9883
8669,10675
8669,11479
8669,15849
8669,16633
8669,16677
8669,21530
8671,1625
8671,10681
8671,11155
8671,11436
8671,15373
8671,17024
8671,20414
8672,41
8672,3605
8672,5726
8672,7195
8672,10361
8672,12619
8672,13602
8672,14394
8672,19059
8672,19891
8672,21487
8672,22774
8672,23995
8673,14440
8674,7860
8674,8773
8674,12505
8674,14518
8674,16633
8674,17769
8674,18116
8675,2856
8675,4324
8675,4317
8675,5788
8675,6152
8675,8970
8675,15996
8675,16527
8676,107
8676,684
8676,892
8676,1748
8676,2176
8676,2856
8676,3835
8676,6152
8676,6455
8676,8256
8676,9260
8676,10727
8676,12004
8676,12146
8676,13144
8676,13164
8676,14204
8676,14410
8678,6397
8678,7930
8678,8341
8678,10266
8678,14038
8678,15926
8678,17387
8679,3271
8679,5260
8679,12131
8680,3271
8680,4532
8680,10848
8680,9974
8680,12208
8680,12499
8680,19062
8680,19585
8680,20343
8680,20490
8680,23066
8680,23153
8680,23530
8680,23795
8681,6445
8681,18469
8681,18653
8682,1049
8682,4112
8682,24643
8683,1853
8683,2226
8683,2587
8683,4642
8683,10188
8683,10542
8683,12874
8683,14528
8683,14888
8683,22389
8685,14053
8685,21705
8685,23351
8686,10683
8686,11267
8686,22564
8687,2039
8687,3446
8687,4667
8687,6383
8687,10683
8687,10797
8687,11267
8687,14435
8687,19607
8687,22564
8687,22914
8688,1872
8688,2039
8688,6383
8688,9124
8688,10683
8688,11267
8688,16482
8688,22564
8688,24185
8689,4472
8689,17421
8689,18407
8691,4737
8691,6147
8691,20093
8693,13087
8693,13440
8693,18819
8694,96
8694,1152
8694,2458
8694,2618
8694,3539
8694,6234
8694,7445
8694,8922
8694,13134
8694,21146
8695,585
8695,11182
8695,18653
8696,1533
8696,14159
8698,13527
8698,18411
8698,18864
8698,24211
8699,2521
8699,15775
8699,18534
8701,1389
8701,4059
8701,4262
8701,4887
8701,8095
8701,8174
8701,11194
8701,11499
8701,13568
8701,14838
8701,15851
8701,19599
8701,20878
8701,22163
8701,23954
8704,3459
8704,6418
8704,7856
8704,19211
8705,3983
8705,14231
8707,430
8707,758
8707,1769
8707,2342
8707,2698
8707,3965
8707,4774
8707,24826
8707,7890
8707,8306
8707,8367
8707,10356
8707,12566
8707,14855
8707,15725
8707,16353
8709,17005
8709,19562
8711,6278
8711,11688
8711,16980
8711,20165
8711,23386
8712,4655
8712,10619
8712,13045
8712,16060
8712,18069
8713,18037
8713,23678
8714,4718
8714,6183
8714,21098
8715,802
8715,13056
8715,20988
8717,1223
8717,6223
8717,10114
8717,10398
8717,10865
8717,11248
8717,11837
8717,12203
8717,13332
8717,14998
8717,15911
8717,15968
8717,19832
8720,1919
8720,2326
8720,2539
8720,6254
8720,6264
8720,8539
8720,9004
8720,9448
8720,9449
8720,9716
8720,11342
8720,21724
8720,23677
8720,24357
8720,24423
8720,24519
8720,24724
8721,928
8721,9387
8721,9655
8721,14382
8721,19527
8721,24526
8721,24715
8722,3864
8722,4130
8722,6801
8722,7922
8722,8001
8722,11668
8722,13994
8722,14162
8722,17991
8722,23178
8723,18899
8723,23944
8724,14910
8724,24669
8725,4178
8725,6617
8725,10683
8725,13815
8725,14985
8725,16982
8725,17745
8725,23665
8725,23944
8726,261
8726,1800
8726,7646
8726,9689
8726,15787
8726,18415
8726,18446
8726,19663
8726,20598
8727,1220
8727,1772
8727,14035
8727,14816
8727,17658
8727,19608
8727,20909
8727,21472
8727,24244
8729,2491
8729,6120
8729,7240
8729,7264
8729,7743
8729,9855
8729,10060
8729,10414
8729,11024
8729,11035
8729,11497
8729,11766
8729,14511
8729,15787
8729,17931
8729,18415
8729,18892
8729,19488
8729,23180
8731,1726
8731,3827
8731,4374
8731,12480
8731,14662
8731,17893
8731,19873
8731,21870
8731,22115
8732,206
8732,1501
8732,2511
8732,2621
8732,4001
8732,6157
8732,10375
8732,10525
8732,14981
8732,21942
8732,23234
8732,24189
8732,24232
8732,24392
8733,893
8733,1608
8733,6814
8733,6864
8733,9302
8733,9981
8733,12032
8733,12717
8733,12743
8733,13610
8733,14251
8733,14268
8733,14468
8733,15572
8733,17519
8733,18849
8733,19307
8733,23709
8734,1908
8734,6747
8734,7453
8734,11852
8734,12755
8734,14880
8734,19793
8734,20323
8734,20475
8734,22530
8735,884
8735,2652
8735,3705
8735,5329
8735,5380
8735,17421
8735,19057
8737,4469
8737,15847
8737,16527
8738,5122
8740,10310
8740,17203
8740,20280
8741,1387
8741,13714
8741,18002
8742,156
8742,712
8742,841
8742,15361
8742,18152
8742,22630
8742,23048
8744,19384
8744,21771
8744,23326
8745,19339
8745,21295
8746,2420
8746,2623
8746,11750
8746,20937
8747,2595
8747,3897
8747,4412
8747,7333
8751,56
8751,4508
8751,4680
8751,4851
8751,5707
8751,8377
8751,11106
8751,11188
8751,11798
8751,11880
8751,13735
8751,14116
8751,14403
8751,15605
8751,15732
8751,16553
8751,17283
8751,17460
8751,18490
8753,3387
8753,6643
8753,10338
8753,23907
8755,20565
8759,4414
8759,7168
8759,10681
8761,13729
8761,15752
8761,22179
8762,374
8762,3261
8762,3422
8762,3591
8762,4644
8762,6795
8762,10596
8762,10626
8762,12256
8762,12917
8762,15184
8762,18785
8762,21017
8762,23745
8762,24244
8763,2699
8763,17522
8763,17742
8763,22522
8764,4469
8764,17888
8764,24390
8765,16692
8765,21254
8767,3271
8767,12024
8767,14041
8768,11267
8768,13798
8768,24396
8769,15269
8769,21376
8769,23350
8770,7824
8770,11708
8770,19977
8770,20210
8772,2573
8772,5542
8773,10069
8773,11267
8773,16633
8775,12331
8776,40
8776,3686
8776,4161
8776,6481
8776,10069
8776,11684
8776,13090
8776,15844
8776,16795
8776,17898
8776,18518
8776,19248
8776,19303
8776,19667
8776,20461
8776,20597
8776,21816
8776,23073
8777,7323
8777,17678
8777,18538
8777,22175
8778,541
8778,1244
8778,1224
8778,1811
8778,3246
8778,3919
8778,6783
8778,7215
8778,7871
8778,8798
8778,12191
8778,12226
8778,14383
8778,20955
8778,22506
8778,22866
8778,23837
8778,24203
8780,5712
8780,6021
8780,7333
8780,7912
8780,10876
8780,16788
8780,17424
8780,18540
8780,20101
8780,22922
8780,22956
8780,24133
8782,6413
8782,12505
8783,3206
8783,13372
8784,1886
8784,6511
8784,9181
8784,9683
8784,10123
8784,16759
8784,17179
8784,18980
8784,19148
8784,19502
8784,19764
8784,22596
8784,24154
8785,2379
8785,11667
8785,12655
8785,13089
8785,14035
8785,14561
8785,16771
8785,17984
8785,18774
8786,9498
8786,19488
8786,21326
8787,12968
8787,24178
8789,6914
8789,17154
8789,24229
8790,2053
8790,3578
8790,10688
8790,14239
8792,302
8792,1583
8792,2662
8792,2846
8792,2985
8792,5157
8792,4574
8792,6793
8792,6942
8792,7867
8792,7939
8792,10923
8792,12991
8792,15135
8792,14464
8792,15097
8792,16128
8792,17391
8795,4067
8795,8932
8795,10772
8795,21447
8795,21984
8796,638
8796,803
8796,1962
8796,2819
8796,4358
8796,5048
8796,9498
8796,9963
8796,10961
8796,11004
8796,12165
8796,12762
8796,13459
8796,15818
8796,17330
8796,21055
8796,23232
8796,23380
8796,23825
8798,5074
8798,18880
8798,21371
8802,3920
8802,5794
8802,16519
8802,19166
8802,19356
8802,19770
8802,20723
8802,22981
8802,23513
8803,3352
8803,11216
8803,11724
8803,15847
8803,16770
8803,19990
8804,8320
8804,8470
8804,24178
8805,6617
8805,13865
8805,15240
8806,6475
8806,17458
8806,22444
8807,644
8807,1779
8807,2712
8807,3740
8807,5402
8807,5969
8807,6773
8807,7938
8807,16789
8807,22689
8809,1107
8809,2317
8809,2325
8809,3802
8809,24402
8809,24599
8810,4154
8810,4288
8810,4609
8810,4894
8810,6935
8810,9325
8810,9497
8810,10694
8810,11093
8810,15104
8810,16241
8810,16953
8810,23353
8811,462
8811,24813
8811,6309
8811,8860
8811,12337
8811,17668
8812,11519
8812,11736
8812,14710
8812,14785
8812,14852
8812,15263
8812,18270
8812,19051
8812,19112
8812,19130
8812,19828
8812,20261
8812,21837
8812,22062
8812,22491
8812,23013
8812,23422
8814,4396
8814,10958
8814,15361
8814,23461
8815,3936
8815,13087
8815,13169
8816,10619
8816,11562
8816,19722
8817,321
8817,4727
8820,2699
8820,8049
8820,14988
8825,4784
8825,12771
8826,1357
8826,2530
8826,3632
8826,3784
8826,4602
8826,4711
8826,4722
8826,13915
8826,17050
8826,22226
8826,22538
8826,22568
8826,22576
8826,23861
8826,24066
8830,6958
8830,7136
8831,3950
8831,24824
8831,16918
8832,960
8832,5611
8832,24821
8832,7168
8832,8970
8832,12661
8832,14063
8832,15037
8832,19716
8833,14276
8833,16817
8833,18245
8834,16817
8834,18245
8836,7650
8836,16817
8836,18245
8837,5388
8837,20281
8837,20456
8837,22133
8838,1271
8838,6930
8838,8063
8838,12684
8838,18450
8838,19210
8838,20779
8839,4420
8839,21173
8840,723
8840,3234
8840,3644
8840,10862
8840,13087
8840,16588
8840,18339
8840,22820
8841,3352
8841,4059
8841,4171
8841,7014
8841,9559
8841,12170
8841,16320
8841,17635
8841,21126
8841,24342
8842,6270
8842,14244
8843,333
8843,8062
8844,884
8844,2769
8844,5858
8844,8669
8844,10533
8844,12505
8844,13566
8844,13686
8844,14813
8844,15070
8844,17285
8844,17494
8844,18981
8844,20698
8844,23179
8844,23334
8846,2555
8846,4188
8846,8576
8846,10526
8846,13063
8846,19316
8846,22361
8846,22967
8847,434
8847,1470
8847,6267
8849,11080
8849,23698
8850,5227
8850,5388
8850,18069
8852,140
8852,8807
8852,9101
8852,9270
8852,11937
8852,13106
8852,14125
8852,15446
8852,15540
8852,15990
8852,19200
8852,23573
8852,23720
8852,23918
8853,1494
8853,1772
8853,2119
8853,6110
8853,7848
8853,10923
8853,11609
8853,15049
8853,15065
8853,18069
8853,18319
8853,19092
8853,21116
8853,24240
8854,7939
8854,10001
8854,10042
8854,10923
8854,15346
8854,15515
8854,19134
8854,19689
8854,20729
8855,16834
8855,18521
8855,20051
8855,20115
8855,22755
8856,3936
8856,8398
8857,10222
8857,10972
8858,778
8858,3475
8858,21274
8860,554
8860,2747
8860,4019
8860,6347
8860,9278
8860,9596
8860,10147
8860,10183
8860,11325
8860,12690
8860,12468
8860,14140
8860,14520
8860,14932
8860,15810
8860,16690
8861,2037
8861,4999
8861,7277
8861,8455
8861,13803
8861,19771
8862,8910
8862,15945
8862,18998
8863,1535
8863,16163
8863,20165
8865,3535
8865,12809
8865,24336
8866,17983
8867,5829
8867,11081
8867,23988
8868,3081
8868,9633
8868,18241
8869,1456
8869,1672
8869,2774
8869,4700
8869,6256
8869,6276
8869,6358
8869,7927
8869,12896
8869,15397
8869,15447
8869,17626
8869,19766
8869,21293
8869,23295
8869,24193
8869,24239
8869,24614
8871,1566
8871,12621
8875,302
8875,2846
8875,6793
8875,7666
8875,9174
8875,10874
8875,12365
8875,15135
8875,16128
8875,19558
8875,21043
8875,24244
8876,1638
8876,3209
8876,8693
8876,14447
8876,19876
8876,22807
8877,2703
8877,4252
8877,5126
8877,9541
8877,11401
8877,19396
8877,23439
8877,24750
8878,6982
8878,16872
8878,21894
8879,3103
8879,3185
8879,3308
8879,3433
8879,7563
8879,9340
8879,10408
8879,22675
8879,23530
8879,24237
8881,4899
8881,11772
8881,23305
8882,2416
8882,5085
8882,9956
8882,13802
8882,14308
8882,17532
8882,21535
8882,24498
8882,24563
8882,24585
8883,2833
8883,2837
8883,3526
8883,3727
8883,5135
8883,6284
8883,8101
8883,10363
8883,16480
8883,17977
8883,18824
8883,19047
8883,19404
8883,19970
8883,24175
8885,6152
8885,7912
8885,13565
8887,3702
8887,10632
8887,11562
8887,14323
8887,23222
8889,716
8889,3383
8889,3816
8889,4658
8889,5258
8889,5719
8889,6526
8889,7247
8889,8551
8889,9590
8889,10438
8889,12493
8889,18836
8889,18910
8889,19656
8889,21709
8889,22262
8893,2668
8893,10337
8895,1478
8895,6711
8895,9006
8895,9091
8895,13346
8895,16163
8895,18974
8895,23081
8895,24244
8898,6914
8898,22200
8899,2292
8899,3646
8899,6240
8899,8095
8899,8327
8899,9498
8899,10141
8899,13168
8899,16990
8899,17719
8899,18889
8899,19716
8899,20877
8899,24409
8899,24639
8899,24717
8902,4574
8902,10716
8902,21441
8903,21
8903,1991
8903,13605
8903,14784
8904,884
8904,1275
8904,2207
8904,2472
8904,6202
8904,7444
8904,9284
8904,11498
8904,11562
8904,12957
8904,18179
8904,18231
8904,19559
8904,21158
8904,21310
8904,22746
8905,17434
8908,6183
8908,8005
8908,14440
8910,4355
8910,9323
8910,10955
8910,17075
8910,18505
8910,19457
8910,21980
8910,22982
8910,23550
8910,24167
8911,8
8911,1518
8911,2652
8911,3646
8911,12404
8911,12763
8911,13308
8911,15118
8911,18927
8911,19168
8911,19581
8911,19636
8911,20884
8911,21218
8911,23575
8912,3384
8912,6776
8912,16237
8913,2332
8913,2333
8913,2730
8913,6404
8913,15437
8913,16306
8913,16566
8913,16942
8913,19240
8913,23753
8914,9356
8914,20138
8914,21312
8915,4809
8915,10623
8915,21112
8916,1090
8916,1994
8916,6741
8917,16465
8917,17242
8917,17243
8918,1336
8918,2777
8918,3122
8918,5709
8918,6098
8918,6596
8918,8029
8918,10067
8918,11565
8918,11676
8918,11743
8918,12606
8918,14544
8918,17609
8918,22110
8918,22173
8918,22754
8918,24290
8918,24755
8920,2174
8920,13411
8921,5153
8921,8541
8921,9775
8921,14068
8921,15672
8921,16136
8921,17742
8921,18041
8921,18459
8921,24370
8922,2732
8922,3403
8922,4839
8922,8645
8922,10045
8922,11191
8922,13021
8922,13633
8922,14528
8922,15523
8922,16230
8922,16997
8922,18992
8922,19305
8922,22168
8922,23284
8923,5329
8923,11578
8923,14265
8923,15309
8923,21623
8925,204
8925,2457
8925,13062
8925,21441
8926,10255
8926,10261
8926,10834
8926,11200
8926,11617
8926,13101
8926,14025
8926,17429
8926,18484
8926,21799
8927,279
8927,2531
8927,2819
8927,4514
8927,4540
8927,5193
8927,5721
8927,6736
8927,6904
8927,7520
8927,10222
8927,18819
8927,19127
8927,20051
8928,9633
8928,10609
8928,10701
8928,15833
8928,19682
8928,21328
8929,9242
8929,11363
8929,15732
8930,1806
8930,21766
8931,531
8931,610
8931,793
8931,2544
8931,3948
8931,4924
8931,5393
8931,7314
8931,8977
8931,14201
8931,15157
8931,24331
8933,152
8933,9245
8933,18555
8934,2780
8934,2793
8934,4705
8934,7834
8934,15015
8934,15882
8934,16112
8934,19824
8934,22892
8934,23411
8936,8942
8936,11402
8936,12602
8936,17174
8936,21920
8936,22613
8937,3117
8937,12618
8937,24646
8938,3117
8938,6685
8938,24646
8939,3117
8939,6685
8939,24646
8940,11756
8940,15847
8940,24779
8942,1623
8942,1896
8942,3538
8942,4895
8942,4905
8942,6803
8942,7218
8942,7929
8942,10097
8942,12234
8942,12492
8942,13636
8942,20610
8942,23005
8942,23351
8944,957
8944,2479
8944,2671
8944,2814
8944,3288
8944,4921
8944,5150
8944,5350
8944,6507
8944,6583
8944,6973
8944,7916
8944,9299
8944,10939
8944,11384
8944,11575
8944,14356
8944,16383
8944,16479
8945,5280
8945,8899
8945,11562
8945,19463
8946,6086
8946,6735
8946,9633
8946,11992
8946,13915
8946,19786
8946,19425
8946,22273
8946,22631
8946,24711
8948,812
8948,1062
8948,1809
8948,4939
8948,6423
8948,6589
8948,9881
8948,9934
8948,12708
8948,19785
8948,20630
8948,20771
8949,3434
8949,4070
8949,6098
8949,10997
8949,13815
8949,16789
8949,20972
8949,23162
8949,24121
8950,6709
8950,11020
8950,15902
8951,4030
8951,8970
8952,2560
8952,2615
8952,7869
8952,9380
8952,11953
8952,15089
8952,18958
8952,20673
8952,23650
8955,2180
8955,4884
8955,6648
8957,9283
8957,18446
8957,18801
8958,2858
8958,5599
8959,2638
8959,15361
8959,16974
8960,5296
8960,6098
8960,10507
8960,15886
8960,16530
8960,16794
8960,16842
8960,20995
8960,22064
8960,22756
8961,168
8961,1469
8961,12391
8964,877
8964,1211
8964,1214
8964,1227
8964,2760
8964,15543
8964,16072
8964,16417
8964,18138
8964,20540
8965,7264
8965,18330
8965,23996
8966,6535
8966,7998
8966,10076
8966,13008
8966,13774
8966,14063
8966,16319
8966,17984
8966,18776
8966,20867
8967,4537
8967,5069
8967,11192
8967,18574
8967,20527
8967,21295
8967,24139
8968,16094
8968,22641
8970,2610
8970,2856
8970,5232
8970,6129
8970,6705
8970,7538
8970,9622
8970,11976
8970,12595
8970,13266
8970,14274
8970,15442
8970,23492
8970,24754
8971,2902
8971,5771
8971,5993
8971,6775
8971,7169
8971,10519
8971,10635
8971,11152
8971,11667
8971,13056
8971,13411
8971,13546
8971,21616
8971,23047
8971,24081
8971,24290
8971,24342
8972,5301
8972,7148
8972,13033
8972,16644
8972,22842
8973,5488
8973,10130
8973,16644
8975,3446
8975,4330
8975,20634
8976,4839
8976,7933
8976,19952
8977,1930
8977,6055
8977,10731
8977,12510
8977,18143
8977,18500
8978,21297
8978,21994
8978,24663
8979,15945
8979,17433
8979,20899
8979,24134
8979,24779
8980,7094
8980,8290
8980,17546
8980,19944
8980,20301
8980,20558
8980,20722
8980,23607
8980,23734
8980,24588
8981,1872
8981,3840
8981,8005
8981,8199
8981,8290
8981,8448
8981,8632
8981,16740
8981,17116
8981,17402
8981,18247
8981,19720
8981,19944
8981,20722
8981,20844
8981,20972
8981,22358
8982,803
8982,19949
8983,1487
8983,8740
8983,9596
8983,13298
8983,15945
8983,19913
8984,2652
8984,3936
8984,4628
8984,7619
8984,9511
8984,9596
8984,15945
8984,18521
8984,19913
8985,5999
8985,6927
8985,8740
8985,9596
8985,10395
8985,13298
8985,15945
8985,19913
8985,22213
8985,24277
8986,4393
8986,8970
8986,17762
8986,22897
8987,2691
8987,5738
8987,7323
8987,10314
8987,10402
8987,13064
8987,21093
8987,21457
8987,21846
8987,22315
8988,3636
8988,9999
8988,12365
8988,12991
8989,1644
8989,4148
8989,19959
8989,21547
8993,5746
8993,8714
8993,9382
8993,10415
8993,11761
8993,17215
8993,21973
8993,23128
8993,23386
8994,4004
8994,8207
8994,17073
8994,19785
8997,8941
8997,9373
8997,12809
8998,6268
8998,10209
8998,16325
8998,21043
8998,24274
8999,1631
8999,19477
8999,20120
9000,3419
9000,3670
9000,5626
9000,7377
9000,24008
9000,24122
9001,3935
9002,4557
9002,11578
9002,18646
9003,12505
9003,16588
9003,18069
9004,966
9004,1181
9004,4536
9004,10660
9004,11255
9004,17977
9004,20105
9004,20466
9004,20724
9004,24217
9005,1631
9007,5295
9007,8556
9008,11479
9008,16052
9008,23327
9009,675
9009,2098
9009,5833
9009,6014
9009,7047
9009,7295
9009,8067
9009,8987
9009,16288
9009,17984
9010,3453
9010,5688
9010,6696
9010,10043
9010,11064
9010,11280
9010,16166
9010,20051
9010,21863
9010,21939
9010,23698
9011,947
9011,3182
9011,3936
9011,4110
9011,4917
9011,9999
9011,13847
9011,14784
9011,18573
9011,19012
9011,19839
9011,21015
9011,22449
9011,23565
9011,23771
9011,23778
9013,2133
9013,2166
9013,6314
9016,39
9016,5427
9016,6148
9016,8239
9016,15950
9016,20209
9020,1800
9020,6684
9020,8294
9020,18069
9022,23113
9023,1188
9023,2511
9023,10760
9023,12597
9023,19959
9023,22353
9025,723
9025,2351
9025,8021
9025,11155
9025,11614
9025,13824
9025,15836
9025,16792
9025,20844
9025,21091
9026,1135
9026,1970
9026,4196
9026,4197
9026,6320
9026,7729
9026,9278
9026,15388
9026,16918
9026,18470
9027,11005
9027,12188
9027,14435
9028,11005
9028,12188
9028,14435
9028,19197
9029,6468
9029,6973
9029,11005
9029,12188
9029,12505
9029,14435
9029,19197
9029,24342
9030,6468
9030,6973
9030,11005
9030,12188
9030,12505
9030,14435
9030,19197
9030,20858
9030,24303
9030,24342
9031,743
9031,1709
9031,1759
9031,14003
9031,14012
9031,15246
9031,18361
9031,22510
9031,23017
9032,1176
9032,2777
9032,4589
9032,7262
9032,7524
9032,8653
9032,9382
9032,9650
9032,9957
9032,12637
9032,12982
9032,15184
9032,22387
9032,22898
9032,24141
9033,2662
9033,4953
9033,23386
9035,9987
9035,17417
9035,20890
9035,24244
9038,11155
9038,19949
9038,22900
9039,4178
9039,4379
9039,7168
9039,11194
9040,2586
9040,4481
9040,6680
9040,10434
9040,11392
9040,15269
9040,16518
9040,19559
9040,20701
9040,23234
9041,1809
9041,3283
9041,11086
9042,42
9042,622
9042,670
9042,1701
9042,2146
9042,3904
9042,4018
9042,4581
9042,6009
9042,6060
9042,6545
9042,7095
9042,7239
9042,7980
9042,9737
9042,13797
9042,16425
9042,18579
9043,2879
9043,4953
9043,11686
9044,176
9044,1081
9044,2688
9044,4032
9044,9443
9044,14092
9044,14121
9044,14440
9044,15516
9044,15974
9044,16188
9044,16203
9044,18826
9045,4367
9045,5898
9045,10337
9045,16863
9045,19671
9045,22202
9045,24319
9046,2142
9046,2956
9046,3283
9046,11544
9046,19671
9046,21438
9048,1709
9048,3038
9048,11038
9048,23581
9051,6793
9051,11189
9051,18831
9052,6292
9052,6745
9052,8116
9052,10795
9053,3526
9053,6326
9053,10805
9054,4642
9054,9233
9054,14517
9055,943
9055,2652
9055,13190
9055,16230
9056,5207
9056,11086
9056,11474
9056,15721
9058,4895
9058,20610
9059,7651
9059,17635
9059,18320
9059,23311
9060,195
9061,14801
9061,22489
9062,503
9062,14598
9062,16710
9062,20722
9063,2952
9063,10303
9063,11555
9063,21800
9064,455
9064,10342
9064,10737
9064,11324
9064,15063
9064,16101
9064,16748
9064,18445
9064,22268
9064,22271
9065,6793
9065,14688
9065,23162
9066,4405
9066,7370
9066,7617
9066,11251
9066,13915
9066,18295
9066,18718
9066,22674
9066,24235
9066,24636
9067,5078
9067,9440
9067,10656
9067,20972
9068,10528
9068,11130
9069,244
9069,1809
9069,7517
9069,10923
9069,10996
9069,12074
9069,21898
9070,1187
9070,2668
9070,3470
9070,6268
9070,11756
9070,12133
9070,12553
9070,20590
9070,21854
9071,2564
9071,6708
9071,6777
9071,11971
9071,15010
9071,16389
9071,17309
9071,21236
9071,23750
9071,23888
9072,16163
9073,677
9073,1243
9073,2080
9073,2354
9073,4841
9073,4939
9073,6323
9073,7542
9073,10559
9073,10965
9073,11571
9073,12086
9073,12258
9073,12909
9073,15960
9073,16120
9073,17648
9073,19352
9073,20087
9074,2879
9074,13539
9076,1573
9076,2259
9076,4385
9076,7369
9076,12487
9076,16624
9076,18288
9076,18305
9076,21691
9076,23710
9077,13248
9077,18679
9077,21055
9080,235
9080,3665
9080,3756
9080,4545
9080,6241
9080,12437
9080,12791
9080,20040
9080,20069
9080,22662
9081,3199
9081,10542
9081,9974
9083,2029
9083,4841
9083,17635
9083,23695
9084,53
9085,61
9085,18574
9085,20503
9085,23950
9086,3956
9086,18069
9086,21328
9089,6244
9089,10337
9089,14717
9089,19600
9089,21441
9090,1706
9090,8053
9090,18487
9092,995
9092,3845
9092,3856
9092,4959
9092,6051
9092,6147
9092,7394
9092,12151
9092,13808
9092,14236
9092,14488
9092,16415
9092,16718
9093,5388
9093,11080
9093,18069
9094,20030
9095,12625
9095,15485
9095,15545
9096,3636
9096,12068
9097,520
9097,1023
9097,1831
9097,2653
9097,2803
9097,3303
9097,6942
9097,9115
9097,15054
9097,16709
9097,17646
9097,17975
9097,18396
9097,19840
9097,20902
9097,22374
9097,24703
9099,7766
9099,13751
9099,19558
9099,23312
9100,16
9100,851
9100,1352
9100,7902
9100,14922
9100,16334
9100,20014
9100,20584
9100,21415
9100,23914
9101,7123
9101,14739
9101,16997
9101,22706
9103,434
9103,553
9103,1661
9103,3019
9103,5631
9103,9174
9103,10029
9103,10223
9103,11176
9103,11545
9103,13041
9103,19679
9103,20165
9103,21347
9103,22158
9103,22207
9103,22313
9104,11139
9104,20805
9107,823
9107,935
9107,2280
9107,6492
9107,8297
9107,8793
9107,9190
9107,13948
9107,14394
9107,17813
9107,20457
9107,21638
9107,22857
9107,23183
9107,23577
9108,6365
9108,7651
9108,21220
9108,22268
9109,17307
9111,13674
9111,15744
9111,18134
9112,4178
9112,6468
9112,6793
9112,10683
9112,15847
9112,17433
9112,21438
9114,302
9114,5388
9114,13190
9115,1158
9115,9495
9115,13055
9117,2241
9117,3019
9117,4122
9117,4655
9117,8667
9117,9972
9117,11840
9117,11904
9117,13046
9117,14272
9117,15536
9117,16642
9117,19031
9117,20473
9117,20770
9117,22584
9117,22481
9117,23127
9118,1078
9118,5751
9118,6095
9119,2482
9119,3960
9119,4931
9119,7995
9119,8085
9119,9565
9119,9595
9119,11740
9119,13770
9119,15805
9119,23190
9119,23238
9120,2413
9120,2879
9120,14255
9120,20166
9120,20168
9120,23825
9120,23954
9122,8974
9122,11724
9122,23436
9123,2605
9123,2846
9123,8506
9123,9633
9123,15078
9123,17819
9123,21220
9125,3368
9125,8948
9125,13853
9125,17465
9125,20914
9126,1337
9126,4201
9126,13558
9127,3446
9128,133
9128,2590
9128,4033
9128,4143
9128,4345
9128,4414
9128,4831
9128,5359
9128,7520
9128,9475
9128,10244
9128,11029
9128,13203
9128,14256
9128,17425
9128,22631
9128,23954
9129,143
9129,1028
9129,5247
9129,11173
9129,12012
9129,14669
9129,16298
9129,19103
9129,21130
9129,22010
9129,22022
9129,23677
9129,24163
9130,7357
9130,11539
9130,23260
9131,20172
9132,1547
9132,5992
9132,6118
9132,6823
9132,10221
9132,11595
9132,13474
9132,14835
9132,15764
9132,17776
9132,17980
9132,18239
9132,18767
9132,19716
9132,19869
9132,21897
9132,23343
9132,24635
9133,5157
9133,6816
9133,7685
9133,12685
9133,18455
9133,23026
9135,1730
9135,12505
9135,15831
9138,177
9138,186
9138,723
9138,1633
9138,3263
9138,9586
9138,12011
9138,17658
9138,18403
9138,18556
9138,20115
9139,3897
9139,11182
9139,12968
9140,882
9140,1568
9140,2472
9140,2820
9140,4894
9140,6114
9140,6502
9140,11126
9140,12159
9140,14193
9140,16442
9140,17185
9140,18069
9140,19441
9140,19526
9140,22449
9140,24256
9140,24203
9141,11935
9142,2043
9142,2314
9142,2450
9142,3436
9142,4358
9142,4798
9142,7661
9142,11929
9142,18204
9142,21391
9144,403
9144,1613
9144,2211
9144,3887
9144,5224
9144,8214
9144,8514
9144,8977
9144,11319
9144,14456
9144,15270
9144,16679
9144,18209
9144,18655
9144,20476
9144,20879
9144,20958
9144,22112
9145,1336
9145,1525
9145,2847
9145,3591
9145,5425
9145,5746
9145,5848
9145,7476
9145,7837
9145,8843
9145,10020
9145,10712
9145,14636
9145,18683
9145,22618
9145,24210
9145,24757
9146,8214
9146,14049
9146,24274
9147,525
9147,4664
9147,7130
9147,7131
9147,7296
9147,7520
9147,10309
9147,13930
9147,15267
9147,16020
9147,18708
9147,19507
9147,20491
9147,23417
9148,1393
9148,2616
9148,6003
9148,6772
9148,8915
9148,9900
9148,11562
9148,14540
9148,20214
9148,21310
9148,22204
9148,22330
9148,22741
9148,23063
9148,23195
9148,23294
9148,23299
9149,17142
9149,20384
9150,2897
9150,22317
9151,1546
9151,1808
9151,2552
9151,2819
9151,3786
9151,6386
9151,9025
9151,11389
9151,13410
9151,14828
9151,15035
9151,15164
9151,15732
9151,16288
9151,17319
9151,18621
9151,18939
9151,19030
9152,4356
9152,10450
9152,10990
9154,1361
9154,7792
9154,9684
9154,9685
9155,1276
9155,2066
9155,7411
9155,11142
9155,12501
9155,12897
9155,13004
9155,13390
9155,22532
9155,23623
9156,54
9156,736
9156,919
9156,3175
9156,4103
9156,5380
9156,6365
9156,8341
9156,9121
9156,11559
9156,14440
9156,16230
9156,17831
9156,18460
9156,19149
9156,19558
9156,19881
9156,20134
9157,911
9157,7445
9157,7538
9157,8153
9157,16034
9157,16452
9157,17319
9157,17984
9157,17990
9158,4895
9158,8384
9158,9283
9159,2796
9159,2797
9159,3656
9159,3709
9159,3882
9159,7941
9159,10111
9159,11560
9159,11602
9159,12224
9159,12362
9159,12741
9159,15314
9159,16225
9159,16456
9159,17341
9160,2796
9160,3656
9160,7941
9160,10111
9160,11560
9160,11602
9160,15314
9160,16456
9160,17341
9160,22823
9161,874
9161,1679
9161,2820
9161,3325
9161,4939
9161,6390
9161,6942
9161,7518
9161,8176
9161,10291
9161,11061
9161,15550
9161,16530
9161,23097
9161,24141
9162,342
9162,13485
9164,23156
9165,2655
9165,5926
9165,11999
9165,12014
9165,16994
9165,22492
9166,10796
9166,14982
9168,634
9168,15276
9169,9778
9169,15886
9169,23305
9170,13169
9170,20995
9171,2120
9171,4586
9171,7664
9171,12085
9171,15164
9171,16556
9171,17319
9171,17548
9171,19528
9171,20193
9172,2616
9172,2820
9172,4172
9172,4951
9172,6737
9172,6996
9172,12200
9172,16737
9172,17681
9172,21138
9172,23047
9172,23883
9172,23887
9173,10095
9173,18027
9173,18210
9174,5531
9174,7847
9174,10275
9174,11366
9174,11797
9174,11992
9174,17073
9174,20114
9174,23066
9174,23089
9174,23456
9174,24302
9175,10342
9175,20220
9177,1617
9177,3141
9177,3698
9177,5403
9177,24821
9177,9560
9177,9720
9177,11183
9177,12981
9177,16835
9177,17771
9177,17821
9177,18273
9177,20188
9177,21301
9177,21547
9177,22694
9177,23419
9178,6914
9178,8686
9178,11864
9178,14464
9178,18446
9178,20395
9178,23286
9178,24595
9179,158
9179,645
9179,2268
9179,2570
9179,2381
9179,3087
9179,3685
9179,4747
9179,4843
9179,9120
9179,9603
9179,11490
9179,12469
9179,15996
9179,16163
9179,16795
9179,17783
9179,18389
9179,20872
9180,2126
9180,9774
9180,18740
9181,2126
9182,124
9182,4178
9182,6121
9182,9463
9182,10569
9182,10701
9182,10783
9182,18542
9182,21357
9182,24799
9183,332
9183,563
9183,888
9183,1443
9183,1445
9183,5559
9183,5965
9183,10588
9183,15257
9183,24771
9184,1644
9184,11072
9185,920
9185,1176
9185,2110
9185,3127
9185,4642
9185,6269
9185,6684
9185,7324
9185,11071
9185,11818
9185,14617
9185,14671
9185,16757
9185,19078
9185,20972
9185,21351
9185,21395
9186,8255
9186,17370
9186,23430
9187,7912
9187,8556
9187,10379
9188,9989
9188,19451
9188,24643
9190,394
9190,2605
9190,4895
9192,5680
9192,11099
9193,7536
9194,500
9194,2195
9194,7364
9194,10797
9194,17079
9194,17195
9194,17653
9194,18562
9194,18770
9194,23766
9195,11592
9195,19544
9195,23179
9199,438
9199,1992
9199,3523
9199,4269
9199,4757
9199,7037
9199,12675
9199,13031
9199,15185
9199,17347
9199,18116
9199,21641
9199,23252
9202,8068
9202,9340
9202,11163
9202,12781
9204,2883
9204,13301
9204,23285
9205,2928
9205,11142
9205,19013
9205,23690
9207,10340
9208,966
9208,2914
9208,5193
9208,5551
9208,6690
9208,7160
9208,10869
9208,11718
9208,19959
9208,21500
9209,525
9209,16219
9209,23406
9210,9340
9210,14444
9210,14867
9211,14435
9211,17151
9212,4642
9212,9278
9212,10379
9213,24818
9213,10485
9213,12417
9213,15151
9213,15861
9213,16003
9213,17042
9213,17673
9213,18369
9213,20362
9214,1701
9214,2104
9214,2570
9214,2581
9214,3764
9214,5933
9214,6735
9214,14057
9214,16486
9214,18500
9214,20527
9214,23233
9214,24244
9215,1093
9215,3208
9215,16771
9216,6099
9216,6115
9216,8331
9216,9617
9216,10003
9216,10751
9216,11636
9216,14176
9216,17935
9216,19634
9216,20660
9216,20853
9216,22623
9216,23624
9216,24460
9217,285
9217,1393
9217,2245
9217,4711
9217,5194
9217,5514
9217,6316
9217,8899
9217,12895
9217,13543
9217,15759
9217,16150
9217,18427
9217,18800
9217,19068
9217,19938
9217,20365
9217,23595
9218,4951
9218,10369
9218,20418
9219,6927
9219,9792
9219,12133
9219,12520
9219,16672
9219,24832
9219,19816
9219,20507
9219,23944
9220,1058
9220,1610
9220,8335
9220,11580
9220,19181
9220,21695
9220,23054
9220,23292
9220,24610
9222,9
9222,662
9222,1872
9222,2046
9222,5898
9222,8290
9222,10315
9222,10521
9222,10885
9222,10923
9222,14980
9222,16275
9222,16535
9222,16588
9222,20213
9222,20481
9222,21562
9222,20754
9223,2077
9223,5148
9223,5776
9223,5805
9223,5821
9223,8036
9223,8649
9223,11434
9223,11687
9223,11727
9223,11803
9223,12144
9223,13393
9223,14504
9223,22600
9223,23319
9223,24666
9225,729
9225,994
9225,3855
9225,3871
9225,7299
9225,10981
9225,11542
9225,11596
9225,11669
9225,12771
9225,12987
9225,16011
9225,16148
9225,16177
9225,16653
9225,17342
9225,20090
9225,20098
9225,24271
9226,7610
9226,15779
9226,18445
9226,21074
9227,10644
9227,19025
9227,21302
9227,21502
9227,22386
9227,23424
9229,3866
9229,5057
9229,5542
9229,9436
9229,12166
9229,13425
9229,17384
9229,20466
9229,21224
9229,23175
9229,23375
9229,24088
9230,16163
9230,24234
9231,9425
9231,10069
9232,8224
9232,13219
9232,20553
9232,21227
9236,1872
9236,3974
9238,911
9238,1043
9238,1788
9238,4148
9238,4414
9238,5061
9238,5711
9238,6973
9238,14440
9238,17402
9238,17984
9238,24205
9238,24217
9239,911
9239,4070
9239,4148
9239,4414
9239,6973
9239,8234
9239,10664
9239,11931
9239,15557
9239,16383
9239,17984
9239,22148
9239,23097
9239,24205
9239,24217
9240,66
9240,639
9240,5649
9240,5711
9240,8067
9240,10069
9240,12661
9240,12715
9240,13792
9240,16834
9240,18437
9240,24653
9241,348
9241,3715
9241,3993
9241,4237
9241,4502
9241,5342
9241,5910
9241,6287
9241,6468
9241,6924
9241,8193
9241,9271
9241,9278
9241,10529
9241,12230
9241,12235
9241,13630
9241,14208
9244,12556
9244,13703
9244,15286
9244,16350
9244,19366
9244,20641
9244,23117
9244,23922
9244,24029
9246,24821
9247,11772
9247,11860
9249,482
9249,3895
9249,5365
9249,6204
9249,11602
9249,17222
9249,17933
9249,18780
9249,19127
9249,20317
9250,114
9250,2386
9250,7954
9250,9620
9250,16113
9250,19824
9250,22002
9253,1583
9253,2846
9253,3936
9253,18574
9254,7565
9254,7611
9254,23698
9255,12991
9255,13468
9255,14053
9257,1176
9257,11712
9257,12228
9257,13722
9257,15373
9257,15980
9258,884
9258,7885
9258,16725
9258,19488
9259,3695
9259,3948
9259,4470
9259,4699
9259,4976
9259,5080
9259,9253
9259,11221
9259,16873
9259,18374
9259,22148
9259,22469
9260,20214
9260,23758
9260,24244
9261,145
9261,1098
9261,2847
9261,5281
9261,5385
9261,5434
9261,5690
9261,6546
9261,6707
9261,9326
9261,14864
9261,16079
9261,16765
9261,17416
9261,18416
9261,18739
9261,18877
9261,19140
9261,20852
9262,9792
9263,16241
9264,802
9264,1189
9264,2790
9264,2888
9264,4303
9264,6459
9264,7331
9264,7888
9264,10329
9264,9973
9264,11745
9264,11794
9264,13176
9264,21441
9264,21464
9266,911
9266,2231
9266,5649
9266,8067
9266,10931
9266,11662
9266,12975
9266,14117
9266,17342
9266,17984
9268,916
9268,1178
9268,1651
9268,3652
9268,4201
9268,5612
9268,6360
9268,6390
9268,9147
9268,12176
9268,12983
9268,14685
9268,14810
9268,20658
9268,21082
9268,22973
9268,23146
9268,23159
9268,23077
9269,172
9269,4337
9269,6152
9269,10573
9269,10652
9269,17691
9269,19572
9269,21937
9269,22155
9269,22919
9269,23314
9271,11990
9271,19944
9271,20370
9272,15991
9272,21346
9272,23693
9274,181
9274,4807
9274,9380
9275,3174
9275,9640
9275,9903
9275,13690
9275,14311
9275,18286
9275,18954
9275,19508
9275,22612
9275,22686
9276,4894
9276,11184
9276,18415
9276,19488
9277,753
9277,882
9277,5535
9277,10181
9277,12997
9277,14425
9277,14758
9277,19715
9277,19913
9277,20051
9279,1812
9279,2843
9279,3212
9279,4208
9279,5706
9279,6071
9279,6921
9279,7272
9279,7288
9279,7543
9279,10049
9279,17293
9279,20750
9280,7384
9280,9797
9280,10375
9280,12900
9280,16275
9280,24172
9281,2804
9281,8214
9281,9021
9282,12247
9282,12975
9283,1819
9283,3878
9283,3902
9283,4683
9283,5150
9283,5743
9283,6161
9283,8714
9283,10660
9283,14186
9283,14591
9283,14774
9283,18627
9283,20414
9283,22630
9284,454
9284,3387
9284,21249
9285,2884
9285,10619
9285,18445
9286,203
9286,3523
9286,4417
9287,9622
9287,13216
9289,1634
9289,4333
9289,9689
9289,10368
9289,14429
9289,16185
9289,16216
9289,21800
9289,22272
9289,22709
9291,10867
9291,12134
9291,16230
9292,1487
9292,6927
9293,1487
9293,18521
9294,1487
9295,3433
9295,6056
9295,10903
9295,12389
9295,13282
9295,15581
9295,16432
9295,18717
9295,21654
9295,23468
9296,9633
9296,10905
9296,24764
9297,3490
9297,4367
9299,1470
9299,9747
9300,4154
9300,20214
9300,21760
9300,23311
9301,92
9301,499
9301,5207
9301,5232
9301,6684
9301,7067
9301,10017
9301,11254
9301,18396
9301,18415
9301,18633
9301,18858
9301,19127
9301,20287
9301,24484
9302,2165
9302,3606
9302,3788
9302,8442
9302,9348
9302,9863
9302,12175
9302,13394
9302,14353
9302,15473
9302,18252
9302,21556
9303,727
9303,6279
9303,6542
9303,8450
9303,13349
9303,15952
9303,20197
9304,3292
9304,7741
9304,13974
9306,11182
9306,17094
9306,20387
9309,8504
9309,10919
9309,14073
9309,20938
9310,1359
9310,1621
9310,2479
9310,2934
9310,3945
9310,9881
9310,10581
9310,11510
9310,13249
9310,13336
9310,13792
9310,13833
9310,15290
9310,16256
9310,17436
9310,17947
9310,18889
9311,15847
9311,19488
9311,21043
9313,362
9313,6050
9313,11244
9313,16554
9313,23504
9313,23658
9315,362
9315,12945
9316,2975
9316,22818
9316,24639
9317,16834
9317,19477
9317,23161
9318,9781
9318,14499
9318,18146
9318,18287
9320,7218
9320,11840
9322,922
9322,1572
9322,6472
9322,6898
9322,14044
9322,15606
9322,21400
9322,21840
9322,22498
9322,23997
9325,398
9325,4469
9325,10997
9326,1457
9326,2687
9326,5163
9326,5169
9326,4578
9326,4992
9326,7280
9326,8831
9326,14829
9326,15993
9326,17523
9326,23769
9328,1721
9328,6517
9328,6827
9328,18258
9329,7245
9329,15220
9329,17402
9329,24008
9330,3535
9330,4414
9330,6152
9330,7520
9330,8970
9330,15408
9330,15974
9330,19127
9330,23954
9333,197
9333,2754
9333,6480
9333,14639
9333,14946
9333,17057
9333,17351
9333,21435
9333,22203
9333,23089
9334,11324
9334,15954
9335,7541
9335,17035
9335,20972
9337,884
9337,2026
9337,4472
9337,6983
9337,9316
9337,9497
9337,10569
9337,14900
9337,22563
9341,4537
9342,1729
9342,2853
9342,4642
9342,5032
9342,5329
9342,6467
9342,9597
9342,11998
9342,17147
9342,17227
9342,17395
9342,21803
9342,23739
9343,158
9343,9872
9343,10690
9343,11998
9343,12072
9343,12279
9343,12341
9343,18373
9343,24833
9343,18613
9343,20542
9343,21418
9343,21966
9343,22133
9343,24222
9343,24284
9344,367
9344,1264
9344,3571
9344,7037
9344,13990
9344,15840
9344,20086
9344,20414
9344,20867
9344,21300
9345,6202
9345,11070
9346,4511
9346,5587
9346,5987
9346,10479
9346,13663
9346,15459
9346,17363
9346,17582
9346,20758
9346,24410
9347,2879
9347,7939
9348,5126
9348,14978
9348,20628
9348,22972
9349,1762
9349,13064
9349,15859
9350,6152
9350,14464
9352,585
9352,656
9352,2894
9352,4999
9352,5625
9352,8197
9352,11599
9352,11771
9352,11892
9352,13046
9352,14351
9352,14364
9352,16735
9352,16931
9352,19671
9352,23825
9353,431
9353,1656
9353,4816
9353,7289
9353,11103
9353,12182
9353,13050
9353,13831
9353,14531
9353,22835
9353,23792
9355,11670
9355,13236
9355,20213
9356,642
9356,808
9356,1882
9356,4217
9356,6395
9356,6635
9356,8758
9356,9152
9356,10125
9356,12107
9356,12347
9356,13024
9356,14267
9356,14440
9356,14924
9356,21294
9356,22891
9357,10867
9357,11194
9357,12972
9357,13737
9357,16163
9358,1154
9358,11176
9358,11474
9358,19197
9359,5336
9360,8773
9360,9461
9360,19248
9363,3875
9363,4537
9363,5376
9363,7053
9363,10160
9363,11212
9363,11980
9363,13169
9363,13924
9363,17837
9363,19369
9363,23236
9363,24409
9364,14121
9365,997
9365,2063
9365,2384
9365,2504
9365,2652
9365,4799
9365,4997
9365,5772
9365,6846
9365,7968
9365,11492
9365,13952
9365,14270
9365,16240
9365,16425
9365,16522
9365,17300
9366,6643
9366,13137
9366,18704
9366,23018
9366,23055
9366,24230
9367,5808
9367,6039
9367,7966
9367,13655
9367,15929
9367,16143
9367,19947
9367,21195
9367,21409
9367,24468
9369,2595
9369,6468
9369,10683
9370,4721
9370,10069
9370,14223
9371,4001
9371,9963
9371,10675
9371,11115
9371,14981
9371,16800
9371,20503
9371,22481
9372,2910
9372,4821
9372,10683
9372,11226
9372,16099
9372,24832
9372,18604
9372,19544
9372,20233
9372,20585
9372,21723
9372,24321
9372,24536
9373,10480
9373,13663
9373,24174
9374,7651
9374,8398
9374,13468
9376,434
9376,11070
9376,12131
9376,15109
9377,286
9377,1377
9377,1651
9377,4895
9377,5926
9377,8361
9377,11949
9377,13298
9377,15787
9377,19488
9377,20876
9377,21340
9377,21820
9377,23137
9380,2595
9380,20935
9380,24342
9381,6638
9381,13736
9381,18989
9382,3105
9382,12448
9383,155
9383,203
9383,5402
9383,6610
9383,6996
9383,7268
9383,8724
9383,9055
9383,12361
9383,20426
9384,4853
9384,19658
9384,24089
9385,5873
9385,6098
9385,7521
9385,7766
9385,8398
9385,13835
9385,17231
9385,22028
9385,23094
9385,23163
9386,2236
9386,3950
9386,3952
9386,10844
9386,15653
9386,17493
9386,18455
9386,18940
9386,18943
9386,19403
9389,11064
9389,17154
9391,2301
9391,2406
9391,3519
9391,5512
9391,7445
9391,9275
9391,10647
9391,11316
9391,13968
9391,14503
9391,17696
9391,17866
9391,19745
9391,21320
9391,23090
9391,24274
9392,3688
9392,8813
9392,13271
9392,13639
9392,14546
9392,18433
9392,22502
9392,23110
9392,23863
9392,24027
9393,4324
9393,4607
9393,5237
9393,5255
9393,7209
9393,7915
9393,10988
9393,11716
9393,13377
9393,15692
9393,16400
9393,18569
9393,19415
9393,21175
9393,22332
9394,208
9394,5694
9394,7457
9394,8685
9394,9353
9394,10445
9394,15951
9394,17059
9394,17958
9394,19248
9394,19393
9394,19571
9394,20186
9394,20880
9394,23162
9396,3936
9396,7611
9396,23386
9399,23039
9400,66
9400,629
9400,2541
9400,2951
9400,4211
9400,4456
9400,4941
9400,5542
9400,6544
9400,7331
9400,8067
9400,11755
9400,15211
9400,16383
9400,16848
9400,18322
9400,18415
9400,21182
9400,21900
9405,13248
9405,22509
9407,2846
9407,2985
9407,3936
9407,6328
9407,8398
9407,9494
9407,10778
9407,11724
9407,16163
9408,10444
9408,10933
9408,13473
9408,14518
9408,20228
9409,3225
9409,3568
9409,4554
9409,4737
9409,6726
9409,9060
9409,10111
9409,16664
9409,17064
9409,23570
9410,1596
9410,1761
9410,2925
9410,11623
9410,15539
9410,16095
9410,16494
9410,17230
9410,20084
9410,20283
9410,21784
9413,5428
9413,6310
9413,16575
9416,14517
9416,21074
9416,21089
9417,1671
9417,5388
9418,14053
9418,19949
9419,8214
9419,20316
9420,154
9420,1194
9420,1725
9420,6106
9420,6899
9420,9049
9420,10874
9420,15556
9420,23637
9420,23685
9421,1363
9421,2528
9421,3722
9421,5368
9421,6183
9421,9633
9421,12991
9421,14227
9421,14587
9421,14930
9421,15481
9421,17711
9421,23208
9421,23960
9421,24095
9422,7136
9422,19959
9422,23304
9423,912
9423,1470
9423,3117
9423,4826
9423,4827
9423,6222
9423,6281
9423,9638
9423,11303
9423,14121
9423,15394
9423,16834
9423,18230
9423,19957
9423,20200
9423,22630
9424,1681
9424,5042
9424,10231
9424,10288
9424,16006
9424,20628
9424,21797
9424,21925
9424,22241
9424,23285
9425,3208
9425,19488
9426,3208
9426,11267
9426,15575
9426,16994
9430,12624
9432,3434
9432,4951
9432,8528
9432,9232
9432,10062
9432,10385
9432,10597
9432,10663
9432,12193
9432,12209
9432,13204
9432,13253
9432,16275
9432,18230
9432,20448
9432,21037
9432,23057
9433,11900
9433,19127
9433,21760
9434,10335
9434,18470
9437,9781
9437,12771
9437,22606
9438,14053
9438,21220
9439,13191
9439,18545
9439,21705
9441,4529
9441,7039
9441,13169
9442,75
9442,233
9442,1676
9442,1713
9442,2728
9442,3866
9442,4171
9442,10394
9442,12365
9442,12468
9442,12754
9442,15507
9442,16691
9442,16917
9442,18506
9442,19318
9442,22728
9442,22781
9445,5188
9445,15095
9446,136
9446,846
9446,1872
9446,1914
9446,2971
9446,4151
9446,4876
9446,9094
9446,9342
9446,10902
9446,15315
9446,16345
9446,17018
9446,21073
9446,23043
9446,23446
9447,1128
9447,4873
9447,12462
9449,752
9449,1738
9449,2308
9449,3245
9449,3648
9449,5213
9449,5609
9449,7573
9449,8772
9449,9218
9449,9924
9449,10537
9449,11184
9449,21069
9449,23169
9449,23992
9450,4642
9450,4894
9450,19391
9451,15243
9451,20610
9453,6973
9453,14440
9453,20628
9454,1545
9454,16155
9454,20628
9454,20688
9455,831
9455,1120
9455,2027
9455,2028
9455,3088
9455,3692
9455,6900
9455,8413
9455,8499
9455,8680
9455,9012
9455,13038
9455,14202
9455,14539
9455,16743
9455,18172
9455,18173
9455,20908
9456,11315
9456,12134
9456,14717
9456,21441
9457,1243
9457,2273
9457,4701
9457,5184
9457,8040
9457,9275
9457,9618
9457,9856
9457,10134
9457,11605
9457,11756
9457,11855
9457,18618
9457,23637
9457,24119
9458,1279
9458,5823
9458,6106
9458,8684
9458,10828
9458,15136
9458,14552
9458,17605
9458,21767
9458,23886
9459,955
9459,1075
9459,1203
9459,1484
9459,3972
9459,4530
9459,5118
9459,5515
9459,5666
9459,6171
9459,7603
9459,14019
9459,16729
9459,18752
9459,19722
9459,20923
9459,21091
9459,21593
9460,1920
9460,8350
9460,9412
9460,9418
9460,12591
9460,12799
9460,13162
9460,20743
9460,21364
9460,24632
9461,20280
9461,20460
9461,23406
9462,396
9462,2506
9462,2613
9462,4171
9462,5250
9462,5287
9462,7654
9462,9144
9462,12117
9462,15033
9462,15281
9462,16260
9462,16864
9462,17782
9462,20858
9462,20902
9464,349
9464,7719
9464,8455
9464,9022
9464,9369
9464,13480
9464,15566
9464,17301
9464,17308
9464,17568
9464,21912
9464,22619
9464,22760
9464,24447
9465,9461
9465,16530
9465,20722
9467,8012
9467,11860
9468,1597
9468,13652
9469,8351
9469,10343
9469,11430
9469,19477
9469,20688
9470,1447
9470,8913
9470,15129
9470,19309
9470,23692
9470,23695
9471,8812
9471,14489
9472,1113
9472,2863
9472,15030
9472,18373
9472,19248
9473,1169
9473,4207
9473,6322
9473,7627
9473,9826
9473,10948
9473,11967
9473,12958
9473,18118
9473,20194
9474,3865
9474,4335
9474,5232
9474,6578
9474,7391
9474,7659
9474,21133
9474,21316
9474,22068
9474,22856
9474,23254
9476,2246
9476,3057
9476,4194
9476,6098
9476,7225
9476,9726
9476,10016
9476,11936
9476,11969
9476,14461
9476,14483
9476,14489
9476,15120
9476,15840
9476,18774
9476,21005
9476,21007
9476,21827
9476,22629
9477,3208
9477,8164
9477,10870
9477,13014
9477,14440
9477,16383
9477,21089
9477,22220
9477,24205
9478,3019
9478,3029
9478,8164
9478,9803
9478,10069
9478,10870
9478,12861
9478,13014
9478,16383
9478,19138
9478,21347
9478,24205
9480,4126
9480,7062
9480,7553
9480,9278
9480,10064
9480,13190
9480,15177
9480,16238
9480,16430
9480,17211
9480,17256
9480,17402
9480,17980
9480,18494
9480,19944
9480,21414
9480,23341
9481,1142
9481,1965
9481,2312
9481,4864
9481,5762
9481,15972
9481,17918
9481,19121
9481,19427
9483,2894
9483,3865
9483,4366
9483,9650
9483,10720
9483,11676
9483,11890
9483,16320
9483,16578
9483,18252
9483,19354
9483,23097
9484,3628
9484,10990
9484,11562
9485,5524
9485,18653
9485,18880
9486,135
9486,1252
9486,4178
9486,4303
9486,9153
9486,11595
9486,13501
9486,14905
9486,16006
9486,16275
9486,16593
9486,17659
9486,22959
9487,1960
9487,2249
9487,3897
9487,5531
9487,6114
9487,6942
9487,8355
9487,9863
9487,11693
9487,13198
9487,20220
9487,21875
9487,22832
9487,23109
9487,23349
9488,12453
9488,14464
9488,21290
9489,3733
9489,11267
9490,4417
9490,5644
9490,6287
9490,9133
9490,13428
9490,14165
9490,14282
9490,17958
9490,20120
9490,22292
9490,24082
9490,24122
9491,1535
9491,1978
9491,3422
9491,3470
9491,4046
9491,5524
9491,6874
9491,9278
9491,17106
9491,19224
9491,19588
9491,20409
9491,20899
9492,6942
9492,15779
9492,22838
9493,4855
9493,5860
9493,14022
9493,22191
9494,1555
9494,3612
9494,5148
9494,6025
9494,10862
9494,12947
9494,13523
9494,19248
9494,22773
9494,24103
9495,3892
9495,4232
9495,4631
9495,4845
9495,10200
9495,23404
9496,1728
9496,3895
9496,5464
9496,6268
9496,8233
9496,12452
9496,12980
9496,13931
9496,15945
9496,20068
9496,20544
9496,24505
9496,24509
9497,4459
9497,16780
9499,960
9499,3956
9499,9499
9499,14255
9501,9233
9501,15752
9501,21530
9503,2734
9503,4004
9503,5183
9503,22283
9504,750
9504,1452
9504,4050
9504,7879
9504,9008
9504,9833
9504,12315
9504,12500
9504,18834
9504,24372
9505,2568
9505,7809
9505,20349
9506,7333
9506,17693
9506,21220
9507,2092
9507,11944
9507,20055
9507,21162
9508,1909
9508,11171
9508,21051
9510,15847
9510,24217
9512,377
9512,4200
9512,5759
9512,6118
9512,7623
9512,9762
9512,9825
9512,10511
9512,12564
9512,13235
9512,15365
9512,16997
9512,19526
9512,24701
9515,1701
9515,4613
9516,4764
9516,6384
9516,9077
9516,12695
9516,12679
9516,13064
9516,15593
9516,16281
9516,17235
9516,18176
9516,20813
9516,21660
9516,22716
9516,23172
9516,23367
9516,23368
9516,23940
9517,7458
9517,8861
9517,17673
9517,18962
9518,11090
9518,14732
9518,21135
9518,21936
9520,3643
9520,6749
9520,11741
9520,12143
9520,14501
9520,16570
9520,18274
9520,18346
9520,19047
9520,20219
9520,22483
9522,160
9522,2320
9522,12307
9522,15154
9522,16375
9522,17763
9522,18527
9522,21188
9522,21203
9522,21322
9522,24600
9524,3636
9524,12987
9524,14362
9524,18129
9525,4608
9525,18069
9527,691
9527,3028
9527,3591
9527,4017
9527,5025
9527,10033
9527,10127
9527,10359
9527,12015
9527,17160
9527,18521
9527,21249
9527,22804
9529,2182
9529,3319
9529,9042
9529,15584
9529,16239
9529,16696
9529,18423
9529,19736
9529,21960
9529,22445
9532,7136
9532,10573
9532,13599
9532,13667
9532,16085
9532,17173
9532,17442
9532,17621
9532,18289
9532,19675
9532,20459
9532,21683
9532,22587
9532,22609
9532,24591
9533,204
9533,10678
9533,12372
9533,22818
9534,10743
9535,3100
9535,3390
9535,16348
9535,23944
9536,326
9536,3583
9536,3907
9536,15840
9539,567
9539,930
9539,1901
9539,2477
9539,5835
9539,6112
9539,9174
9539,11412
9539,12488
9539,14212
9539,16904
9539,18161
9539,18554
9539,18952
9539,19153
9539,19154
9539,22087
9539,22098
9540,6793
9540,14464
9540,17635
9541,2455
9543,450
9543,8844
9543,10176
9543,13295
9543,16250
9543,17491
9543,19038
9543,20352
9543,20421
9543,24528
9543,24569
9544,11686
9544,16241
9544,18069
9544,24639
9545,3453
9545,4262
9545,4696
9545,7196
9545,13751
9545,18704
9545,23190
9546,10460
9546,12841
9546,13768
9546,14231
9546,14345
9546,16124
9546,16216
9546,18835
9546,18893
9546,19469
9546,21867
9546,22228
9547,10310
9547,17363
9548,834
9548,3539
9548,7114
9548,18938
9548,22618
9550,16482
9551,3434
9551,5232
9551,10240
9551,11729
9551,11892
9551,17008
9551,21370
9551,21666
9551,23036
9551,24474
9551,24673
9552,2842
9552,7943
9552,8937
9552,18213
9558,5198
9558,13476
9558,13486
9558,17124
9558,17645
9558,18235
9558,18249
9558,18250
9558,19551
9558,21462
9558,22761
9559,7177
9559,10675
9559,13036
9559,19932
9560,4235
9560,4826
9560,17319
9561,16718
9561,17427
9561,20988
9562,8207
9562,17427
9563,4798
9563,5805
9563,17783
9564,1971
9564,9247
9564,9380
9565,3172
9565,3924
9565,6458
9565,12783
9565,14107
9565,18924
9565,22901
9566,3475
9566,4367
9566,5590
9566,7422
9566,14324
9566,21220
9567,8398
9567,15847
9568,451
9568,968
9568,4531
9568,6499
9568,7630
9568,8671
9568,8734
9568,14730
9568,15799
9568,17129
9568,17334
9568,22193
9568,22350
9568,24318
9569,7271
9569,7663
9569,14738
9569,18880
9570,516
9570,1494
9570,1655
9570,2645
9570,2655
9570,6202
9570,7864
9570,8906
9570,9499
9570,17395
9570,18096
9570,18114
9570,19057
9570,20482
9570,22021
9570,23113
9570,23624
9572,7294
9572,8470
9572,18774
9574,4074
9574,4249
9574,5042
9574,9881
9574,10603
9574,13266
9574,13336
9574,13915
9574,14478
9574,15901
9574,20114
9574,22945
9574,24400
9575,302
9575,8002
9576,1739
9576,9828
9578,10783
9578,13440
9578,22297
9579,7196
9579,10783
9579,22297
9582,369
9582,434
9582,2458
9582,4991
9582,5618
9582,6782
9582,7610
9582,13504
9582,15611
9582,16492
9582,24812
9582,19187
9582,20188
9582,20633
9583,17095
9583,19179
9583,23144
9585,3117
9585,7581
9585,20688
9586,6667
9586,7175
9586,14976
9586,24283
9587,738
9587,814
9587,1866
9587,7150
9587,7356
9587,9905
9587,15714
9587,23627
9587,24744
9587,24783
9591,2662
9592,16766
9592,23305
9593,9999
9593,10067
9593,10678
9593,9972
9593,11037
9593,12355
9593,13065
9593,16030
9593,20154
9593,20207
9593,23781
9593,24301
9595,10905
9595,13865
9595,17712
9596,277
9596,2068
9596,8535
9596,8815
9596,9965
9596,10123
9596,10283
9596,13335
9596,13608
9596,13979
9596,14411
9596,14670
9596,14843
9596,15631
9596,16365
9596,17018
9596,17998
9598,911
9598,3002
9598,3127
9598,3437
9598,3866
9598,5737
9598,11176
9598,16255
9598,16588
9598,16875
9598,21116
9598,23305
9598,23504
9598,24653
9599,1157
9599,1584
9599,4140
9599,4740
9599,6357
9599,7261
9599,8331
9599,15596
9599,15837
9599,15876
9599,18297
9599,18795
9599,20181
9599,20513
9599,21475
9600,136
9600,864
9600,2652
9600,7932
9600,8366
9600,11176
9600,12901
9600,13198
9600,13623
9600,13661
9600,21315
9600,23063
9601,3977
9601,22751
9602,795
9602,2250
9602,3092
9602,6787
9602,10129
9602,10215
9602,13176
9602,14727
9602,17897
9602,18437
9602,22253
9602,23039
9602,23537
9602,24619
9605,4469
9605,9498
9605,21220
9606,8033
9606,10231
9606,11667
9606,20414
9606,21461
9606,22252
9606,24757
9608,1159
9608,8399
9608,8475
9608,10881
9608,11128
9608,13992
9608,15532
9608,15685
9608,18187
9608,22101
9609,5496
9609,12900
9610,18865
9612,1
9612,3446
9612,8498
9612,10669
9612,11219
9612,11686
9612,19536
9613,12453
9613,15050
9613,17218
9614,1563
9614,13201
9614,18510
9615,2693
9615,8025
9615,11425
9615,14004
9616,9370
9616,24621
9616,24579
9617,1701
9617,12509
9618,1701
9618,3608
9618,12509
9621,455
9621,17061
9621,20281
9622,12505
9622,14035
9622,24342
9623,2128
9623,2296
9623,3376
9623,3530
9623,4929
9623,5830
9623,6938
9623,10096
9623,10540
9623,15838
9623,15917
9623,16715
9623,18467
9623,18828
9623,18914
9623,19115
9623,22818
9624,16219
9624,17769
9624,23698
9625,5533
9625,6224
9625,11860
9625,12674
9625,12760
9625,14564
9625,16145
9625,18337
9625,18615
9625,20414
9625,20518
9625,21863
9625,24768
9626,2595
9626,4405
9626,8849
9626,11176
9626,14231
9627,1419
9627,1976
9627,10313
9627,11414
9627,13176
9627,13384
9627,13403
9627,16029
9627,16588
9627,18069
9627,23497
9628,3995
9628,6474
9629,4197
9629,4469
9629,18545
9630,21339
9631,20722
9631,20995
9632,7751
9632,11307
9633,8899
9633,19682
9634,17766
9634,23435
9634,24388
9635,23435
9636,5885
9636,5917
9636,6843
9636,7907
9636,10010
9636,14487
9636,15188
9636,15273
9636,16771
9636,18515
9636,18756
9636,19667
9636,20213
9636,20972
9636,22633
9636,23614
9639,525
9639,4510
9639,6176
9639,7153
9639,8207
9639,10130
9639,10923
9639,10943
9639,11788
9639,13497
9639,16773
9639,19994
9639,22050
9639,22499
9639,22818
9640,313
9640,8580
9640,10854
9640,11769
9640,13196
9640,14836
9640,15930
9640,16631
9640,18817
9640,19665
9642,14049
9642,23039
9643,3865
9643,11441
9643,13028
9643,13550
9645,3795
9645,8005
9645,10006
9645,11642
9645,12667
9645,13514
9645,18230
9645,24647
9645,24753
9645,24793
9647,10172
9647,22957
9647,24234
9648,1123
9648,2140
9648,4460
9648,6110
9648,10303
9649,1492
9649,6744
9649,9019
9649,9741
9649,11939
9649,13042
9649,13765
9649,19649
9649,22367
9649,23202
9650,93
9650,991
9650,1821
9650,3033
9650,3448
9650,3935
9650,11380
9650,16863
9650,20502
9650,21611
9651,9278
9651,10315
9652,356
9652,1212
9652,1892
9652,3753
9652,3892
9652,4299
9652,4842
9652,10704
9652,12091
9652,12325
9652,14759
9652,15386
9652,17872
9652,18998
9652,21035
9653,5909
9653,10082
9654,444
9655,3653
9655,6737
9655,6958
9656,3208
9656,16672
9657,1408
9657,2870
9657,2994
9657,3295
9657,3508
9657,7345
9657,8670
9657,17009
9657,22517
9657,23421
9658,7448
9658,10569
9658,18416
9658,20858
9660,7503
9660,9937
9660,19456
9661,2727
9661,5409
9661,6751
9661,6838
9661,7750
9661,12281
9661,15576
9661,16021
9661,18357
9661,19499
9661,21033
9661,21431
9662,1997
9662,9653
9662,18348
9662,23209
9662,24458
9663,6477
9663,9653
9663,11554
9663,19265
9663,19680
9663,22855
9663,23827
9663,24458
9664,4895
9664,9417
9664,11071
9664,18069
9664,22133
9666,976
9666,5109
9666,5142
9666,5502
9666,7502
9666,10035
9666,10360
9666,20160
9666,23297
9666,23373
9667,853
9667,11686
9667,15037
9668,3453
9668,12991
9668,19558
9669,8392
9669,17115
9669,17598
9669,20429
9671,4141
9671,11420
9671,16267
9671,18882
9671,21104
9673,1674
9673,5860
9673,9382
9674,5856
9674,9712
9674,11333
9674,12057
9674,22044
9676,18801
9676,24244
9677,3584
9677,3609
9677,4195
9677,7235
9677,7249
9677,9610
9677,11498
9677,12053
9677,14313
9677,15832
9677,20023
9677,21102
9677,21329
9677,22348
9677,22524
9678,434
9678,3347
9678,4894
9679,585
9679,627
9679,983
9679,2605
9679,4350
9679,4367
9679,8773
9679,8970
9679,16773
9679,16997
9681,852
9681,7018
9681,7598
9681,8416
9681,10406
9681,10447
9681,10643
9681,13381
9681,13517
9681,16978
9681,17210
9681,20788
9681,21241
9681,23170
9682,12968
9682,13513
9682,14464
9682,18470
9682,20085
9683,911
9683,1811
9683,5329
9683,11059
9683,12299
9683,21627
9683,23232
9684,3414
9684,8354
9684,13169
9685,158
9685,1730
9685,2614
9685,4999
9685,7617
9685,8894
9685,11010
9685,11815
9685,11904
9685,14583
9685,16255
9685,16290
9685,16671
9685,21000
9685,22842
9685,23883
9686,232
9686,1103
9686,2489
9686,9017
9686,9858
9686,10483
9686,12791
9686,15313
9686,17311
9686,21882
9689,20901
9689,21112
9693,5675
9694,6390
9694,7915
9694,14323
9694,23306
9694,24230
9697,1132
9697,2849
9697,2954
9697,5434
9697,5752
9697,6067
9697,7085
9697,8374
9697,9619
9697,9913
9697,10041
9697,10161
9697,12365
9697,16144
9697,16314
9697,17650
9697,18296
9697,19697
9697,19923
9697,21484
9698,3129
9698,3928
9698,6189
9698,8763
9698,10305
9698,13950
9698,14507
9698,22724
9698,22905
9698,23147
9701,3271
9701,15947
9701,17635
9702,5750
9702,17635
9702,21798
9702,21875
9703,3271
9703,11865
9703,13014
9704,6546
9704,9434
9704,11191
9704,16325
9704,20858
9704,23312
9707,1800
9707,4688
9707,4908
9708,2048
9708,7948
9708,9381
9708,10116
9708,13374
9708,15586
9708,16248
9708,18874
9708,19101
9708,19523
9708,20106
9708,20910
9709,4178
9709,13661
9709,23921
9710,2454
9710,3803
9710,19867
9710,22601
9711,9453
9711,24750
9713,13327
9713,13440
9713,20527
9714,7721
9714,20085
9715,13167
9715,24727
9716,36
9716,3175
9716,6027
9716,6325
9716,7039
9716,10701
9716,13066
9716,14053
9716,17141
9716,20765
9716,20844
9718,12180
9718,19544
9719,857
9719,3515
9719,14877
9719,21878
9719,22436
9719,22514
9720,1661
9720,12175
9720,13087
9721,6147
9722,3626
9722,14255
9722,17189
9724,5763
9724,8899
9724,20214
9724,21224
9725,8354
9725,8910
9726,10943
9726,12006
9726,21587
9727,9605
9727,10424
9727,21530
9729,5229
9729,13736
9729,16863
9730,4655
9730,6617
9730,20493
9730,21339
9733,7
9733,1190
9733,8355
9733,11553
9733,13361
9734,9817
9734,15613
9734,15813
9735,6183
9735,8649
9735,16029
9735,18704
9737,5617
9737,24042
9738,800
9738,6947
9738,8518
9738,23742
9738,23746
9739,896
9739,1459
9739,14744
9739,14866
9739,15962
9739,18563
9739,22042
9739,22847
9741,23729
9742,691
9742,6550
9742,7341
9742,7571
9742,10905
9742,11998
9742,15246
9742,16845
9742,17050
9745,5834
9745,6999
9745,7368
9745,22048
9745,23122
9745,24163
9746,15977
9746,23122
9747,4405
9747,6040
9747,11224
9747,17220
9747,21542
9748,14053
9748,19183
9748,19197
9750,25
9750,1645
9750,2762
9750,5633
9750,10649
9750,15221
9750,15824
9750,16786
9750,20582
9750,22209
9751,4193
9751,8214
9751,17195
9752,6793
9752,20165
9753,6617
9756,8865
9756,9554
9756,9392
9757,4201
9757,4688
9757,11525
9757,12854
9757,12895
9757,16224
9757,17708
9757,20598
9757,20645
9757,21856
9758,2568
9758,10701
9758,14752
9759,9371
9759,16094
9759,17241
9759,17572
9760,13301
9760,16241
9760,17635
9761,1730
9761,2890
9761,3273
9761,4999
9761,6942
9761,8650
9761,11923
9761,15520
9761,16901
9761,21043
9765,2847
9765,4011
9765,5919
9765,6202
9765,12367
9765,15276
9765,18992
9765,19949
9765,20428
9766,16886
9767,9280
9767,19783
9768,365
9768,4015
9768,4315
9768,11125
9768,12191
9768,13087
9768,13111
9768,20918
9768,21095
9768,22556
9768,24510
9770,1130
9770,1704
9770,4895
9770,5937
9770,6360
9770,6697
9770,7919
9770,9866
9770,10935
9770,12543
9770,15253
9770,18823
9770,19954
9770,21967
9770,23383
9771,18593
9771,19896
9771,21948
9772,5229
9772,10996
9772,19399
9773,7064
9773,7384
9773,13428
9773,13914
9773,14837
9774,503
9774,3029
9774,5336
9774,7064
9774,7384
9774,8265
9774,9076
9774,9124
9774,11037
9774,13428
9774,13860
9774,13914
9774,17977
9774,18786
9774,19033
9774,23097
9775,204
9775,597
9775,2638
9775,8722
9775,11961
9775,13045
9775,13737
9775,18786
9775,18829
9775,22879
9777,3667
9777,6107
9777,9461
9779,3209
9779,7606
9779,17010
9781,269
9781,367
9781,3281
9781,4156
9781,7333
9781,10054
9781,18486
9781,18941
9781,20456
9781,22474
9781,22983
9781,23347
9781,23794
9782,1181
9782,3351
9782,24205
9783,1190
9783,4396
9783,5849
9783,6677
9783,10089
9783,10890
9783,11571
9783,12728
9783,14970
9783,15239
9783,17165
9783,18245
9783,20080
9783,23905
9784,712
9784,4608
9784,9598
9785,4949
9785,9569
9785,14812
9785,21307
9785,21576
9788,7576
9788,13513
9788,13539
9788,16710
9789,1672
9790,9275
9790,11729
9790,24271
9792,16711
9794,1206
9794,8221
9794,16441
9794,18330
9794,19503
9794,20914
9794,23154
9795,13746
9795,23122
9797,8078
9797,8093
9797,8812
9797,18880
9797,19488
9798,5138
9798,5795
9798,6539
9798,11746
9798,14106
9798,16863
9798,16875
9798,17404
9798,17992
9798,18095
9798,18330
9798,19959
9798,20839
9798,22360
9799,12367
9799,12505
9799,13468
9801,452
9801,2998
9801,5366
9801,5548
9801,7480
9801,10066
9801,10595
9801,10779
9801,12728
9801,14606
9801,15275
9801,17089
9801,20638
9801,20771
9801,22338
9803,1493
9803,12664
9803,21275
9804,2531
9804,3234
9804,14121
9804,14544
9804,18416
9805,3518
9805,4787
9805,12402
9805,12913
9805,13110
9805,18407
9805,20326
9805,21341
9805,23695
9805,24344
9806,10432
9806,15114
9807,5302
9807,9023
9807,9156
9807,12528
9807,17596
9807,24466
9808,16482
9808,20166
9808,20281
9811,778
9811,1090
9811,1104
9811,2954
9812,778
9812,1090
9812,1104
9814,966
9814,3810
9814,5083
9814,6604
9814,10222
9814,11474
9814,12690
9814,11662
9814,18090
9814,18693
9814,19742
9814,20085
9814,20641
9814,24637
9817,12303
9817,12968
9817,19127
9818,2833
9818,13737
9818,15065
9820,12231
9821,3119
9821,7207
9821,9808
9821,9861
9821,15535
9821,15949
9821,16843
9821,18866
9821,20194
9822,10715
9825,5081
9825,7317
9825,7410
9825,10532
9825,11538
9825,12905
9825,13291
9825,15361
9825,16372
9825,20792
9826,3128
9826,4582
9826,8627
9826,22154
9827,10136
9827,15923
9828,9023
9828,12013
9828,13125
9829,9023
9829,10756
9829,13125
9829,17837
9830,4193
9830,4325
9830,5746
9830,9963
9830,10317
9830,10446
9830,11941
9830,16725
9830,16900
9830,19716
9830,20438
9830,21788
9830,23233
9830,23729
9831,5417
9831,14869
9831,14921
9832,2366
9832,2433
9832,3932
9832,4376
9832,12819
9832,21903
9832,21999
9832,23151
9832,23574
9832,23965
9833,1389
9833,11155
9833,12663
9834,3956
9834,10450
9834,20166
9835,9818
9835,17408
9835,18455
9838,3967
9838,4594
9838,8106
9838,10331
9838,10364
9838,13908
9838,16147
9838,17513
9838,20641
9838,21796
9839,1192
9839,3960
9839,4841
9839,6705
9839,8482
9839,11930
9839,12492
9839,16330
9839,17249
9839,19924
9839,21196
9839,22092
9839,23162
9841,1666
9841,3273
9841,7004
9841,8269
9841,9829
9841,10015
9841,11841
9841,16010
9841,20228
9841,20460
9843,14056
9843,17619
9845,803
9845,10712
9845,17363
9845,18037
9846,256
9846,638
9846,914
9846,1819
9846,2283
9846,3425
9846,11689
9846,19017
9846,19127
9846,19636
9846,22988
9846,23196
9846,23945
9848,866
9848,4681
9848,7684
9848,8035
9848,9036
9848,9459
9848,10044
9848,10237
9848,10416
9848,10536
9848,10753
9848,17838
9848,19916
9848,23113
9848,23275
9848,23482
9849,866
9849,1074
9849,1984
9849,2443
9849,4151
9849,8228
9849,9121
9849,9459
9849,10044
9849,10324
9849,10416
9849,10753
9849,11497
9849,18379
9849,19916
9849,23113
9849,23482
9850,2098
9850,3387
9850,3733
9850,8290
9851,637
9851,2540
9851,2714
9851,4465
9851,5997
9851,7874
9851,8067
9851,8608
9851,9105
9851,10526
9851,17094
9851,17828
9851,17989
9851,18786
9851,20415
9851,20631
9851,22294
9851,23453
9851,24152
9853,18605
9853,20109
9853,23036
9854,1303
9854,3002
9854,3352
9854,10997
9854,13835
9854,16015
9854,17150
9854,21472
9855,5919
9855,8085
9855,21074
9856,8168
9856,20972
9856,21220
9857,1889
9857,2326
9857,2829
9857,3861
9857,4737
9857,10022
9857,11313
9857,11343
9857,13169
9857,14795
9857,16026
9857,16153
9857,17457
9857,19780
9857,20306
9857,21917
9857,23143
9857,23317
9857,23835
9858,1872
9858,2829
9858,4737
9858,20306
9858,23317
9859,3861
9859,4737
9859,10916
9859,20306
9861,2224
9861,2965
9861,5809
9861,6608
9861,8072
9861,8556
9861,9179
9861,9917
9861,12661
9861,12672
9861,12974
9861,13392
9861,14764
9861,17127
9861,24832
9861,20875
9861,23941
9862,4736
9862,5886
9862,11562
9864,4632
9864,4711
9864,5413
9864,6413
9864,6928
9864,6942
9864,14554
9864,15701
9864,15982
9864,21940
9864,22923
9867,279
9867,1419
9867,4137
9867,6576
9867,7064
9867,9433
9867,14275
9867,16901
9867,16945
9867,22598
9867,22848
9867,24165
9868,3240
9868,3283
9868,3766
9868,4399
9868,5037
9868,8355
9868,9094
9868,10291
9868,10348
9868,10897
9868,16885
9868,17948
9868,18741
9868,20142
9869,2884
9869,7663
9869,16633
9869,18441
9869,23637
9870,376
9870,1780
9870,4642
9870,8164
9870,8575
9870,13176
9870,13237
9870,13706
9870,13745
9870,18510
9870,18712
9870,22353
9870,23653
9870,23988
9870,24664
9871,4405
9871,5660
9871,6944
9871,7214
9871,11157
9871,13440
9871,13572
9871,14048
9871,14794
9871,16530
9871,20481
9871,21262
9871,21903
9871,23185
9871,23837
9872,458
9872,11080
9872,16672
9872,23113
9873,3019
9873,18704
9873,19069
9874,6649
9874,18994
9874,21367
9875,2769
9875,16219
9875,18069
9877,10310
9877,17455
9877,21705
9878,1106
9878,4294
9878,10499
9882,662
9882,940
9882,4699
9882,7158
9882,8355
9882,10339
9882,15692
9882,18569
9882,23225
9882,24208
9883,8347
9883,14688
9883,21280
9884,2400
9884,4529
9884,5262
9884,7230
9884,8150
9884,14192
9884,14206
9884,14400
9884,15947
9884,19352
9884,22446
9887,846
9887,1053
9887,5478
9887,5742
9887,6617
9887,7909
9887,8087
9887,9633
9887,10188
9887,10573
9887,10995
9887,11476
9887,11571
9887,11670
9887,11796
9887,12146
9887,12334
9887,12839
9888,2570
9888,17402
9891,1839
9891,5271
9891,6946
9891,7359
9891,8055
9891,8311
9891,13857
9891,14181
9891,14897
9891,15434
9891,19218
9891,19908
9891,19964
9894,1249
9894,1495
9894,1748
9894,2198
9894,3669
9894,3982
9894,4118
9894,7699
9894,8332
9894,10216
9894,11756
9894,12067
9894,13133
9894,13365
9894,16201
9894,16277
9894,17225
9894,24437
9895,670
9895,4347
9895,4699
9895,5326
9895,5877
9895,6953
9895,8109
9895,8556
9895,9746
9895,11037
9895,11211
9895,12677
9895,13231
9895,18367
9895,24646
9896,3154
9896,3410
9896,3948
9896,4411
9896,6675
9896,9043
9896,10601
9896,22422
9896,23458
9896,24258
9897,1427
9897,2482
9897,6554
9897,9533
9897,13522
9897,15960
9897,16607
9897,16821
9897,18468
9897,20707
9898,8837
9898,9740
9898,13107
9898,23065
9898,24843
9900,3636
9900,4524
9900,23039
9903,10619
9903,10874
9903,10972
9903,18774
9905,8384
9905,19248
9909,6152
9909,11837
9911,4239
9911,4939
9911,6983
9911,7047
9911,7932
9911,9805
9911,9831
9911,10675
9911,11730
9911,14018
9911,14035
9912,6610
9912,7271
9912,16219
9913,4324
9913,10304
9913,10375
9913,16045
9915,11189
9915,11486
9915,22225
9915,24247
9916,6454
9919,1691
9919,10822
9920,13
9920,3033
9920,3214
9920,3301
9920,4250
9920,4273
9920,4704
9920,4808
9920,7101
9920,8410
9920,12102
9920,13933
9920,18233
9920,19975
9920,21666
9921,5121
9921,24828
9921,9695
9921,15946
9921,18400
9921,19043
9921,19968
9921,22682
9921,24805
9921,24806
9922,6365
9922,7766
9922,9278
9922,20626
9923,18880
9923,24319
9925,1264
9925,2570
9925,3327
9925,4631
9925,5445
9925,13569
9925,14534
9925,16314
9925,16333
9925,19412
9925,19866
9925,20414
9925,21959
9925,23637
9927,3974
9927,4277
9927,23305
9928,1376
9928,11189
9928,12006
9929,6351
9929,12068
9929,16218
9929,19424
9929,22800
9930,6715
9930,7766
9932,18469
9932,18875
9932,19074
9933,406
9933,8958
9933,9625
9933,9853
9933,9940
9933,13879
9933,13880
9933,16082
9933,17054
9933,21675
9933,22529
9933,24572
9934,13922
9934,14769
9934,15305
9934,17885
9934,17886
9934,17887
9934,23509
9936,2477
9936,6622
9936,10557
9936,12573
9936,23386
9938,14738
9938,16238
9938,19681
9939,4360
9939,10517
9939,10996
9939,13978
9939,21311
9939,21942
9939,24232
9943,1253
9943,5546
9943,9756
9943,11905
9943,12837
9943,13459
9943,16801
9943,18661
9943,20086
9943,20891
9944,11328
9945,18684
9946,351
9946,4999
9946,8012
9946,8568
9946,21116
9946,24178
9947,8899
9947,24420
9949,7333
9949,19477
9949,20414
9950,2824
9950,21098
9951,841
9951,2231
9951,2833
9951,11874
9952,3453
9952,4571
9952,5673
9952,7242
9952,8487
9952,9226
9952,11630
9952,12913
9952,16727
9952,19784
9952,21822
9954,1807
9954,2975
9954,6163
9954,7625
9954,9821
9954,11761
9954,13070
9954,14696
9954,21594
9954,22030
9954,23640
9954,24164
9955,2777
9955,4414
9955,6802
9955,7358
9955,7772
9955,8298
9955,8625
9955,9963
9955,10608
9955,13209
9955,13533
9955,16034
9955,16539
9955,17090
9955,20502
9955,20698
9955,20895
9955,21451
9958,1535
9958,11860
9958,18801
9959,2570
9959,11904
9959,19722
9960,1982
9960,10824
9961,7076
9961,24740
9963,627
9963,3209
9963,3317
9963,4996
9963,6152
9963,7939
9963,9153
9963,17142
9963,19559
9963,21326
9964,592
9964,2537
9964,3450
9964,7683
9964,7740
9964,8191
9964,8614
9964,10133
9964,14991
9964,15588
9964,16114
9964,18022
9964,18170
9964,19252
9964,23985
9966,10683
9966,16204
9966,19394
9967,1269
9967,6695
9967,8199
9967,14286
9967,14725
9967,19506
9967,19681
9967,22778
9968,283
9968,5014
9968,23354
9969,4364
9969,7707
9969,9583
9971,3105
9971,11194
9971,21328
9973,670
9973,858
9973,2631
9973,3571
9973,6715
9973,8012
9973,9957
9973,11093
9973,11667
9973,11698
9973,12134
9973,12562
9973,13266
9973,15833
9973,16771
9973,20777
9976,702
9976,8826
9976,20468
9976,24417
9977,658
9977,882
9977,3338
9977,4871
9977,6944
9977,8688
9977,10990
9977,11591
9977,12644
9977,15309
9977,17160
9977,17687
9977,18215
9977,22354
9977,23020
9980,4726
9980,4993
9980,12633
9980,12828
9980,15908
9980,19728
9980,19935
9980,20095
9980,22272
9980,23182
9981,4726
9981,15908
9981,20095
9981,20525
9981,22272
9982,4726
9982,12633
9982,13383
9982,13853
9982,15552
9982,15908
9982,19728
9982,20095
9982,22272
9982,23182
9982,23281
9983,10795
9983,16926
9983,17002
9983,17372
9984,2605
9984,17203
9985,3352
9985,14978
9985,16671
9985,19078
9986,2156
9986,3005
9986,3580
9986,4325
9986,4396
9986,4998
9986,6536
9986,7626
9986,9960
9986,10181
9986,11840
9986,12238
9986,16529
9986,16632
9986,16991
9986,20516
9986,21651
9988,10613
9990,448
9990,3950
9990,4485
9990,4861
9990,7520
9990,10068
9990,12563
9990,14128
9990,14988
9990,15401
9990,20351
9991,15847
9991,22957
9995,7421
9995,12682
9995,17046
9996,2441
9996,3422
9996,5596
9996,6130
9996,7848
9996,11592
9996,12838
9996,13537
9996,15176
9996,15796
9996,17895
9997,10069
9997,10651
9997,11007
9998,5751
9998,9750
9998,21766
9999,3231
9999,3968
9999,5298
9999,7279
9999,13173
9999,14856
9999,17118
9999,21156
9999,21456
9999,23540
10000,5229
10000,13736
10000,20214
10000,22808
10001,13736
10001,20214
10001,22808
10002,13736
10002,20214
10002,22808
10003,13736
10003,20214
10003,22808
10005,13623
10005,18545
10005,23921
10006,122
10006,1800
10006,5097
10006,7679
10006,7756
10006,11998
10006,12342
10006,12343
10006,14674
10006,15003
10006,16078
10006,16261
10006,18599
10006,19826
10006,21754
10006,23022
10006,24107
10007,8470
10007,13014
10008,102
10008,6580
10008,10343
10009,828
10009,14729
10009,19078
10010,1716
10010,3950
10010,18168
10012,3626
10012,8290
10012,18338
10013,1374
10013,13811
10013,15809
10015,46
10015,396
10015,11225
10015,11892
10015,14564
10015,19995
10015,20114
10015,20995
10015,23304
10015,23954
10015,23996
10015,24081
10016,2500
10016,2865
10016,3892
10016,4007
10016,4541
10016,5088
10016,5523
10016,6348
10016,6613
10016,8619
10016,10532
10016,10905
10016,13070
10016,13508
10016,15698
10016,24290
10017,1994
10017,6973
10017,7171
10018,6436
10018,13468
10018,20688
10019,1293
10019,5193
10019,5348
10019,6606
10019,7413
10019,7614
10019,8257
10019,13697
10019,14359
10019,16556
10019,17251
10019,17720
10019,20114
10019,23399
10019,23537
10019,23649
10021,238
10021,2598
10021,4464
10021,12685
10021,14875
10021,17566
10021,18449
10021,18455
10021,19275
10021,24607
10022,6466
10022,7469
10025,1335
10025,2725
10025,6732
10025,7811
10025,11264
10025,13344
10025,18543
10025,20655
10025,21843
10027,401
10027,1066
10027,1748
10027,3470
10027,8270
10027,8359
10027,8684
10027,10184
10027,10978
10027,12503
10027,12539
10027,13428
10027,13574
10027,13754
10027,15216
10027,18067
10028,885
10028,7422
10028,7611
10028,11430
10028,13370
10028,13411
10029,11757
10030,869
10030,5374
10030,8213
10031,4966
10031,7253
10031,8287
10031,8470
10031,11834
10031,13281
10031,24832
10031,19117
10031,20305
10031,22589
10032,1985
10032,2953
10032,7039
10032,10550
10032,13835
10032,14738
10032,15534
10032,16713
10032,16974
10032,17769
10032,23128
10032,24409
10033,157
10033,3167
10033,3432
10033,4270
10033,8227
10033,8795
10033,9729
10033,10224
10033,15364
10033,15757
10033,17323
10033,21763
10034,6365
10034,6561
10034,16834
10034,18422
10034,19040
10035,22562
10035,23971
10036,942
10036,1196
10036,2448
10036,5529
10036,6543
10036,10088
10036,11664
10036,11842
10036,11942
10036,12001
10036,13886
10036,14824
10036,16052
10036,16294
10036,16583
10036,22255
10038,5654
10038,6603
10038,6810
10038,8072
10038,9357
10038,14194
10038,14339
10038,15108
10038,15363
10038,16561
10038,17438
10038,17784
10038,20424
10038,22058
10039,302
10039,3490
10039,11474
10039,12391
10039,21766
10039,24274
10040,7558
10040,8932
10040,18347
10040,21387
10040,22442
10040,24462
10041,5086
10041,8724
10041,10184
10041,12059
10041,12296
10041,13577
10041,15023
10041,15862
10041,16025
10041,19695
10041,19732
10042,12183
10042,13623
10043,13772
10043,16151
10043,24677
10044,68
10044,1775
10044,1800
10044,2941
10044,4411
10044,5861
10044,6351
10044,6707
10044,10960
10044,14815
10044,19923
10044,20696
10044,21601
10045,18323
10046,6005
10046,6691
10046,13045
10046,18420
10046,19111
10047,5357
10047,8933
10047,19959
10048,4642
10048,5425
10048,9331
10049,247
10049,1644
10049,8341
10049,10067
10049,20722
10051,4070
10051,19477
10051,20890
10052,2600
10052,3565
10052,3579
10052,5412
10052,7208
10052,12616
10052,13006
10052,15225
10052,17719
10052,18207
10052,21084
10052,22555
10053,2605
10053,12201
10053,18441
10054,4128
10054,19151
10054,24608
10055,11046
10055,12586
10058,13818
10058,20643
10059,4197
10059,12134
10060,13751
10060,14090
10060,24342
10062,54
10062,11670
10062,13912
10063,4678
10063,8840
10063,9093
10063,9452
10063,10099
10063,11399
10063,11407
10063,15377
10063,17085
10063,24487
10065,1817
10065,2122
10065,4553
10065,6748
10065,12054
10065,12172
10065,16367
10065,16459
10065,17912
10065,24439
10067,4235
10067,4655
10067,4896
10067,6587
10067,7541
10067,9244
10067,9787
10067,10525
10067,12580
10067,14054
10067,16494
10067,18319
10067,20119
10067,20165
10067,22597
10067,23698
10067,23835
10069,1078
10069,5506
10069,15373
10070,389
10070,9781
10070,19379
10071,404
10071,1996
10071,2089
10071,2607
10071,5728
10071,6167
10071,6206
10071,8659
10071,11487
10071,16002
10071,17153
10071,17783
10071,18480
10071,19423
10071,20610
10071,21883
10071,21962
10071,22544
10071,22909
10073,6567
10074,2638
10074,2884
10074,11931
10074,23950
10075,10415
10075,13169
10075,15732
10076,9797
10076,10188
10076,18373
10076,20628
10077,618
10078,159
10078,803
10078,1111
10078,5873
10078,7028
10078,9429
10078,11232
10078,11734
10078,14772
10078,15575
10078,19094
10078,20493
10078,22844
10080,2860
10080,2976
10080,3728
10080,6458
10080,11482
10080,12647
10080,13068
10080,17376
10080,20445
10080,21113
10080,21627
10080,23382
10082,4894
10082,6684
10083,431
10083,2570
10083,2604
10083,3171
10083,3595
10083,4117
10083,4343
10083,4538
10083,4550
10083,5192
10083,7126
10083,7815
10083,8672
10083,9212
10083,9742
10083,10397
10083,10550
10083,10762
10085,7556
10085,9544
10085,21446
10086,855
10086,2623
10086,6510
10086,7796
10086,19035
10086,20937
10087,2662
10087,20716
10088,960
10088,1049
10088,1674
10088,14437
10088,16383
10088,20098
10088,20899
10088,22271
10088,23406
10092,9461
10092,16672
10092,17931
10092,18037
10094,6047
10094,6183
10094,10009
10095,6202
10095,9099
10095,11351
10095,16470
10095,18177
10095,19504
10095,21752
10096,1145
10096,5200
10096,9777
10096,12003
10096,12878
10096,18193
10096,18334
10096,18575
10096,20452
10096,23684
10097,11006
10097,16241
10098,12180
10098,12782
10098,13428
10102,203
10102,965
10102,4313
10102,4417
10102,6079
10102,8478
10102,10229
10102,11321
10102,11565
10102,13084
10102,15113
10102,16305
10102,16501
10102,18699
10102,19457
10102,20114
10102,20364
10104,3960
10104,6991
10104,12191
10104,21118
10104,21328
10105,2201
10105,5374
10105,10824
10105,18039
10105,20768
10106,7581
10106,15065
10106,21454
10108,17363
10108,19488
10108,23794
10109,336
10109,1355
10109,1874
10109,3985
10109,5107
10109,5668
10109,8417
10109,9890
10109,20307
10109,20764
10109,24050
10110,17723
10110,19558
10110,23794
10111,124
10111,4672
10111,14846
10111,15423
10111,18363
10111,18459
10111,19558
10111,19623
10111,21414
10111,24642
10113,4488
10113,7465
10113,14332
10114,58
10114,101
10114,224
10114,1777
10114,2088
10114,9164
10114,12797
10114,14747
10114,15292
10114,15293
10114,17585
10114,18644
10114,19016
10114,19369
10114,19547
10114,19566
10114,20990
10114,20757
10115,3446
10115,16251
10116,1049
10116,3446
10116,16251
10116,17715
10119,7047
10119,14244
10119,18037
10120,5374
10120,12563
10121,925
10121,1752
10121,3819
10121,4510
10121,6998
10121,8649
10121,9151
10121,11998
10121,12872
10121,16325
10121,16654
10121,17420
10121,23626
10122,6705
10122,10294
10122,13513
10124,7708
10124,8334
10124,12398
10124,14449
10124,15076
10124,16473
10124,19791
10124,24488
10124,24520
10124,24718
10127,416
10127,2694
10127,6372
10127,9228
10127,12727
10127,13787
10127,17469
10127,24835
10127,24836
10127,20041
10127,21430
10127,22695
10128,7874
10128,23134
10130,589
10130,3064
10130,3277
10130,9870
10130,10514
10130,13709
10130,15977
10130,16383
10130,19726
10130,20030
10130,20291
10130,21456
10130,21517
10130,22914
10130,24218
10131,2162
10131,3572
10131,6640
10131,12429
10131,15936
10131,15966
10131,17142
10133,4696
10133,14431
10133,18603
10135,7262
10135,20098
10135,20899
10136,6930
10136,12365
10136,23190
10137,1914
10137,9176
10137,12486
10137,12957
10137,19559
10138,1551
10138,1628
10138,1701
10138,3266
10138,4107
10138,4417
10138,4868
10138,7547
10138,7561
10138,10185
10138,11918
10138,11991
10138,12158
10138,12162
10138,16411
10138,17219
10138,17418
10139,24270
10141,1025
10141,19539
10142,1741
10142,4310
10142,11233
10142,11328
10142,11389
10142,14033
10142,15904
10142,17879
10142,20045
10142,20176
10143,5096
10143,7524
10143,10778
10143,11892
10143,11898
10143,11931
10143,13835
10143,14323
10143,15557
10143,16241
10143,20118
10143,22060
10144,1800
10144,2662
10144,7168
10146,9498
10146,22736
10146,24238
10150,4688
10150,5444
10151,9277
10151,11071
10151,14210
10151,18320
10151,19226
10152,7520
10152,13751
10153,1154
10153,1620
10153,1809
10153,2588
10153,3319
10153,5978
10153,6264
10153,6471
10153,8071
10153,8290
10153,10839
10153,10997
10153,12505
10153,14707
10153,15615
10153,24352
10155,4214
10155,11763
10155,12768
10155,13955
10155,15250
10155,15750
10155,16387
10155,16704
10155,18242
10155,21478
10156,1179
10156,1703
10156,5724
10156,11697
10156,14595
10156,14635
10156,16013
10156,21019
10156,22777
10156,23866
10157,7559
10157,8940
10157,17174
10157,20793
10157,21389
10157,22415
10157,22443
10157,24544
10159,1730
10159,7581
10159,16436
10161,499
10161,15569
10161,20769
10161,20886
10163,13396
10163,13865
10163,17433
10164,3117
10164,6147
10164,18445
10164,24764
10165,3262
10165,4083
10165,4329
10165,5592
10165,13528
10165,23816
10167,4135
10167,7899
10167,9885
10167,12551
10167,15368
10167,15695
10167,16278
10167,17526
10167,18462
10167,24127
10169,8054
10169,8138
10169,9819
10169,12867
10169,16767
10169,17447
10169,18260
10169,18563
10169,19209
10169,20903
10169,21938
10169,23952
10169,24583
10171,1354
10171,3897
10171,4582
10171,5379
10171,9748
10171,10372
10171,12885
10171,13023
10171,14445
10171,21003
10171,23789
10172,15945
10172,17971
10172,20487
10172,21825
10173,1800
10174,3054
10174,8242
10174,8967
10174,9719
10174,17584
10174,18186
10174,21744
10174,21872
10174,23008
10176,7611
10176,15732
10176,17023
10177,2369
10177,2964
10177,8187
10177,10469
10177,11851
10177,12356
10177,13398
10177,19300
10177,19946
10177,24705
10178,3673
10178,4449
10178,5914
10178,8376
10178,10080
10178,11709
10178,14105
10178,14803
10178,17343
10178,17995
10178,20120
10178,21079
10178,23800
10179,2883
10179,5751
10179,8556
10180,4178
10180,11474
10180,15847
10181,5480
10181,8477
10181,16924
10182,2308
10182,3168
10182,3644
10182,5185
10182,11151
10182,14197
10182,14513
10182,15227
10182,16518
10182,17915
10182,24651
10182,24768
10183,4909
10183,17186
10183,21538
10184,519
10184,2355
10184,3874
10184,10029
10184,10669
10184,10972
10184,14238
10184,18418
10184,19848
10184,19871
10184,20217
10184,23406
10184,23637
10185,13736
10185,15575
10185,24274
10187,6565
10191,2794
10191,19984
10192,7054
10192,22919
10193,721
10193,2245
10193,9065
10193,9089
10193,9898
10193,16665
10193,18455
10193,19044
10193,22103
10193,23861
10194,169
10194,21052
10194,21297
10194,23979
10195,2016
10195,6221
10195,6833
10196,7168
10196,18801
10196,20611
10197,1202
10197,1310
10197,13895
10197,23415
10198,4574
10198,5926
10198,14916
10198,17525
10201,9186
10201,9531
10201,9992
10201,10019
10204,1283
10204,3654
10204,6829
10204,7049
10204,8814
10204,9312
10204,9730
10204,9733
10204,9795
10204,13999
10204,14989
10204,15915
10204,18349
10204,19071
10204,21774
10204,22098
10206,852
10206,1753
10206,3118
10206,3423
10206,6395
10206,11334
10206,12762
10206,13012
10206,14400
10206,18415
10206,23047
10206,24121
10207,2098
10207,3331
10207,5829
10207,13286
10207,15315
10207,15555
10207,18152
10207,19163
10207,21983
10207,23216
10207,23645
10208,2769
10208,4895
10208,9275
10213,904
10213,2422
10213,5623
10213,6818
10213,13128
10213,15304
10213,17314
10213,17315
10213,19338
10213,20827
10213,21463
10213,21466
10213,24732
10214,5392
10215,1385
10215,1828
10215,2190
10215,2382
10215,3519
10215,5239
10215,6303
10215,7149
10215,11166
10215,13147
10215,15857
10215,21086
10215,22553
10215,23076
10215,24699
10216,14322
10216,14599
10219,14065
10219,15439
10222,1181
10222,2833
10222,4635
10222,4865
10222,18880
10223,19725
10223,24276
10225,461
10225,1462
10225,2521
10225,5533
10225,6140
10225,8013
10225,9332
10225,11741
10225,12143
10225,13986
10225,18274
10225,18346
10225,18534
10225,19047
10225,19095
10225,19906
10225,22276
10226,3358
10226,5672
10226,6327
10226,13707
10226,16604
10227,455
10227,2884
10227,8773
10227,14197
10228,658
10228,1058
10228,7666
10228,10022
10228,10396
10228,10423
10228,12832
10228,16819
10228,17663
10228,19864
10230,915
10230,2662
10230,8986
10231,1158
10231,3600
10231,3636
10231,8649
10231,8791
10231,9440
10231,13055
10231,16160
10231,17039
10231,23748
10232,4341
10232,8207
10232,13428
10233,143
10233,8207
10233,8291
10233,11120
10233,13428
10233,13885
10233,16415
10233,16718
10233,19785
10233,20387
10233,22755
10233,22901
10233,24158
10234,302
10234,10337
10234,13539
10234,14440
10234,15575
10234,17127
10234,18445
10236,12809
10236,18347
10237,872
10237,1583
10237,4575
10237,4576
10237,4580
10237,5272
10237,7504
10237,8063
10237,9835
10237,10156
10237,14082
10237,14591
10237,14748
10237,21147
10237,24787
10238,7611
10238,9440
10238,18122
10239,11840
10240,3437
10240,13411
10241,21518
10241,23448
10245,1158
10245,3368
10245,3936
10245,4324
10245,8201
10245,8337
10245,8556
10245,10071
10245,11194
10245,15732
10245,16055
10245,16588
10245,17693
10245,19636
10245,19771
10245,20493
10245,20509
10246,4938
10246,19786
10248,13571
10248,13606
10248,16209
10249,503
10249,9773
10249,10681
10249,11761
10249,14362
10249,16288
10249,16446
10249,16530
10249,18880
10251,11417
10251,22207
10251,23060
10253,16763
10255,523
10255,11124
10255,15327
10255,16048
10255,21136
10255,21779
10255,21871
10255,22947
10255,22948
10255,23601
10257,1133
10257,1899
10257,18175
10257,20175
10257,22421
10258,1208
10258,7821
10258,9098
10258,12269
10258,13649
10258,15071
10258,15704
10258,16304
10258,24358
10258,24387
10259,1449
10259,1710
10259,3955
10259,4205
10259,4916
10259,4994
10259,24824
10259,8853
10259,16119
10259,18738
10260,5075
10260,5542
10260,7271
10260,10337
10260,10712
10260,11931
10260,16677
10260,17182
10260,18880
10260,21441
10261,158
10261,4951
10261,4999
10261,10508
10261,10619
10261,13045
10261,20503
10261,23185
10261,23197
10262,4412
10262,19771
10262,23306
10263,7626
10263,7939
10263,12361
10263,13379
10263,21328
10264,9691
10264,16937
10264,19337
10264,22545
10264,22704
10264,22763
10264,22908
10266,17983
10266,20901
10266,21328
10268,525
10269,2356
10269,2702
10270,1800
10270,4379
10270,17693
10270,23309
10271,1800
10271,2652
10271,3936
10271,4379
10271,4737
10271,9633
10271,10205
10271,10874
10271,12900
10271,15831
10271,20890
10271,22627
10271,22935
10271,23309
10272,244
10272,1800
10272,4379
10272,4608
10272,9633
10272,12929
10272,17693
10272,19681
10272,22133
10272,23309
10273,1860
10273,1914
10273,4228
10273,7963
10273,12750
10273,14104
10273,14204
10273,16342
10273,18340
10273,18416
10273,18889
10273,22147
10273,22541
10273,23025
10274,362
10274,1535
10274,3071
10274,7844
10274,10253
10274,10361
10274,11892
10274,14057
10274,14774
10274,16420
10274,17931
10274,23471
10274,23653
10276,12673
10276,15439
10278,68
10278,538
10278,3591
10278,4762
10278,5602
10278,7939
10278,10672
10278,11729
10278,13050
10278,13379
10278,14916
10278,19069
10278,20083
10278,20899
10278,20943
10278,24342
10278,24844
10279,3127
10279,4194
10279,10387
10279,10502
10279,12503
10279,13459
10279,19069
10279,19949
10279,22235
10279,24121
10281,3535
10281,14610
10282,276
10282,1409
10282,5826
10282,5920
10282,6722
10282,7604
10282,19487
10282,20227
10282,20410
10282,21270
10282,21285
10282,21787
10285,704
10285,1975
10285,3539
10289,20018
10289,21352
10291,14827
10291,23954
10293,3019
10293,10619
10293,16527
10293,16530
10293,16534
10293,18330
10293,19323
10293,21072
10293,21486
10293,23663
10294,1140
10294,2869
10294,4243
10294,8015
10294,11328
10294,11481
10294,12061
10294,13309
10294,15184
10294,17904
10296,2854
10299,610
10299,746
10299,1389
10299,2608
10299,2626
10299,2752
10299,3127
10299,11450
10299,11566
10299,11993
10299,12229
10299,12379
10299,16108
10299,17282
10299,18211
10299,19962
10299,20282
10299,23788
10300,5758
10300,6645
10302,10862
10302,11020
10302,11486
10304,4894
10305,9090
10305,9611
10305,12349
10305,17864
10305,18636
10305,20315
10305,22866
10306,2826
10306,4555
10306,4697
10306,7855
10306,9208
10306,9451
10306,10409
10306,11435
10306,13789
10306,15555
10306,19688
10306,23316
10306,23677
10306,24503
10308,8899
10308,9283
10308,19064
10309,7387
10309,11662
10309,23142
10309,24217
10309,24646
10310,96
10310,9614
10310,14174
10310,16468
10310,23484
10312,7917
10314,1271
10314,3538
10314,8961
10314,9828
10314,18692
10315,2269
10315,12879
10316,2643
10316,10943
10316,19949
10319,20844
10320,3675
10320,12916
10321,2883
10321,8470
10321,18899
10322,4
10322,355
10322,467
10322,950
10322,3577
10322,4308
10322,5075
10322,12479
10322,13183
10322,13833
10322,16183
10322,18051
10322,18509
10322,18861
10322,20581
10322,21036
10322,22560
10322,24099
10323,18995
10323,23149
10324,1504
10324,1589
10324,1737
10324,3711
10324,7472
10324,9651
10324,11390
10324,13108
10324,13813
10324,14188
10324,14263
10324,18510
10324,19875
10324,20339
10324,22912
10324,23204
10326,14275
10327,2735
10327,3024
10327,5177
10327,6714
10327,9502
10327,11873
10327,11942
10327,12617
10327,19918
10327,22475
10327,24152
10330,2856
10330,6576
10330,16163
10331,94
10331,320
10331,1272
10331,6424
10331,13925
10331,15425
10331,17511
10331,17744
10331,23075
10331,23967
10334,4367
10334,15144
10334,18767
10335,2704
10335,3542
10335,4320
10335,13929
10335,14574
10335,14639
10335,18195
10336,1368
10336,1622
10336,4504
10336,7149
10336,9521
10336,9876
10336,10530
10336,11680
10336,12041
10336,13929
10336,15204
10336,18195
10336,23555
10337,1622
10337,7149
10337,9433
10337,10530
10337,11309
10337,11680
10337,12045
10337,13929
10337,15204
10337,18195
10337,20532
10337,21150
10337,23555
10340,3111
10340,8426
10340,24111
10340,24291
10342,1399
10342,2599
10342,2709
10342,8924
10342,14301
10342,14567
10342,15468
10342,16219
10342,17677
10342,20957
10342,21097
10343,7076
10343,11155
10343,18998
10343,24338
10344,6073
10344,12246
10344,19611
10345,16588
10346,3873
10346,5344
10346,6448
10346,9010
10346,11463
10346,14444
10346,14518
10346,19748
10346,23754
10346,24738
10347,260
10347,2214
10347,16004
10347,17483
10347,20737
10347,21733
10347,23253
10349,236
10349,1434
10349,4965
10349,9958
10349,12071
10349,12819
10349,14444
10349,14917
10349,15231
10349,15361
10349,17676
10349,19413
10349,21611
10349,23200
10349,23433
10350,2570
10350,10701
10350,18373
10350,19477
10353,9447
10353,18984
10353,24581
10354,14654
10354,16817
10355,10379
10355,20977
10355,21555
10356,2801
10356,6685
10356,8072
10356,12579
10356,18252
10356,18779
10356,20481
10356,23102
10356,23169
10356,24033
10357,303
10357,3961
10357,4619
10357,10457
10357,12506
10357,15223
10357,16737
10357,16744
10357,16795
10357,18127
10357,18185
10357,19940
10357,21569
10357,22336
10357,23068
10357,24243
10360,2337
10360,23469
10360,24529
10361,13871
10361,22926
10361,24627
10364,427
10364,1784
10364,4931
10364,5074
10364,6167
10364,8364
10364,8859
10364,9143
10364,12785
10364,14037
10364,14518
10364,17168
10364,17931
10364,18619
10364,18745
10364,23636
10366,284
10366,2078
10366,3248
10366,3626
10366,4933
10366,8389
10366,8899
10366,10033
10366,10127
10366,10440
10366,11494
10366,14107
10366,14982
10366,15051
10366,15733
10366,16640
10366,19512
10366,22163
10366,23248
10367,1956
10367,11679
10367,19664
10368,402
10368,4324
10368,4900
10368,5371
10368,10552
10368,11116
10368,12038
10368,13286
10368,16834
10368,18612
10368,18778
10368,20099
10368,21956
10368,23258
10369,10259
10369,10476
10369,10484
10369,11206
10369,11386
10369,12858
10369,14138
10369,14252
10369,18986
10369,21443
10369,23590
10369,24173
10369,24840
10370,23333
10371,268
10371,761
10371,884
10371,1871
10371,2520
10371,2728
10371,4971
10371,5467
10371,6167
10371,6413
10371,7173
10371,8592
10371,9052
10371,9287
10371,10349
10371,13181
10371,13333
10371,13702
10373,11125
10373,21518
10374,577
10374,581
10374,587
10374,1632
10374,5098
10374,13850
10374,14790
10374,21935
10374,22125
10374,24244
10377,3387
10377,8398
10377,9499
10377,19526
10378,19132
10378,20999
10379,1508
10379,7717
10379,7927
10379,9393
10379,18510
10379,19129
10379,20182
10379,20624
10379,23408
10379,24115
10380,15062
10380,17671
10384,542
10384,1461
10384,1778
10384,1868
10384,6097
10384,7655
10384,8156
10384,15262
10384,16286
10384,16572
10385,15453
10385,18671
10386,2142
10386,6617
10386,12509
10387,4417
10387,8207
10387,13428
10387,20493
10389,9622
10389,15947
10389,17359
10390,3676
10390,10704
10390,12333
10391,9256
10391,10146
10393,3049
10393,3470
10393,4894
10395,255
10395,4471
10395,6354
10395,7667
10395,8440
10395,8829
10395,9029
10395,9352
10395,9779
10395,14021
10395,19540
10395,21337
10395,23679
10396,11363
10396,13728
10396,22420
10398,650
10398,3425
10398,4556
10398,5407
10398,6782
10398,8820
10398,13087
10398,15048
10398,18729
10400,3210
10400,11549
10400,17908
10400,21835
10401,7076
10401,12200
10401,20518
10401,21224
10402,979
10402,6807
10402,10262
10402,11458
10402,12766
10402,13719
10402,14470
10402,20170
10402,21531
10402,24200
10403,28
10403,19105
10403,22431
10405,2638
10405,3897
10405,6709
10406,6267
10406,24128
10407,23122
10407,23305
10408,973
10408,1749
10408,2782
10408,2947
10408,3061
10408,3504
10408,4529
10408,6449
10408,7495
10408,10726
10408,10873
10408,11436
10408,11488
10408,11810
10408,12058
10408,13169
10408,13176
10408,13734
10408,14144
10409,3892
10409,7912
10409,11436
10409,15479
10409,24036
10411,158
10411,16613
10412,769
10412,1467
10412,4218
10412,4339
10412,13759
10412,17996
10412,19457
10412,19719
10412,19809
10412,21181
10413,13440
10413,18934
10414,2662
10414,16710
10415,4767
10415,5968
10415,14179
10415,14648
10415,14805
10415,15041
10415,17252
10415,18477
10415,18924
10415,20517
10415,21231
10415,21392
10415,22072
10415,24264
10415,24295
10416,746
10416,2270
10416,3335
10416,5075
10416,6954
10416,10052
10416,12188
10416,13418
10416,18010
10416,20481
10416,23193
10416,23473
10418,2561
10418,4612
10418,5420
10418,6371
10418,6476
10418,8382
10418,8912
10418,8940
10418,11690
10418,12601
10418,17135
10418,17175
10418,19249
10418,19703
10418,24463
10419,6152
10419,7520
10420,1188
10420,2833
10420,3352
10420,4910
10421,6436
10421,8899
10423,10379
10423,20493
10423,23952
10424,7765
10424,13473
10425,4696
10425,11860
10425,17402
10425,19722
10426,12175
10426,16446
10426,21666
10427,10054
10427,13262
10427,15847
10427,18027
10427,19063
10427,22093
10428,12175
10428,20526
10428,21666
10428,23665
10429,12175
10429,16446
10429,21666
10430,1800
10430,9803
10430,11115
10430,12175
10430,14047
10430,14434
10430,15847
10430,15961
10430,21031
10430,22093
10431,1842
10431,2424
10431,7147
10431,8042
10431,8676
10431,14496
10431,16057
10431,16269
10431,18911
10431,21344
10433,582
10433,1093
10433,10683
10433,12978
10434,10683
10434,17705
10434,20199
10435,2605
10435,7196
10435,24342
10436,10320
10436,18732
10436,23427
10437,4178
10437,13396
10439,6765
10439,8180
10439,15976
10439,20027
10439,20456
10439,24089
10443,7268
10443,12134
10443,15977
10447,1526
10447,3750
10447,4370
10447,7695
10447,9171
10447,10530
10447,11594
10447,11984
10447,21350
10447,21578
10447,24642
10449,1763
10449,2936
10449,3760
10449,4358
10449,5614
10449,7040
10449,7194
10449,9271
10449,10048
10449,10167
10449,10638
10449,10889
10449,12235
10449,13093
10449,14035
10449,19871
10449,23206
10449,24146
10449,24293
10451,44
10451,1809
10451,3897
10451,4303
10451,4826
10451,8234
10451,12991
10451,18278
10451,24342
10452,265
10452,2570
10452,4154
10452,4238
10452,4550
10452,8257
10452,12329
10452,14858
10452,15200
10452,16651
10452,24812
10452,18545
10452,18973
10452,18974
10452,19859
10452,21595
10452,21619
10453,8100
10453,20085
10454,10337
10454,20598
10454,22004
10455,11080
10455,22272
10458,1644
10458,4638
10458,12663
10458,24779
10459,390
10459,1285
10459,1644
10459,1820
10459,4054
10459,4211
10459,7498
10459,7909
10459,8397
10459,8904
10459,10313
10459,10449
10459,12663
10459,12826
10459,13237
10459,13308
10459,13799
10459,16007
10460,7454
10460,14276
10461,8257
10461,10862
10461,18445
10462,960
10462,2132
10462,2229
10462,2559
10462,4171
10462,6736
10462,10855
10462,11334
10462,11621
10462,12742
10462,16291
10462,16408
10462,17073
10462,17133
10462,19710
10462,23996
10462,24650
10464,2638
10464,9999
10464,20166
10467,23557
10467,23961
10469,1154
10469,4827
10469,11724
10469,12663
10469,16237
10471,3105
10471,7333
10471,18521
10472,2668
10472,16974
10472,17761
10474,8948
10474,10862
10474,16163
10475,2194
10475,2583
10475,3253
10475,4154
10475,4710
10475,4782
10475,6670
10475,7485
10475,8412
10475,10109
10475,14844
10475,15887
10475,17287
10475,17931
10475,18524
10475,20628
10475,21315
10475,23063
10475,24080
10477,406
10477,1938
10477,9405
10477,9406
10477,13671
10477,19811
10477,19850
10477,20062
10477,22655
10477,22936
10478,7766
10478,10337
10478,11931
10480,5770
10480,6284
10480,11347
10480,22863
10480,23593
10480,24666
10482,3470
10482,6270
10482,9278
10482,14837
10482,16875
10484,960
10484,1049
10484,4758
10484,7765
10484,17342
10484,18089
10484,20899
10484,24271
10485,2884
10485,5751
10485,12505
10485,15270
10486,3437
10486,3936
10486,6147
10486,6942
10486,20220
10486,23461
10487,9878
10487,17441
10487,19348
10489,778
10489,11985
10489,21875
10489,24274
10490,481
10490,13112
10490,23651
10492,884
10492,3691
10492,4574
10492,5359
10492,6551
10492,9434
10492,10048
10492,11464
10492,12367
10492,13447
10492,16246
10492,23312
10492,24646
10494,2110
10494,3681
10494,4178
10494,4922
10494,5114
10494,6856
10494,6901
10494,7183
10494,8241
10494,13085
10494,14423
10494,15176
10494,15194
10494,15468
10494,15779
10494,16830
10494,19422
10496,2975
10496,6278
10496,8820
10496,10684
10496,11538
10496,19722
10497,23618
10498,16383
10498,18831
10498,20722
10498,20972
10499,12175
10499,16521
10499,18445
10500,9978
10500,19341
10501,2515
10501,9291
10501,9309
10501,15357
10504,2310
10504,22034
10505,8917
10505,8974
10505,12647
10505,16827
10506,4672
10506,6106
10508,4030
10508,7262
10508,20460
10509,1679
10509,4972
10509,11086
10509,11153
10509,24766
10511,5951
10511,24472
10513,2882
10513,13736
10513,20214
10514,2647
10514,9423
10514,13678
10514,14015
10514,14724
10514,18689
10514,22625
10514,24092
10514,24497
10514,24499
10518,1470
10518,2142
10518,20972
10519,8085
10519,8899
10520,17427
10520,24042
10521,445
10521,2501
10521,3966
10521,7685
10521,13962
10521,15721
10521,19284
10521,21805
10524,434
10524,16241
10524,19834
10527,8910
10527,11474
10527,23986
10529,6167
10529,13330
10529,14296
10530,1250
10530,11246
10530,17150
10530,21269
10531,1049
10531,20414
10532,2233
10532,2248
10532,2445
10532,5461
10532,7554
10532,9360
10532,12688
10532,15133
10532,15993
10532,17473
10532,22395
10532,22744
10532,24077
10533,1451
10533,2672
10533,13561
10533,13899
10533,14452
10533,16071
10533,15629
10533,16813
10533,23520
10535,2580
10535,12506
10535,20837
10536,885
10536,9497
10536,20995
10539,4039
10539,13062
10539,13997
10539,23109
10539,23653
10540,309
10540,689
10540,2095
10540,3013
10540,3917
10540,4061
10540,4694
10540,5044
10540,5753
10540,5872
10540,10936
10540,11582
10540,13489
10540,17103
10540,18694
10540,19406
10540,19818
10540,20388
10540,20754
10541,405
10541,3235
10541,3296
10541,5119
10541,5504
10541,10689
10541,10729
10541,10769
10541,13072
10541,13315
10541,15125
10541,17856
10541,19374
10541,19500
10541,22755
10541,22876
10541,23108
10542,1298
10542,3399
10542,3917
10542,4061
10542,6242
10542,7186
10542,9698
10542,10771
10542,14413
10542,17102
10542,18694
10542,22635
10542,23213
10542,23653
10542,24546
10543,3172
10543,7388
10543,12613
10543,13570
10543,13940
10543,23798
10544,1193
10544,4867
10544,17890
10544,23653
10544,24158
10544,24801
10545,6474
10545,12600
10547,1591
10547,4582
10547,16312
10547,16677
10547,18030
10547,18425
10547,19187
10547,19773
10547,20304
10547,23594
10548,17103
10549,2854
10549,9174
10549,16241
10553,2536
10553,2958
10553,4133
10553,7262
10553,8164
10553,9623
10553,10533
10553,13237
10553,14240
10553,17974
10553,19311
10553,24122
10554,2988
10554,3272
10556,3631
10556,17154
10558,2616
10558,5905
10558,8282
10558,15168
10558,15206
10558,19937
10558,20085
10558,20456
10558,20587
10558,22741
10560,6651
10560,8498
10560,19415
10560,23649
10561,3446
10561,20972
10562,6390
10562,7847
10562,8257
10562,10048
10562,10188
10562,15062
10562,17275
10563,824
10563,958
10563,1379
10563,2995
10563,3018
10563,5744
10563,5892
10563,6162
10563,8280
10563,8516
10563,10358
10563,14958
10563,15191
10563,15197
10563,16584
10563,20963
10563,23569
10563,23780
10568,2179
10568,4441
10568,5113
10568,6922
10568,7392
10568,7433
10568,10281
10568,9972
10568,12185
10568,13868
10568,14478
10568,14653
10568,15318
10568,16515
10568,17739
10568,17977
10568,19779
10568,21538
10568,22878
10569,460
10569,3582
10569,4880
10569,5639
10569,9041
10569,10519
10569,12391
10569,14746
10569,15550
10569,18801
10569,19105
10569,20296
10569,22001
10569,22235
10569,22320
10569,23486
10569,24067
10571,1692
10571,11539
10571,19277
10572,24813
10572,14334
10572,15013
10573,875
10573,2717
10573,5042
10573,5421
10573,8538
10573,9552
10573,11014
10573,13242
10573,14011
10573,15376
10573,16189
10573,16429
10573,16542
10573,16808
10573,18089
10573,20162
10573,21171
10574,5671
10574,11695
10574,20143
10575,203
10575,6103
10575,8934
10575,9630
10575,10115
10575,11947
10575,12425
10575,13214
10575,13422
10575,13915
10575,14450
10575,16590
10575,18192
10575,18614
10575,22414
10575,22450
10576,7767
10576,17467
10576,20107
10582,8354
10582,17402
10583,2421
10583,8679
10583,17313
10584,2094
10584,5940
10584,6632
10584,7677
10584,8280
10584,12372
10584,16213
10584,16906
10584,18290
10584,19797
10584,22927
10586,266
10586,7553
10586,12992
10587,3451
10587,4201
10588,11324
10590,953
10590,1389
10590,3605
10590,4370
10590,6033
10590,8724
10590,10850
10590,11061
10590,11223
10590,11365
10590,14052
10590,18741
10590,20045
10590,20051
10590,21746
10590,22431
10590,22555
10590,23460
10591,21220
10593,6658
10593,6699
10593,15128
10593,21375
10593,21769
10593,21772
10593,22120
10593,24840
10594,6270
10594,19615
10594,21002
10595,1719
10595,10551
10595,12480
10595,12886
10595,17760
10595,24737
10596,13241
10596,21587
10597,2254
10597,6124
10597,6703
10598,1154
10598,10656
10598,19069
10599,7355
10599,8924
10599,9215
10599,10472
10599,11619
10599,13485
10599,16742
10599,17812
10599,22611
10599,22732
10600,6183
10600,6214
10600,10440
10600,12191
10602,1060
10602,7859
10602,8869
10602,11212
10602,11716
10602,13736
10602,15376
10602,22598
10602,23952
10603,12947
10603,21280
10603,21488
10605,3120
10605,4103
10605,4814
10605,10331
10605,12947
10605,13963
10605,19040
10605,22983
10605,23226
10606,2847
10606,12947
10606,21280
10607,2847
10607,16865
10607,19874
10608,1712
10608,7306
10608,8042
10608,8662
10608,10122
10608,12270
10608,12426
10608,16057
10608,18911
10608,19522
10609,3868
10609,13596
10609,21530
10610,23988
10610,24185
10611,1281
10611,4865
10611,6998
10611,8225
10612,6270
10612,18458
10612,19949
10613,5649
10613,10375
10613,17971
10613,23351
10613,23950
10614,4608
10614,8341
10614,22884
10614,23794
10615,8378
10615,13014
10615,20493
10618,5051
10618,9254
10618,10131
10618,16217
10618,17022
10618,17436
10618,19841
10618,21639
10618,24286
10619,686
10619,1404
10619,2177
10619,2776
10619,3464
10619,4239
10619,4914
10619,4956
10619,6559
10619,13506
10619,19739
10619,20123
10619,21202
10619,22167
10620,1707
10620,2282
10620,3700
10620,6226
10620,8154
10620,11365
10620,14970
10620,16824
10620,20628
10620,22567
10621,1685
10621,3127
10621,3352
10621,7203
10621,8996
10621,11436
10621,12826
10621,15376
10621,15922
10621,16023
10621,20691
10621,20972
10621,22478
10623,17203
10623,22706
10624,5669
10624,14707
10626,6383
10626,10797
10626,21227
10628,6268
10628,10557
10628,14440
10630,6533
10631,2997
10631,11267
10631,17402
10632,237
10632,426
10632,2359
10632,3269
10632,11772
10632,14229
10632,15330
10632,16240
10632,16710
10632,18245
10632,18521
10632,19185
10632,23406
10632,23482
10634,891
10634,4082
10634,7052
10634,8532
10634,10233
10634,11729
10634,12179
10634,12205
10634,16527
10634,18842
10638,2131
10638,3424
10638,7043
10638,10574
10638,16289
10638,20234
10638,20260
10638,20263
10638,21094
10638,23203
10639,648
10639,2453
10639,3190
10639,6151
10639,8506
10639,8975
10639,12821
10639,16036
10639,19580
10639,22409
10641,3903
10641,4913
10641,10976
10641,11252
10641,12985
10641,14241
10641,18488
10641,18815
10641,20588
10641,20961
10642,385
10642,1172
10642,4722
10642,4914
10642,7450
10642,8525
10642,10740
10642,12233
10642,12609
10642,14066
10642,15102
10642,15449
10642,16187
10642,16806
10642,17503
10642,19321
10642,19638
10642,21129
10642,21945
10643,4412
10643,6152
10643,20493
10646,853
10646,2616
10646,2885
10646,5350
10646,10449
10646,10931
10646,10994
10646,11586
10646,12532
10646,13054
10646,14755
10646,21237
10647,3569
10647,7428
10647,10037
10647,11820
10647,13059
10647,13273
10647,15788
10647,17021
10647,17618
10647,20435
10648,4899
10648,6270
10648,12126
10649,6773
10649,11810
10649,12055
10650,7301
10650,10490
10650,19152
10653,1644
10653,8398
10653,23825
10655,70
10655,2653
10655,2776
10655,4623
10655,4803
10655,9125
10655,13347
10655,14562
10655,14739
10655,15391
10655,16506
10655,16787
10655,19818
10655,19912
10655,19931
10655,20496
10656,766
10656,3042
10656,4981
10656,6527
10656,9752
10656,18029
10656,21398
10656,21399
10656,21790
10658,11354
10658,13623
10658,23190
10659,1190
10659,1360
10659,1425
10659,2175
10659,8015
10659,13058
10659,16577
10659,17496
10659,21490
10659,22997
10660,3384
10660,5229
10660,9247
10660,11177
10661,3846
10661,9579
10661,9814
10661,10044
10661,14376
10661,16259
10661,20623
10661,21575
10661,21693
10661,22333
10661,23104
10662,11010
10663,5310
10663,21246
10664,1629
10664,3599
10664,6597
10664,6942
10664,7589
10664,12819
10664,15078
10664,17764
10664,18232
10664,21464
10664,23142
10664,24323
10664,24409
10665,1430
10665,3857
10665,5397
10665,5426
10665,10056
10665,14055
10665,14839
10665,18904
10665,22012
10665,23125
10666,3641
10666,5801
10666,7246
10666,10100
10666,20928
10667,16907
10667,21719
10669,9511
10669,17693
10669,20612
10670,10841
10670,21420
10671,12947
10671,15065
10673,1368
10673,1654
10673,2479
10673,3776
10673,4430
10673,4663
10673,10102
10673,11670
10673,12581
10673,12789
10673,14478
10673,15117
10673,16578
10673,20243
10673,22788
10673,23518
10673,24618
10675,10034
10675,23729
10676,537
10676,12557
10676,20319
10677,5703
10677,6124
10678,1701
10678,10450
10680,441
10680,3691
10680,4841
10680,5359
10680,7520
10680,9347
10680,13710
10680,20043
10680,20641
10680,20903
10681,715
10681,15152
10681,15246
10682,7651
10682,20030
10683,2847
10683,3705
10683,23285
10684,647
10684,882
10684,975
10684,2121
10684,3649
10684,4306
10684,11240
10684,11255
10684,12210
10684,12391
10684,14741
10684,15251
10684,15716
10684,16039
10684,19163
10684,20105
10687,3644
10687,5513
10687,6411
10687,8155
10687,14971
10687,18373
10687,20949
10687,21096
10687,24768
10689,6294
10689,10954
10689,13286
10689,16179
10690,882
10690,13774
10691,9498
10691,12947
10691,19986
10691,21718
10691,24223
10692,20722
10692,22750
10693,5441
10693,12771
10693,14093
10694,2907
10694,3671
10694,6197
10694,6654
10694,9932
10694,10069
10694,10092
10694,11288
10694,15072
10694,17274
10694,18053
10694,20608
10694,21211
10694,24424
10694,24730
10695,18998
10695,23285
10696,9206
10696,11756
10696,22957
10697,8155
10697,12000
10697,19771
10697,20395
10698,4400
10698,6843
10698,6870
10698,9066
10698,11576
10698,12401
10698,12531
10698,17145
10698,17402
10698,18000
10698,18759
10698,18883
10698,19988
10698,20585
10699,6147
10699,7912
10699,16227
10700,333
10700,7507
10700,9358
10700,18304
10700,21009
10701,8920
10701,23698
10702,297
10702,7687
10702,9839
10702,10186
10702,12497
10702,14892
10702,20250
10702,20997
10702,23485
10702,23990
10704,471
10704,2894
10704,5660
10704,10222
10704,11772
10704,17663
10704,19082
10704,19310
10704,19834
10704,23340
10704,23406
10704,24707
10705,1875
10705,18514
10706,326
10706,2810
10706,11985
10706,16415
10707,438
10707,4482
10707,5189
10707,6461
10707,8229
10707,8726
10707,10566
10707,11037
10707,13142
10707,15156
10707,15339
10707,15470
10707,16554
10707,16969
10707,16990
10707,18978
10707,19797
10707,20085
10707,20399
10708,809
10708,1088
10708,6687
10708,7528
10708,11260
10708,14124
10708,16484
10708,16959
10708,16990
10708,17636
10708,18325
10708,18978
10708,19797
10708,20091
10708,21288
10708,21304
10708,21743
10708,22207
10708,23306
10708,24194
10709,11495
10709,14365
10709,19119
10712,3513
10712,17742
10714,7286
10714,16128
10715,9686
10716,3199
10716,3936
10716,4688
10717,7307
10717,10637
10717,13722
10718,2854
10718,4404
10718,21253
10719,11998
10719,19463
10722,5876
10722,8080
10722,8432
10722,12178
10722,15234
10722,15953
10722,21763
10722,22220
10722,23352
10722,23516
10722,24290
10723,215
10723,3623
10723,9047
10723,13949
10725,215
10725,7688
10725,9033
10725,9051
10725,13264
10725,14164
10725,20929
10726,1638
10726,4497
10726,4975
10726,5973
10726,6591
10726,13582
10726,21324
10726,21907
10726,22996
10726,23130
10727,4211
10727,5055
10727,10585
10727,11719
10727,13373
10727,15823
10727,16106
10727,19533
10727,20554
10727,23046
10728,1095
10728,3446
10728,3475
10728,4195
10728,11855
10728,23039
10729,917
10729,1154
10729,2820
10729,4469
10729,6707
10729,11176
10729,12644
10729,14534
10729,14671
10729,20899
10729,21611
10729,22271
10729,23100
10729,23653
10729,23785
10730,5792
10730,8556
10730,9494
10730,9516
10730,14538
10730,15388
10730,16734
10730,17913
10730,18470
10730,20248
10730,21144
10730,21803
10730,21833
10730,22882
10731,10701
10731,19722
10731,21220
10732,1424
10732,5444
10732,10379
10732,11191
10732,15787
10733,3516
10733,8042
10733,8091
10733,13904
10733,16334
10734,233
10734,825
10734,6705
10734,7784
10734,12367
10734,12492
10734,16734
10734,18446
10734,18835
10734,21803
10734,23158
10738,4524
10738,8910
10738,13251
10738,15831
10740,2862
10740,2944
10740,5534
10740,10906
10740,13865
10740,15309
10740,18133
10740,18211
10741,2531
10741,7136
10741,7297
10741,10663
10741,10876
10741,11596
10741,13545
10741,21269
10741,24790
10741,24768
10744,334
10744,593
10744,6936
10744,7488
10744,8188
10744,12413
10744,12441
10744,14060
10744,15422
10744,20393
10745,1652
10745,5139
10745,10598
10745,11167
10745,15213
10745,18324
10746,3058
10746,6133
10746,7392
10746,11345
10746,12661
10746,15030
10746,18437
10746,19092
10746,23250
10746,24659
10747,778
10747,5548
10747,10342
10747,21043
10750,242
10750,1126
10750,4878
10750,5267
10750,6737
10750,11570
10750,12482
10750,13752
10750,14755
10750,16155
10750,21627
10750,21761
10750,22481
10752,4830
10752,13626
10754,1176
10754,6684
10754,9125
10754,10983
10757,11700
10757,13145
10757,20311
10757,20699
10758,10890
10758,20122
10761,166
10761,6983
10761,7128
10761,8341
10761,8490
10761,9817
10761,12903
10761,19075
10761,20461
10761,20615
10762,7979
10762,9693
10762,15416
10762,15694
10762,23823
10762,24016
10763,3453
10763,7682
10763,22869
10764,9551
10764,12089
10764,14994
10764,19823
10767,5171
10767,5509
10767,6669
10767,9689
10767,10028
10767,11155
10767,11948
10767,14497
10767,16798
10767,17338
10767,18378
10767,21380
10767,21483
10768,3319
10768,8663
10768,12354
10768,13091
10768,14356
10768,14545
10768,16853
10768,18058
10768,18442
10768,18616
10768,24502
10768,24764
10769,17431
10774,3800
10774,14752
10774,18998
10775,3673
10775,4582
10775,5430
10775,7412
10775,8071
10775,10988
10775,12365
10775,14742
10775,15584
10775,16205
10775,16434
10775,16995
10775,17693
10775,17724
10775,19526
10775,22080
10775,24244
10777,1945
10777,1948
10777,4074
10777,4894
10777,7862
10777,9786
10777,14540
10777,15235
10777,19417
10777,23637
10777,24028
10778,6771
10778,6799
10778,8325
10778,8459
10778,21632
10779,3306
10779,3476
10780,12166
10782,24085
10788,7218
10788,17218
10788,17931
10789,13966
10789,16415
10789,23665
10790,468
10790,5313
10790,5989
10790,6713
10790,10093
10790,14077
10790,19019
10790,19108
10790,20508
10790,23133
10791,1631
10791,11715
10791,20722
10796,2843
10796,5746
10796,8244
10796,8806
10796,8877
10796,9153
10796,11860
10796,15833
10796,20214
10796,20894
10797,11090
10797,13370
10797,17761
10799,2788
10799,3470
10799,7057
10799,9564
10799,9788
10799,10667
10799,10990
10799,17368
10799,19303
10799,23895
10801,11754
10801,16719
10801,20557
10803,2879
10803,4178
10803,17723
10803,18768
10806,11662
10807,2819
10807,6973
10807,7524
10807,8558
10807,10375
10807,13453
10807,18395
10807,21141
10807,23102
10807,24301
10808,3848
10808,13656
10808,14621
10809,11474
10809,19771
10811,4569
10812,658
10812,2856
10812,7415
10812,12211
10812,13303
10812,14526
10812,16155
10812,21265
10813,2152
10813,6617
10813,11865
10815,2605
10815,9068
10815,11934
10815,21811
10815,21816
10817,2577
10817,6959
10817,10873
10818,3702
10818,12166
10818,16710
10818,21666
10819,9283
10819,19126
10819,19558
10821,1961
10821,20400
10821,20451
10822,380
10822,2346
10822,2750
10822,3255
10822,3559
10822,5311
10822,5505
10822,6305
10822,9701
10822,10357
10822,13926
10822,21401
10822,21760
10822,23471
10822,23781
10823,10972
10823,15361
10823,18880
10824,1535
10824,10379
10824,17402
10825,10683
10825,11267
10825,17557
10827,11931
10827,17150
10828,1111
10828,1487
10828,8157
10828,12873
10828,16628
10828,22320
10828,22923
10828,23234
10828,23631
10828,24342
10830,9380
10830,11686
10830,15732
10831,478
10831,1797
10831,1810
10831,2359
10831,3105
10831,5378
10831,7297
10831,11771
10831,19425
10831,23461
10832,8922
10832,8849
10832,9673
10832,10787
10832,12722
10832,13898
10833,5229
10833,23161
10833,23285
10836,10391
10837,2753
10837,12831
10837,19364
10837,22593
10840,2595
10840,2629
10840,4737
10840,5467
10840,6397
10840,18924
10840,20198
10840,23234
10840,23514
10841,1478
10841,11267
10841,22653
10842,11772
10842,17931
10842,22889
10843,13879
10843,17241
10844,11562
10844,17983
10844,23306
10845,13526
10845,24155
10846,12590
10846,16090
10846,20776
10849,1243
10849,3177
10849,24821
10849,7356
10849,8214
10849,8619
10849,9107
10849,12470
10849,14328
10849,16884
10849,18238
10849,18550
10849,18998
10849,22286
10849,23445
10849,24089
10850,7983
10850,12007
10850,17164
10851,23923
10855,3733
10855,10072
10855,18774
10856,11635
10856,14664
10856,21359
10858,4574
10858,19771
10858,20214
10860,3712
10860,5398
10860,6551
10860,11695
10860,15777
10860,17432
10860,18675
10860,19921
10860,20625
10860,22359
10860,22379
10864,683
10864,2321
10864,2869
10864,4826
10864,5774
10864,9027
10864,12219
10864,12653
10864,13266
10864,13712
10864,14916
10864,17806
10864,19839
10864,21753
10864,22253
10864,22817
10865,6445
10865,7670
10867,1369
10867,1829
10867,2073
10867,2861
10867,4382
10867,4429
10867,10387
10867,14545
10867,23042
10867,23715
10868,423
10868,4045
10868,7431
10868,8925
10868,13193
10868,13804
10868,16081
10868,16088
10868,16094
10868,17357
10868,18220
10868,20060
10868,21193
10868,21379
10868,22585
10868,24541
10869,1809
10869,16227
10869,16241
10871,11616
10871,14686
10871,17198
10871,17200
10875,1095
10875,2860
10875,12427
10875,17967
10875,24352
10877,9414
10877,18685
10877,22411
10877,23474
10877,24532
10878,669
10878,874
10878,7201
10878,11892
10878,12029
10878,21670
10878,24178
10878,24198
10878,24639
10880,2335
10880,2371
10880,6762
10880,13659
10880,13967
10880,19010
10880,21074
10880,23420
10880,24276
10880,24690
10881,290
10881,419
10881,1382
10881,1490
10881,3092
10881,4510
10881,4634
10881,6634
10881,8966
10881,8979
10881,9846
10881,14818
10881,15122
10881,17756
10881,18974
10881,19369
10881,22439
10881,22794
10883,14035
10883,15831
10883,17635
10883,19097
10884,11135
10884,16925
10884,17619
10884,19826
10885,729
10885,1660
10885,3087
10885,5090
10885,9607
10885,11466
10885,18750
10885,18921
10885,19061
10885,19118
10885,21351
10885,22212
10885,22630
10885,23699
10888,5315
10888,11744
10888,14679
10888,14736
10888,18578
10888,18679
10888,21763
10888,23986
10890,7581
10890,11474
10890,15847
10891,274
10891,12462
10892,729
10892,962
10892,1169
10892,2289
10892,7408
10892,11865
10892,13174
10892,14740
10892,15195
10892,22165
10892,22722
10893,7613
10893,9843
10893,12251
10893,19702
10893,21627
10893,22918
10894,15717
10894,16764
10894,20835
10896,16482
10897,911
10897,2130
10897,3148
10897,4289
10897,6345
10897,12799
10897,12801
10897,13358
10897,13693
10897,14409
10897,17358
10897,17589
10897,20085
10897,20744
10897,21361
10897,21720
10897,23604
10897,24570
10899,4655
10899,18574
10899,19477
10899,23950
10900,2197
10900,17393
10900,20555
10904,585
10904,11608
10904,11865
10904,12506
10904,12705
10904,15452
10904,16244
10904,16589
10904,21321
10904,21863
10904,24273
10907,14837
10907,15955
10909,8398
10909,20899
10909,24271
10911,711
10911,6268
10911,6839
10911,7705
10911,8906
10911,10533
10911,14362
10911,14368
10911,16196
10911,16235
10911,16585
10911,17831
10911,18128
10911,18763
10911,21869
10911,22111
10911,20754
10912,10375
10912,13737
10912,14561
10912,23161
10912,24178
10913,8354
10913,16290
10913,19679
10917,1336
10917,5434
10917,5860
10917,10379
10917,11864
10917,15843
10917,19117
10918,5815
10918,10342
10918,13736
10918,16527
10920,10253
10920,18704
10921,341
10921,6211
10921,8222
10921,8317
10921,13460
10921,13782
10921,14885
10921,20397
10921,21602
10921,22161
10921,23370
10921,24441
10922,16990
10924,14004
10924,19077
10925,6685
10925,7262
10925,10684
10925,10972
10926,1391
10926,2792
10926,13846
10927,3948
10927,4272
10927,8391
10927,8650
10927,9173
10927,16679
10927,16906
10927,17136
10927,19725
10927,20895
10927,21076
10927,24141
10928,10618
10929,2059
10929,5259
10929,6964
10929,7746
10929,7981
10929,12046
10929,12716
10929,12931
10929,23443
10929,23633
10930,1143
10930,1966
10930,2823
10930,8530
10930,24496
10931,1226
10931,1772
10931,1976
10931,3325
10931,4999
10931,5131
10931,5674
10931,7662
10931,10452
10931,10467
10931,12163
10931,13831
10931,15198
10931,17075
10931,19491
10931,20070
10931,22666
10933,901
10933,11040
10933,13397
10933,16475
10933,17349
10933,19802
10933,20178
10933,22577
10933,23821
10933,23847
10935,24049
10936,5805
10936,10528
10937,4637
10937,9480
10937,13666
10937,14550
10937,21665
10937,21764
10937,24434
10938,3735
10938,4573
10938,15870
10938,16580
10939,194
10940,4821
10940,13191
10940,19660
10940,23859
10941,1034
10941,4895
10941,13251
10942,2857
10942,7181
10942,12377
10943,1556
10943,8597
10943,8598
10943,9767
10943,18380
10943,23728
10944,3285
10944,7520
10944,15831
10947,243
10947,3639
10947,3921
10947,4509
10947,4740
10947,8649
10947,11048
10947,13628
10947,13957
10947,16006
10947,18245
10947,19385
10947,20237
10947,24244
10948,2174
10948,3636
10949,158
10949,5444
10949,10932
10949,14957
10949,15176
10949,16453
10949,19523
10949,23371
10949,24757
10950,1508
10950,2200
10950,5012
10950,6897
10950,8387
10950,20826
10950,21789
10950,24160
10950,24248
10951,3376
10951,4198
10951,9046
10951,11603
10951,15922
10952,9124
10952,16980
10954,723
10954,11465
10954,12505
10954,18500
10954,22272
10955,520
10955,3265
10955,4449
10955,7473
10955,10653
10955,12165
10955,13127
10955,13219
10955,13730
10955,16125
10955,16320
10955,18796
10955,18810
10955,19031
10955,19228
10955,19985
10955,21538
10955,22678
10956,9469
10956,18124
10956,19214
10957,1730
10957,8262
10959,525
10959,3807
10959,6284
10959,11650
10959,11858
10959,14482
10959,19047
10959,23015
10959,24287
10959,24338
10962,9263
10962,17083
10962,20498
10962,23072
10963,382
10963,1641
10963,2975
10963,4754
10963,9382
10963,9558
10963,9793
10963,10738
10963,11017
10963,12191
10963,15683
10963,16273
10963,16863
10963,20176
10963,21130
10963,22630
10963,24292
10964,12810
10964,21667
10965,6512
10965,13651
10965,15944
10965,16274
10965,17563
10965,21341
10965,23111
10966,1644
10966,3421
10966,3636
10966,4030
10966,4417
10966,6147
10966,6973
10966,11006
10966,16246
10966,20321
10966,23046
10969,5001
10969,10930
10969,11959
10969,22627
10971,250
10971,818
10971,6845
10971,9851
10971,13919
10971,15577
10971,15600
10971,18236
10971,20359
10971,21613
10972,9275
10972,16482
10974,2116
10974,6518
10974,12392
10974,13424
10974,13773
10974,16815
10974,20433
10974,23215
10975,15868
10975,21502
10976,7611
10976,13978
10977,11435
10979,5524
10979,15955
10980,1631
10980,4414
10981,1917
10981,2364
10981,8123
10981,9548
10981,13114
10981,13644
10981,13694
10981,21710
10983,3653
10984,10259
10984,14002
10984,15248
10984,21970
10984,21973
10984,22366
10985,7883
10985,19110
10987,14342
10987,16782
10987,21687
10990,12175
10990,13722
10992,12927
10992,17592
10992,21060
10992,22511
10992,23475
10994,712
10994,4737
10994,10310
10994,11326
10994,11540
10994,14035
10994,16221
10994,16680
10994,21394
10994,21396
10994,22137
10995,5594
10995,8746
10995,9133
10995,10711
10995,11641
10995,14217
10995,20147
10995,21645
10995,22880
10995,24201
11000,8078
11000,8093
11000,17876
11002,4765
11002,14414
11002,17555
11002,24616
11003,68
11003,243
11003,529
11003,1062
11003,4608
11003,4689
11003,5466
11003,8412
11003,14982
11003,18443
11003,23138
11003,23301
11003,23341
11003,24206
11004,5745
11004,13766
11005,17413
11006,3126
11006,4010
11006,6985
11006,8141
11006,12082
11006,13513
11006,15150
11006,16980
11006,20897
11006,22525
11008,10336
11008,17693
11009,14566
11009,18865
11010,915
11010,4895
11010,13396
11011,3963
11011,7912
11011,16340
11012,16810
11013,2884
11013,3936
11013,4779
11013,5214
11013,7257
11013,7380
11013,8788
11013,10423
11013,11241
11013,12690
11013,12391
11013,12952
11013,12959
11013,13044
11013,13737
11013,13935
11013,14120
11014,1714
11014,2448
11014,6469
11014,12144
11014,13273
11014,20350
11014,20559
11014,20898
11014,22306
11017,158
11017,1058
11017,2638
11017,17635
11018,6576
11018,7076
11018,13737
11019,9963
11019,16517
11019,17150
11019,18875
11020,1049
11020,3320
11020,11945
11020,24782
11021,803
11021,2879
11021,4582
11021,12171
11021,15557
11021,15945
11021,23197
11023,6705
11023,7065
11023,7784
11023,8784
11023,10314
11023,13426
11023,16814
11023,17625
11023,21298
11023,23158
11024,1504
11024,4635
11024,5234
11024,7571
11024,8149
11024,21472
11024,21670
11024,23039
11025,1507
11025,1568
11025,2552
11025,3098
11025,3319
11025,3434
11025,6707
11025,10997
11025,11992
11025,13829
11025,16241
11025,19301
11025,20003
11025,19425
11025,20459
11025,22824
11026,3528
11026,15317
11026,15886
11026,21597
11028,279
11028,3263
11028,12618
11028,17410
11029,14484
11029,22580
11029,24797
11030,4070
11030,8247
11030,10431
11030,10450
11030,10632
11030,15270
11030,19959
11033,4627
11033,9792
11033,9828
11034,6037
11034,9597
11034,16771
11039,5798
11039,6134
11039,17489
11039,17490
11039,18937
11039,19024
11039,19754
11039,20346
11039,20650
11039,22382
11039,22965
11039,23462
11040,1150
11040,2103
11040,5976
11040,6061
11040,6193
11040,8245
11040,19340
11040,19433
11040,21064
11040,22426
11041,11495
11041,13339
11041,19628
11042,8168
11042,12947
11042,23339
11044,470
11044,1891
11044,1956
11044,3012
11044,3016
11044,4708
11044,4836
11044,6054
11044,6350
11044,8278
11044,8284
11044,13325
11044,13411
11044,15119
11044,16005
11044,16027
11044,16587
11044,17854
11045,3012
11045,3016
11045,4708
11045,5886
11045,11817
11045,11858
11045,17103
11045,20286
11045,21405
11045,24191
11053,15976
11053,16482
11055,3650
11055,3787
11055,4659
11055,6662
11055,7262
11055,9272
11055,10625
11055,11147
11055,11387
11055,12506
11055,13013
11055,13079
11055,14197
11055,17512
11055,18329
11055,19662
11055,24666
11056,4095
11056,7973
11056,8052
11056,8853
11056,12406
11056,12409
11056,12563
11056,15663
11056,18066
11056,19263
11059,2806
11059,10912
11060,790
11060,2495
11060,3378
11060,5946
11060,13150
11060,22854
11060,23472
11061,10539
11061,21557
11061,23653
11062,10539
11062,11312
11062,23653
11063,559
11063,561
11063,6895
11063,7641
11063,9643
11063,9679
11063,9680
11063,17116
11063,23805
11063,24018
11066,9863
11066,11155
11066,16527
11066,23507
11068,6268
11068,12183
11068,16237
11069,547
11069,1299
11069,2405
11069,3319
11069,3866
11069,4866
11069,4894
11069,5423
11069,6983
11069,8255
11069,10067
11069,11892
11069,14440
11069,15023
11069,15408
11069,16982
11069,20167
11070,8802
11071,4665
11071,9548
11071,9888
11071,16083
11071,17193
11071,20741
11071,22645
11071,24626
11071,24589
11072,284
11072,10461
11072,14659
11072,21693
11073,8211
11073,14035
11073,16997
11073,19771
11075,6415
11075,9461
11075,10613
11075,10683
11075,16314
11075,16633
11075,17161
11075,21942
11075,22093
11076,1449
11076,20768
11077,11837
11077,15955
11077,23122
11079,146
11079,3432
11079,3488
11079,7590
11079,12950
11079,13631
11079,13662
11079,14637
11079,16744
11079,23501
11080,103
11080,1670
11080,4655
11080,4746
11080,5509
11080,5601
11080,6010
11080,6453
11080,7168
11080,10449
11080,11904
11080,11923
11080,15092
11080,15943
11081,1190
11081,3248
11081,5347
11081,6986
11081,10078
11081,11576
11081,11802
11081,13464
11081,14221
11081,14643
11081,15432
11081,17342
11081,17970
11081,21172
11081,22071
11081,22493
11082,190
11082,2153
11082,2938
11082,3812
11082,5073
11082,5222
11082,5384
11082,8346
11082,10346
11082,10461
11082,10523
11082,10544
11082,11254
11082,12543
11082,14346
11082,16159
11082,16292
11085,2847
11085,7168
11085,20613
11086,15345
11086,18773
11087,345
11087,3237
11087,11666
11088,4809
11088,5626
11088,7377
11088,23355
11089,2820
11089,2935
11089,3702
11089,3937
11089,5619
11089,6691
11089,10222
11089,9977
11089,12792
11089,13141
11089,14406
11089,17323
11089,21054
11089,23523
11089,24760
11090,2552
11090,2791
11090,3099
11090,3276
11090,4207
11090,4928
11090,7999
11090,10369
11090,12449
11090,13243
11090,14688
11090,17075
11090,18755
11090,23589
11091,5090
11091,14049
11091,19424
11092,3402
11092,4482
11092,4968
11092,13776
11092,14219
11092,15584
11092,17414
11092,18132
11092,22549
11092,24213
11097,2750
11097,3988
11097,4422
11097,4439
11097,4486
11097,5903
11097,7212
11097,8749
11097,11207
11097,11995
11097,12739
11097,15786
11097,18037
11097,19890
11097,22822
11097,22876
11099,11898
11099,13623
11099,18801
11100,12175
11100,12950
11100,23461
11102,1187
11102,10916
11102,18831
11103,485
11103,848
11103,1550
11103,3443
11103,5964
11103,6666
11103,7223
11103,7845
11103,9278
11103,9444
11103,10632
11103,10883
11103,10920
11103,11765
11103,14024
11103,16674
11103,19733
11103,21126
11103,23064
11104,2173
11104,7168
11105,1924
11105,7001
11105,7367
11105,8537
11105,8739
11105,11086
11105,12435
11105,13261
11105,22727
11105,22868
11107,136
11107,18037
11108,1181
11108,1221
11108,4262
11108,7210
11108,8777
11108,10678
11108,10732
11108,12955
11108,13385
11108,15470
11108,16377
11108,16383
11108,18925
11108,19457
11108,19464
11108,19428
11108,22445
11108,23197
11109,10157
11110,2637
11110,10053
11112,5069
11112,11328
11113,1282
11113,4630
11113,7078
11113,10555
11113,14002
11113,14149
11113,16667
11113,19122
11113,21830
11113,23896
11116,6684
11116,24217
11116,24779
11118,7905
11118,9267
11118,12108
11118,14070
11118,15673
11118,23692
11119,52
11119,1806
11120,8255
11120,11005
11120,11729
11121,4894
11121,11191
11121,20628
11121,24234
11121,24274
11122,6458
11122,11602
11122,12968
11122,15386
11122,19250
11122,24643
11124,717
11124,5472
11124,6944
11124,11602
11124,12160
11124,13497
11124,17266
11124,20716
11124,21525
11124,22553
11125,1900
11125,7769
11125,11562
11125,22889
11127,23071
11127,23834
11129,5975
11129,16237
11129,21438
11132,2466
11132,5953
11132,7927
11132,13530
11132,17588
11132,19091
11132,19961
11132,22217
11133,6827
11133,7861
11133,8412
11133,11848
11133,14540
11133,14757
11133,15960
11133,18602
11133,21380
11133,22923
11134,3912
11134,13388
11134,17775
11136,1586
11136,21536
11136,21590
11136,24492
11137,4562
11137,24332
11138,1166
11138,7585
11138,9458
11138,11785
11138,11908
11138,15585
11138,17900
11138,18256
11138,18399
11138,18909
11138,21297
11138,21820
11138,23391
11141,3733
11141,16863
11141,22804
11141,24711
11142,4187
11142,8864
11142,8983
11142,8984
11142,9096
11142,9293
11142,9783
11142,12689
11142,12696
11142,12328
11142,15285
11142,18368
11143,4103
11143,5380
11143,6998
11143,9278
11143,11998
11143,13087
11143,16325
11143,20722
11143,22777
11146,18998
11147,13565
11147,16658
11147,22594
11148,2820
11148,3071
11148,4223
11148,4688
11148,5855
11148,10107
11148,11194
11148,13585
11148,14863
11148,14924
11148,16744
11148,16816
11148,19493
11148,20303
11148,20899
11148,21550
11150,296
11150,3733
11150,4951
11152,833
11152,3493
11152,5115
11152,5508
11152,5660
11152,7269
11152,9936
11152,10129
11152,11008
11152,12448
11152,15386
11152,15778
11152,17564
11152,18203
11152,18574
11152,20603
11152,22584
11152,22261
11153,16710
11153,23222
11154,3334
11154,10916
11154,10990
11154,11794
11154,13285
11154,13286
11154,13308
11154,13326
11154,16219
11154,16961
11154,17127
11154,18261
11154,21932
11155,3391
11155,5834
11155,6025
11155,8358
11155,10022
11155,10294
11155,12609
11155,12663
11155,12991
11155,16239
11155,16314
11155,20153
11155,22308
11155,23389
11155,23450
11156,4412
11156,4953
11156,5533
11156,5926
11156,7534
11156,7653
11156,8234
11156,14968
11156,20281
11156,21214
11157,612
11157,1147
11157,1148
11157,2710
11157,3392
11157,4412
11157,4426
11157,4953
11157,7032
11157,8198
11157,8234
11157,10269
11157,10271
11157,10887
11157,11579
11157,11720
11157,11946
11157,12468
11157,12658
11157,12735
11158,16219
11158,16770
11158,20988
11159,12191
11159,12950
11159,23729
11161,1813
11161,5029
11161,5267
11161,10423
11161,12505
11161,14113
11161,16990
11161,17155
11161,18319
11161,18760
11163,9440
11163,15270
11163,23996
11164,429
11164,2771
11164,2823
11164,4458
11164,5700
11164,5865
11164,8061
11164,8073
11164,9390
11164,10871
11164,11471
11164,11541
11164,11793
11164,11859
11164,12751
11164,12752
11164,13669
11164,16402
11165,5261
11165,9336
11165,10034
11165,11514
11165,11574
11165,11618
11165,12157
11165,13623
11165,14778
11165,16833
11165,22136
11165,22488
11167,2076
11167,3682
11167,5039
11167,5084
11167,5108
11167,5736
11167,9502
11167,11362
11167,11432
11167,11513
11167,11581
11167,11814
11167,11907
11167,16349
11167,16779
11167,18813
11167,20001
11169,11921
11169,13277
11169,24233
11170,1158
11170,3433
11170,4841
11170,12563
11171,1470
11171,1674
11171,2750
11171,4163
11171,6216
11171,6587
11171,7616
11171,10566
11171,14726
11171,17340
11171,19160
11171,22817
11171,24121
11172,6586
11172,12045
11172,13215
11172,13492
11172,14708
11172,16945
11172,17633
11172,20771
11172,22665
11172,22943
11173,14624
11173,16562
11173,18551
11173,21107
11175,2447
11175,12892
11175,13651
11175,16098
11176,15575
11176,16834
11176,18037
11177,2884
11177,12505
11178,3105
11178,5490
11178,5861
11178,7115
11178,7709
11178,10291
11178,14986
11178,16227
11178,17222
11180,807
11180,1187
11180,2211
11180,3863
11180,4431
11180,6664
11180,14020
11180,16771
11180,21721
11180,22093
11180,22664
11180,22773
11180,23883
11180,24135
11180,24807
11181,3390
11181,4153
11181,7318
11181,10901
11181,11730
11181,11969
11181,12597
11181,13983
11181,14740
11181,21173
11182,695
11182,2026
11182,2628
11182,3112
11182,4522
11182,5232
11182,11341
11182,12891
11182,13336
11182,13378
11182,14168
11182,15045
11182,15933
11182,16262
11182,20080
11182,22883
11182,24373
11183,619
11183,2284
11183,9443
11183,10683
11183,10906
11183,12183
11183,14179
11183,15104
11183,17899
11183,21249
11184,10039
11184,10517
11184,11662
11184,21124
11186,4424
11186,10193
11186,10279
11186,10560
11186,22833
11189,1379
11189,2683
11189,4588
11189,5178
11189,8407
11189,10593
11189,13292
11189,19817
11189,21334
11189,23544
11190,18743
11190,21611
11190,23349
11192,16427
11192,21725
11192,22438
11193,781
11193,1954
11193,7364
11193,10051
11193,15311
11193,15770
11193,19775
11193,22296
11193,23246
11193,24264
11195,6965
11195,7283
11195,11090
11196,126
11196,271
11196,2860
11196,4208
11196,5221
11196,5262
11196,5442
11196,6640
11196,7243
11196,16245
11196,23135
11196,23751
11196,23803
11196,24752
11197,10355
11197,21516
11197,21953
11201,20028
11201,21579
11201,23521
11202,9498
11202,9596
11202,18767
11203,7610
11203,10379
11203,11005
11203,12184
11203,16725
11203,17931
11203,18545
11203,20503
11203,22032
11204,8986
11204,9498
11204,9596
11204,10379
11204,11005
11204,16725
11204,18767
11204,19069
11205,10379
11205,11005
11205,13396
11205,16725
11206,9498
11206,14464
11206,20722
11207,7707
11207,8986
11207,9498
11207,9596
11207,18767
11208,1661
11208,3271
11208,8986
11208,9498
11208,9596
11208,18767
11210,2180
11210,23944
11212,9622
11212,20972
11212,24244
11213,13035
11213,15831
11213,16384
11215,3121
11215,4219
11215,4528
11215,10558
11215,13260
11215,13970
11215,14665
11215,17603
11215,22476
11215,23964
11216,8214
11216,15642
11219,4120
11219,6820
11219,12000
11219,13345
11219,14920
11219,15679
11219,15145
11219,18048
11219,23476
11219,23608
11220,2017
11220,2386
11220,2551
11220,7693
11220,7794
11220,7795
11220,7913
11220,19579
11220,20785
11220,24691
11222,417
11222,748
11222,1138
11222,1905
11222,4452
11222,4603
11222,6060
11222,8066
11222,12888
11222,15826
11222,17624
11222,19693
11222,19851
11222,21533
11222,21635
11222,22207
11222,23257
11224,1199
11224,1264
11224,1439
11224,4011
11224,10510
11224,12832
11224,16688
11224,17378
11224,20756
11224,24435
11224,24654
11225,11662
11225,17342
11225,19127
11227,9999
11227,16677
11227,18445
11229,2010
11229,5238
11229,7582
11229,7763
11229,8890
11229,9235
11229,13263
11229,13340
11229,14196
11229,14428
11229,14454
11229,15374
11229,19361
11229,21522
11229,22477
11230,11430
11230,20890
11230,21796
11231,2080
11231,2295
11231,3908
11231,24821
11231,7637
11231,7916
11231,9208
11231,10964
11231,10990
11231,12050
11231,12479
11231,12595
11231,14324
11231,16455
11231,17657
11231,22796
11231,23499
11232,906
11232,964
11232,4467
11232,6485
11232,7950
11232,8194
11232,8323
11232,11733
11232,16183
11232,17494
11232,17663
11232,18606
11232,18656
11232,20050
11232,22461
11232,22853
11232,23188
11233,11324
11233,24779
11235,691
11235,1243
11235,3655
11235,3658
11235,6694
11235,7082
11235,9154
11235,9395
11235,10313
11235,11564
11235,12910
11235,12974
11235,13927
11235,14528
11235,16430
11235,16776
11235,21026
11235,21995
11235,23943
11236,18092
11238,9106
11238,11860
11238,14540
11239,1631
11239,5295
11239,12663
11240,344
11240,17299
11240,18535
11240,19509
11240,21468
11240,21618
11242,527
11242,3617
11242,7635
11242,10337
11243,1122
11243,14621
11243,16476
11243,18343
11243,18355
11243,18526
11243,18575
11243,19527
11243,21700
11243,21702
11244,2196
11244,18343
11244,24470
11245,13722
11245,18338
11245,21766
11247,14053
11247,16219
11248,4533
11248,5040
11248,5251
11248,5681
11248,13452
11248,15055
11248,18697
11248,20004
11248,20490
11248,23671
11250,203
11250,7283
11250,11840
11251,192
11251,1929
11251,5895
11251,6975
11251,8569
11251,8976
11251,11522
11251,12227
11251,13847
11251,18896
11252,9946
11252,14476
11252,18492
11252,19696
11253,2605
11253,23678
11254,12968
11254,16166
11254,18574
11255,1058
11255,2315
11255,4889
11255,6906
11255,8374
11255,12221
11255,13396
11255,14886
11257,585
11257,650
11257,5556
11257,6789
11257,6844
11257,8018
11257,10617
11257,11474
11257,11698
11257,12380
11257,13976
11257,15232
11257,17863
11257,20703
11257,23989
11259,2189
11259,3056
11259,9184
11259,9869
11259,15298
11259,16394
11259,17290
11259,17306
11259,17479
11259,22661
11260,1800
11260,12166
11260,17635
11262,7196
11262,7651
11262,19117
11262,23113
11264,1116
11264,4713
11264,5151
11264,9631
11264,12865
11264,17511
11264,18449
11264,18557
11264,23893
11264,24449
11265,4201
11265,7714
11265,8118
11265,8918
11265,11615
11265,15708
11268,7039
11268,13661
11268,16863
11268,17931
11270,5542
11270,10337
11270,24779
11272,7168
11272,15779
11272,17062
11272,20518
11275,7
11275,1190
11275,2429
11275,11553
11275,17941
11275,21548
11277,6147
11277,19834
11278,7555
11278,8940
11278,12321
11278,12592
11278,13559
11278,24540
11280,9174
11280,15802
11280,16672
11280,18819
11280,19488
11281,6859
11281,8946
11281,13386
11281,14420
11281,16614
11281,18629
11281,23082
11281,24379
11281,24393
11281,24415
11281,24421
11281,24557
11283,16677
11283,19335
11283,19671
11284,736
11284,3453
11284,23162
11285,6469
11285,16731
11286,5312
11286,7385
11287,4196
11287,4197
11287,8852
11287,14068
11287,19270
11289,4303
11289,4412
11289,15557
11290,6973
11290,21441
11291,1078
11291,1154
11291,2570
11291,4953
11291,6270
11291,8234
11291,9316
11291,10573
11291,10664
11291,20281
11292,3757
11292,5409
11292,5463
11292,12090
11292,12343
11292,14752
11292,15625
11292,16122
11292,17577
11292,19521
11293,849
11293,2047
11293,3428
11293,3514
11293,5705
11293,5790
11293,8024
11293,8230
11293,8406
11293,9477
11293,9608
11293,11757
11293,13025
11293,13988
11293,15845
11293,17009
11293,17086
11293,18622
11293,18851
11295,5975
11295,11928
11295,12188
11295,13736
11295,23161
11298,1635
11298,8914
11298,9910
11302,4414
11302,24821
11302,10632
11302,10988
11302,11194
11302,11562
11302,15843
11304,5893
11304,7119
11304,7343
11304,14441
11305,5343
11305,9294
11305,16596
11305,17844
11305,21508
11305,22685
11305,24521
11307,1632
11307,2386
11307,5098
11307,6562
11307,7520
11307,15301
11307,19178
11307,20851
11307,23744
11307,23760
11308,5075
11308,5542
11308,5649
11308,8882
11308,9465
11308,10067
11308,10337
11308,11602
11308,15462
11308,16446
11308,17100
11308,17957
11308,21277
11308,21441
11308,23038
11308,23947
11308,24217
11309,9455
11309,22737
11310,19831
11310,24346
11311,9453
11311,14418
11311,23440
11312,5705
11313,11756
11313,17720
11317,10222
11317,15831
11317,20166
11318,138
11318,1342
11318,1825
11318,2008
11318,4523
11318,6493
11318,7651
11318,9276
11318,12069
11318,15135
11318,16231
11318,17215
11318,19636
11318,19925
11318,21105
11318,22166
11318,22946
11319,1100
11319,1967
11319,2575
11319,3717
11319,4933
11319,6145
11319,10663
11319,16448
11319,17649
11319,17841
11319,17915
11319,18975
11319,20051
11319,22284
11319,22824
11319,23426
11319,23598
11320,252
11320,8585
11320,13069
11320,14870
11320,15170
11320,16134
11320,18312
11320,18171
11320,18725
11320,20760
11320,21213
11320,24324
11323,7264
11323,11155
11323,24342
11324,102
11324,2308
11324,2846
11324,5295
11324,7264
11324,11155
11324,15065
11324,20493
11324,23048
11324,23900
11324,24342
11324,24768
11326,13433
11327,2638
11327,18574
11328,2638
11328,13737
11328,18574
11328,18998
11328,24217
11329,4269
11329,5040
11329,23122
