movie_id,genre_id
1,8
2,1
2,21
2,9
2,17
2,25
2,14
3,9
3,6
3,20
4,9
4,6
4,20
5,14
5,6
6,9
7,9
8,3
8,9
8,11
9,9
9,6
9,20
10,9
11,6
11,20
12,6
12,10
13,9
13,17
13,25
13,7
14,9
15,9
15,25
16,8
17,9
17,25
17,7
17,26
18,8
19,25
19,14
19,6
20,13
20,23
21,5
21,8
22,1
22,25
22,7
23,1
23,9
23,13
23,26
24,5
24,9
24,13
25,9
25,6
25,15
26,3
26,5
26,9
26,25
27,9
27,25
28,1
29,11
29,6
29,20
30,1
30,9
30,25
30,26
31,5
31,9
31,26
32,25
32,14
33,9
33,25
33,7
34,7
34,8
35,1
35,9
35,13
35,25
36,25
36,14
37,1
37,9
37,25
37,7
38,1
38,9
38,25
38,7
39,9
39,7
40,9
40,6
40,20
41,8
42,9
43,1
43,3
43,9
43,13
43,26
44,9
44,26
45,9
45,17
45,25
45,14
45,7
46,9
47,13
47,25
47,8
47,18
48,9
49,9
49,25
49,14
50,6
51,6
52,9
52,6
52,20
53,1
53,25
53,7
54,1
54,9
54,25
54,6
54,7
55,9
55,6
56,9
57,6
57,16
58,8
59,9
59,15
59,8
60,1
60,3
60,21
60,9
60,25
61,8
62,21
62,9
62,11
62,20
63,21
64,9
64,6
65,9
66,6
67,1
67,9
67,25
67,7
68,9
68,25
68,7
69,1
69,6
69,7
70,5
70,8
71,1
71,9
71,13
71,25
71,7
72,5
72,9
72,13
72,25
72,7
73,1
73,6
73,7
74,9
74,23
74,10
75,9
76,9
76,25
77,9
77,25
77,7
78,9
79,5
79,9
79,6
79,15
80,8
81,9
81,7
82,6
82,20
83,9
84,1
84,21
84,25
84,14
85,9
86,1
86,25
86,14
87,9
87,6
87,20
88,9
88,7
88,8
88,18
89,6
90,9
91,9
92,9
93,1
93,9
93,25
93,7
94,9
95,9
95,6
96,9
97,9
97,20
97,7
98,9
99,6
100,6
100,20
101,25
101,14
102,3
102,6
103,1
103,11
103,26
104,1
104,9
104,11
104,26
105,1
105,25
105,6
105,7
106,8
107,25
107,14
108,1
108,9
108,7
108,27
109,9
109,15
110,9
111,9
111,20
112,5
112,20
112,8
113,9
114,9
114,6
114,20
115,9
116,9
116,6
116,20
117,8
118,5
118,9
118,23
119,9
119,7
120,21
120,9
120,11
121,9
121,20
122,8
123,3
123,9
123,25
123,14
124,3
124,9
124,25
124,14
125,1
125,3
125,9
125,11
126,5
126,8
127,9
127,6
128,8
129,1
129,9
129,26
130,9
131,9
132,9
132,6
132,20
133,6
133,20
134,9
134,6
134,20
135,9
135,6
136,8
137,9
137,10
138,8
139,9
139,20
140,9
141,1
141,9
141,13
141,25
142,6
143,17
143,25
143,14
144,1
144,3
144,25
144,6
145,8
146,15
146,8
147,25
147,6
147,7
148,1
148,25
149,6
150,9
150,13
150,25
150,7
151,8
152,9
152,25
152,7
153,9
154,1
154,9
154,25
154,26
155,9
156,1
156,9
156,25
157,9
157,8
158,8
159,9
159,15
160,8
161,17
161,6
161,7
161,16
162,9
162,6
163,9
163,6
163,7
163,27
164,9
164,17
164,25
165,3
165,21
165,9
165,11
165,4
166,6
166,7
167,9
167,20
167,15
168,9
169,6
169,8
170,9
170,25
171,9
171,25
172,8
173,9
173,4
174,1
174,3
174,6
175,9
175,6
176,9
177,8
178,5
178,9
179,9
180,5
180,9
181,9
182,9
182,17
182,7
183,6
184,9
185,9
186,3
186,9
186,11
186,10
187,5
187,10
187,8
188,9
188,6
189,9
189,6
190,9
190,6
191,5
191,9
191,25
191,7
191,26
192,6
192,20
193,6
193,7
193,4
193,10
194,9
195,9
195,11
195,4
195,10
196,9
196,6
197,9
198,6
198,20
198,10
199,9
200,9
200,20
201,9
202,9
203,9
203,25
204,21
204,9
204,17
204,25
204,11
204,14
205,9
205,25
206,17
206,25
207,9
207,17
207,11
207,6
208,13
208,8
209,8
210,6
211,3
211,9
211,11
211,6
211,10
212,3
212,9
212,11
212,6
212,10
213,3
213,9
213,10
214,9
214,6
214,20
215,25
216,6
216,20
217,8
218,9
219,6
220,9
221,9
221,13
221,25
221,14
222,9
222,13
222,8
223,9
224,9
224,6
224,20
225,5
225,25
225,8
225,18
226,5
226,6
227,8
228,9
228,11
228,20
229,9
230,9
231,25
231,14
231,20
232,6
233,8
234,9
235,1
235,25
235,7
236,6
237,9
237,6
237,20
238,25
238,7
239,9
239,6
239,20
240,8
241,9
241,7
242,6
242,20
243,6
244,1
244,25
244,7
245,14
245,6
246,14
246,6
247,5
247,9
247,20
247,26
248,9
248,25
249,9
249,25
249,7
250,9
250,14
251,6
252,9
252,6
253,9
253,20
254,9
255,9
255,6
255,20
256,8
257,9
258,9
258,10
259,9
259,25
260,1
260,3
260,20
261,17
262,9
263,23
263,8
264,8
265,9
265,11
265,4
265,10
266,8
267,6
267,4
268,9
268,6
268,20
269,9
269,6
269,20
270,9
270,6
271,9
271,6
272,9
272,6
272,20
273,9
274,5
274,20
275,9
276,1
276,9
276,25
276,7
277,9
277,6
278,8
279,9
279,6
279,7
280,8
281,9
282,9
282,25
282,7
283,6
284,11
284,6
285,5
285,9
285,13
285,25
285,26
286,6
286,15
287,9
288,6
288,27
289,9
289,11
290,9
290,25
291,1
291,9
291,25
291,7
292,25
293,9
294,13
294,7
294,8
294,18
295,9
295,27
296,17
296,25
296,14
297,9
298,9
298,17
298,25
299,9
299,6
300,9
300,6
301,8
302,15
302,8
303,9
303,6
303,15
303,16
304,1
304,5
304,9
304,23
304,7
305,6
305,20
306,5
306,9
306,26
307,9
307,20
308,9
308,7
309,5
309,9
310,21
310,9
310,25
310,14
311,21
311,9
311,25
311,14
312,6
312,20
313,9
314,8
315,9
315,8
316,9
316,6
317,9
317,13
317,20
318,9
318,6
318,20
319,9
320,21
320,9
320,17
320,25
320,7
320,4
321,9
322,9
322,26
323,8
324,9
325,9
326,3
326,21
326,11
326,6
326,4
326,10
327,6
328,9
328,23
329,8
330,9
330,6
331,9
331,20
331,4
332,9
332,17
332,25
332,6
332,7
333,9
334,9
335,9
336,9
336,25
336,7
337,8
338,23
338,8
339,9
339,20
339,15
340,9
340,6
340,7
341,9
341,20
341,15
342,1
342,3
342,21
342,25
343,3
343,21
343,9
343,8
344,9
344,20
344,15
344,16
345,8
346,5
346,9
346,6
346,10
347,5
347,9
347,13
348,9
348,17
348,25
348,14
349,9
349,13
349,6
349,26
350,1
350,9
350,13
351,9
352,8
353,9
353,20
354,9
354,6
355,9
355,20
356,9
356,26
357,9
358,4
359,5
359,9
359,20
360,7
360,8
361,6
362,9
362,17
362,20
362,26
363,9
363,17
363,25
363,7
364,1
364,9
364,17
364,25
364,7
365,3
365,9
365,6
366,9
366,20
367,9
367,26
368,1
368,9
368,23
368,10
369,16
370,8
371,9
372,9
372,25
372,7
373,9
374,9
374,26
375,9
375,6
375,20
375,16
376,9
377,3
377,21
377,11
377,10
378,9
379,9
380,8
381,9
381,17
381,25
382,25
382,14
383,8
384,9
385,14
385,6
386,1
386,25
387,17
387,7
387,8
388,9
388,6
388,10
389,9
390,9
391,3
391,11
391,6
391,4
391,10
392,8
393,9
393,6
393,20
394,6
394,20
395,9
396,9
397,9
397,17
398,9
398,11
399,9
399,6
399,20
400,9
400,6
401,21
401,9
401,11
401,6
401,20
402,3
402,13
402,26
402,8
403,1
403,5
403,25
403,7
404,1
404,25
404,11
404,14
405,8
406,21
406,6
407,6
407,7
408,9
409,9
410,8
411,6
412,5
412,13
412,8
413,6
413,20
414,6
415,3
415,9
415,20
415,16
416,1
416,3
416,25
417,1
417,3
417,6
418,8
419,9
420,9
420,8
421,9
422,3
422,21
422,9
422,17
422,25
423,9
423,6
423,20
424,6
425,9
425,26
426,6
426,20
427,9
427,6
428,9
429,9
429,6
429,7
430,9
430,25
431,6
432,5
432,8
433,9
433,6
433,20
434,9
435,9
436,9
437,9
438,6
439,1
439,3
439,9
439,25
439,20
440,9
440,6
441,9
441,6
442,6
443,5
443,9
443,6
443,10
443,8
444,21
444,9
444,10
445,9
445,6
445,20
446,6
446,15
447,9
447,20
448,3
448,9
448,13
448,6
448,27
449,9
450,15
450,8
451,8
452,9
452,17
453,9
453,20
454,8
455,1
455,3
455,21
455,17
456,9
456,6
457,9
458,8
459,9
460,6
460,20
461,8
462,8
463,21
463,9
463,25
463,11
464,9
464,7
465,9
465,7
466,9
467,1
467,9
467,6
467,7
468,9
469,9
470,5
470,9
470,8
470,18
471,9
472,5
472,9
472,13
473,9
473,25
473,14
474,9
474,25
475,1
475,25
476,9
476,25
477,9
477,6
478,5
478,9
478,15
478,8
479,9
480,3
480,25
480,14
480,7
481,5
481,9
481,23
481,20
482,9
482,13
483,1
483,3
483,25
483,6
483,20
483,7
483,10
484,1
484,3
484,17
484,6
484,20
484,7
484,10
485,9
485,14
486,9
486,6
487,3
487,9
487,13
487,20
488,5
488,8
489,3
489,21
489,9
490,8
491,9
491,8
492,7
492,8
493,8
494,9
494,20
494,26
495,8
496,9
496,20
496,7
497,5
497,6
497,15
497,8
498,9
499,9
500,8
501,9
501,10
502,9
502,7
503,8
504,3
504,11
504,6
504,20
504,10
504,16
505,25
505,6
506,9
507,9
508,1
508,17
508,25
508,7
509,6
509,20
510,9
511,1
511,3
511,10
512,9
512,6
513,1
513,3
513,5
513,9
513,13
513,20
513,26
514,6
514,10
515,9
515,26
516,9
516,6
517,5
517,9
517,23
518,6
519,9
519,25
519,6
519,7
520,9
520,6
520,20
521,9
521,20
522,3
522,11
522,10
523,8
524,3
524,11
524,10
525,9
526,21
526,25
526,14
527,1
527,3
527,21
527,25
527,14
528,1
528,9
529,1
529,21
529,25
530,21
530,25
530,14
530,6
531,3
531,21
531,11
531,10
532,8
533,9
533,6
534,1
534,3
534,21
534,25
534,20
535,8
535,18
536,9
537,9
537,25
537,7
537,15
538,9
538,6
539,6
540,1
540,25
540,6
540,7
541,15
541,8
542,25
542,14
542,6
543,9
544,5
544,9
544,15
545,9
545,17
545,25
546,15
546,8
547,9
547,17
548,9
548,6
549,8
550,8
551,9
551,6
552,9
553,1
553,3
553,9
554,5
554,9
554,13
555,9
556,8
557,9
557,20
558,9
558,26
558,15
559,9
559,6
560,6
560,20
561,9
561,6
561,20
562,9
563,17
563,25
563,14
563,20
564,9
564,20
565,9
565,25
566,9
567,5
567,9
567,13
567,17
567,25
567,7
568,9
568,20
568,27
569,1
569,9
569,6
569,26
570,9
571,9
571,20
572,9
573,9
573,8
574,9
575,13
575,15
575,8
576,8
577,6
578,9
579,9
580,6
580,10
580,8
580,24
581,25
582,9
582,25
583,1
583,9
583,13
583,25
583,20
583,26
584,6
585,9
585,25
585,20
586,9
586,6
587,9
587,15
588,5
588,9
588,8
588,18
589,9
589,6
589,20
590,9
590,6
591,5
591,9
591,6
591,8
592,9
593,3
593,9
593,6
593,20
594,25
595,9
596,1
596,11
596,14
597,9
597,25
597,7
598,17
598,25
598,7
599,6
599,20
600,1
600,3
600,9
600,25
600,10
601,3
601,6
601,4
601,10
602,9
602,7
603,9
604,6
604,20
605,9
605,11
605,6
605,15
605,10
606,6
606,4
606,10
607,3
607,11
607,6
607,15
607,4
607,10
608,11
608,6
608,20
608,15
608,4
608,10
609,8
610,6
610,20
611,8
612,25
613,6
613,20
613,15
614,7
614,8
615,13
615,15
615,8
616,5
616,9
616,13
616,20
617,8
618,3
618,5
618,9
618,20
619,6
619,20
620,9
620,7
620,26
621,9
621,14
622,8
623,8
624,8
625,1
625,3
625,21
625,13
625,11
625,6
625,26
625,4
626,6
626,20
627,9
627,6
628,9
628,7
629,1
629,25
630,8
631,8
632,8
633,9
633,6
634,8
635,9
635,6
635,20
636,5
636,8
637,6
637,15
638,25
639,8
640,9
640,16
641,9
641,7
642,9
643,15
643,8
644,9
644,6
645,9
645,13
645,25
645,7
646,1
646,5
646,9
646,13
646,25
646,6
646,7
647,9
647,13
647,8
647,18
648,25
648,14
649,1
649,27
650,9
650,7
651,6
651,20
652,8
653,8
654,9
654,25
654,7
655,1
655,3
655,9
655,25
655,7
655,26
656,6
656,20
657,9
658,1
658,5
658,9
658,26
659,9
660,5
660,9
660,6
661,8
662,5
662,13
662,8
662,18
663,8
664,5
664,6
664,4
664,8
665,1
665,6
666,5
666,9
666,23
667,9
668,6
669,6
669,20
670,9
671,9
672,8
673,6
673,20
674,9
675,9
675,6
675,20
676,5
676,9
676,20
677,9
678,9
678,17
678,25
678,14
679,9
679,6
680,5
680,26
680,8
680,18
681,9
681,25
682,9
682,20
683,9
683,6
684,9
685,9
686,14
687,9
687,15
688,5
688,15
688,8
689,6
689,20
690,9
690,25
691,9
692,9
692,20
693,6
693,20
694,9
695,11
695,6
696,17
696,25
696,14
697,6
698,9
699,9
699,6
700,9
701,9
702,6
702,7
703,6
704,9
705,5
705,13
705,6
705,8
706,8
707,8
708,9
709,8
710,9
710,25
710,26
711,9
711,6
711,20
711,4
712,9
713,5
713,8
714,9
714,6
714,20
715,1
715,3
715,25
715,14
716,6
716,7
717,25
718,9
718,2
719,9
719,6
719,20
720,6
721,6
721,20
722,8
723,9
723,6
724,9
724,25
724,20
725,9
725,6
725,20
726,9
726,20
727,9
727,6
727,15
728,9
729,5
729,9
729,10
729,8
730,8
731,9
731,25
732,11
732,6
732,20
733,9
733,25
733,20
734,1
734,9
734,25
735,9
735,17
735,25
736,8
737,9
738,17
738,25
739,9
739,6
739,10
740,9
741,6
741,20
742,21
742,9
743,9
743,7
744,9
744,7
745,9
746,9
746,13
746,8
747,15
747,8
748,9
748,25
749,1
749,25
750,11
750,14
750,6
750,16
751,9
752,14
753,17
753,25
753,14
754,17
754,25
754,14
755,9
755,23
755,20
756,9
757,9
757,20
757,16
758,9
758,6
758,10
758,16
759,1
759,3
759,21
759,9
759,17
759,25
759,11
759,14
760,9
760,11
760,6
760,20
760,4
761,21
761,25
762,9
763,9
764,14
764,6
765,6
766,9
767,8
768,9
769,9
769,6
770,9
770,17
771,1
771,3
771,21
771,25
771,6
772,1
772,3
772,21
773,3
773,5
773,9
773,8
774,3
774,5
774,8
775,25
775,14
775,6
776,8
777,5
777,13
777,25
777,26
778,14
779,9
779,25
779,7
780,9
781,9
781,25
782,21
782,25
782,14
783,1
783,9
783,17
783,25
783,11
783,14
783,7
784,9
785,5
785,9
785,20
786,5
786,15
786,8
787,9
788,9
788,20
789,20
789,16
790,6
790,20
791,1
791,3
791,21
791,25
792,9
792,17
792,26
793,1
793,9
793,26
794,1
794,3
794,9
795,13
795,8
796,21
796,25
796,14
797,9
797,17
797,25
797,11
797,14
798,1
798,9
798,7
798,27
799,9
800,1
800,21
800,4
801,9
802,8
803,21
803,9
803,25
804,6
805,6
805,20
806,3
806,17
806,25
806,6
806,4
807,6
807,20
808,9
809,1
809,3
809,21
809,11
809,6
809,4
810,1
810,3
810,21
810,11
811,11
811,6
811,20
811,10
812,8
813,9
814,9
815,9
816,9
817,9
818,5
818,8
819,9
819,26
820,8
821,9
821,25
822,1
822,3
823,9
824,3
824,9
825,10
825,8
826,9
826,27
827,9
827,6
827,10
828,3
828,9
828,6
828,20
828,10
829,6
830,25
830,14
830,20
831,9
832,8
833,25
833,6
834,9
834,25
834,7
835,26
835,8
836,1
836,9
836,25
837,5
837,8
838,8
839,1
839,21
839,25
839,14
839,7
840,1
840,21
840,17
840,25
840,14
840,7
841,8
842,9
843,1
843,3
843,6
843,20
843,27
843,10
844,9
844,17
844,11
844,14
845,21
845,9
845,17
845,25
846,1
846,25
846,7
847,8
848,5
848,13
848,6
848,8
849,8
850,9
850,6
851,3
851,21
851,11
851,10
852,6
853,3
853,11
853,10
854,4
855,9
855,6
856,25
856,14
857,9
858,9
859,9
859,17
860,9
860,20
861,8
862,9
862,20
863,9
864,9
864,6
864,20
865,9
865,13
865,20
865,26
866,9
867,5
867,8
868,9
868,20
869,9
870,3
870,6
871,1
871,9
871,17
871,25
871,14
871,6
871,7
872,9
872,25
872,20
872,7
873,8
874,1
874,9
874,25
875,1
875,3
875,21
875,9
875,13
875,11
876,1
876,9
876,25
876,7
877,9
877,6
878,1
878,21
878,4
878,10
879,9
880,25
880,20
881,3
881,9
881,25
881,10
882,8
883,5
883,9
884,6
884,20
885,14
886,1
886,3
886,8
887,9
888,8
889,9
890,9
890,11
891,7
891,8
892,9
892,6
892,20
892,7
892,15
893,9
894,21
894,9
895,3
895,21
895,4
895,10
896,21
896,9
896,17
897,21
897,9
897,17
898,21
898,9
898,17
899,25
899,14
900,1
900,17
900,25
901,9
901,17
901,20
901,26
902,1
902,21
902,6
903,9
904,8
905,9
905,17
905,25
905,14
905,20
906,8
907,9
907,17
907,25
908,9
909,9
910,9
910,6
911,9
911,20
911,15
912,9
913,9
914,9
914,20
915,6
915,20
916,1
916,3
916,6
916,7
917,3
917,9
917,13
917,20
917,26
918,8
919,6
920,5
920,9
920,7
921,21
921,25
922,21
922,14
923,9
923,7
924,9
924,20
925,9
926,1
926,9
926,17
926,25
926,7
927,21
927,17
927,25
927,14
927,6
928,1
928,3
928,21
928,11
929,1
929,3
929,21
929,25
929,11
930,1
930,3
930,21
930,11
931,1
931,3
931,21
931,11
932,9
932,6
932,20
933,9
933,20
933,15
934,1
934,21
934,25
934,14
935,1
935,21
935,25
935,14
936,25
936,7
937,1
937,3
937,21
937,9
937,25
938,9
938,20
939,9
939,6
939,20
940,15
940,8
941,1
941,3
941,21
941,10
942,9
943,1
943,3
943,9
943,25
943,11
944,5
944,9
945,9
946,9
946,6
946,10
947,8
948,9
948,6
948,20
948,7
949,1
949,25
949,6
949,7
949,15
950,6
950,20
951,9
952,1
952,3
952,21
952,25
953,9
953,6
954,6
955,9
955,25
956,9
956,6
957,9
957,25
957,14
958,6
959,9
959,13
959,25
960,9
960,15
961,8
962,9
962,17
962,25
962,14
963,23
963,20
964,1
964,3
964,21
964,9
964,17
964,25
964,27
965,15
965,8
966,1
966,25
966,6
966,7
967,1
967,25
967,6
967,7
968,1
968,3
968,25
968,6
969,9
969,20
970,9
970,17
970,25
970,11
970,20
970,7
971,5
971,9
971,6
971,7
972,9
973,14
973,6
974,11
974,6
975,9
975,6
976,14
976,6
977,6
978,23
978,6
978,10
979,15
979,8
980,25
980,14
981,9
981,6
981,7
982,9
982,6
982,7
983,9
983,17
983,25
984,6
985,9
985,17
985,25
985,14
985,7
986,6
987,9
987,25
987,7
988,6
989,9
989,6
990,9
991,6
992,9
992,14
992,6
992,20
993,1
993,25
993,7
994,9
995,9
995,23
995,15
995,8
996,13
996,15
996,8
997,1
997,25
998,9
998,13
998,25
999,9
999,23
999,8
1000,1
1000,23
1000,6
1000,20
1000,7
1001,23
1001,6
1002,5
1002,9
1002,6
1002,20
1003,9
1004,9
1004,6
1004,15
1005,6
1006,6
1007,3
1007,25
1007,6
1007,7
1008,9
1008,6
1008,20
1008,7
1009,9
1009,6
1009,20
1009,15
1009,10
1010,9
1011,1
1011,9
1011,13
1011,26
1012,1
1012,25
1012,7
1013,1
1013,25
1013,20
1013,7
1014,9
1014,25
1014,7
1015,9
1015,20
1016,6
1017,9
1018,9
1018,6
1019,6
1020,6
1021,9
1021,6
1021,20
1022,1
1022,3
1022,6
1023,8
1024,6
1025,6
1025,7
1026,9
1027,6
1027,4
1027,10
1028,9
1028,25
1028,15
1029,5
1029,9
1030,9
1031,6
1032,9
1032,6
1033,9
1033,17
1033,25
1033,7
1034,17
1034,25
1034,7
1035,11
1035,14
1036,6
1036,20
1036,16
1037,9
1038,6
1038,8
1039,5
1039,10
1039,8
1040,1
1040,9
1040,25
1040,7
1041,1
1041,3
1041,21
1041,11
1042,9
1042,8
1043,9
1043,13
1043,26
1044,1
1044,3
1044,21
1044,25
1044,26
1044,4
1045,9
1045,20
1046,1
1046,9
1047,1
1047,21
1048,5
1048,9
1048,23
1048,6
1049,15
1050,9
1050,16
1051,1
1051,21
1052,1
1052,3
1052,21
1052,25
1052,26
1053,1
1053,9
1053,6
1054,6
1054,7
1055,5
1055,15
1055,8
1056,9
1056,6
1057,8
1058,9
1058,20
1059,9
1060,9
1061,9
1062,8
1063,9
1064,9
1065,15
1065,8
1066,9
1066,11
1066,20
1067,9
1067,26
1068,9
1068,11
1069,9
1069,6
1070,9
1070,6
1070,7
1070,15
1071,15
1071,8
1072,9
1073,9
1073,6
1074,1
1074,9
1075,9
1076,5
1076,9
1077,9
1077,25
1077,6
1077,7
1078,9
1078,11
1078,20
1079,8
1080,15
1080,8
1081,6
1082,25
1082,11
1082,20
1083,11
1083,20
1083,10
1083,16
1084,9
1084,7
1085,9
1085,6
1086,8
1087,9
1088,6
1089,6
1089,20
1090,9
1090,6
1090,10
1091,5
1091,9
1091,13
1092,1
1092,9
1092,25
1093,9
1093,20
1093,16
1094,1
1094,25
1095,8
1096,5
1096,9
1097,3
1097,8
1098,5
1098,9
1098,20
1099,16
1099,8
1100,11
1100,6
1100,20
1101,11
1101,6
1101,10
1102,3
1102,6
1102,4
1102,10
1103,9
1104,8
1105,6
1106,9
1106,6
1107,8
1108,9
1109,9
1109,17
1110,9
1110,20
1111,17
1111,25
1112,9
1112,20
1113,5
1113,9
1114,9
1114,20
1115,9
1115,25
1115,7
1116,9
1116,23
1116,26
1117,8
1117,18
1118,9
1118,25
1118,20
1119,9
1119,6
1119,20
1120,21
1120,9
1121,9
1121,6
1122,9
1122,6
1122,20
1122,15
1123,9
1124,9
1125,6
1126,8
1127,1
1127,9
1127,25
1127,26
1128,8
1129,25
1129,14
1129,6
1130,9
1131,9
1132,9
1132,20
1133,9
1133,20
1134,8
1135,5
1135,13
1135,8
1136,9
1136,6
1137,6
1138,9
1138,6
1138,20
1139,5
1139,9
1139,13
1140,9
1140,25
1141,9
1142,5
1142,8
1143,9
1143,25
1143,20
1143,15
1144,9
1145,9
1145,20
1146,9
1147,1
1147,9
1147,20
1148,9
1148,20
1148,16
1149,9
1149,13
1149,20
1150,17
1150,25
1150,14
1151,9
1151,20
1152,5
1152,7
1152,8
1153,5
1153,8
1154,1
1154,3
1154,9
1154,13
1155,9
1156,9
1156,23
1156,6
1156,20
1157,15
1157,8
1158,8
1159,25
1159,14
1160,14
1161,25
1162,9
1163,5
1163,9
1163,13
1163,20
1164,9
1164,6
1164,20
1165,8
1166,9
1166,7
1166,10
1167,9
1167,10
1168,1
1168,3
1168,11
1168,4
1169,1
1169,3
1169,9
1169,11
1170,9
1170,25
1170,14
1171,9
1172,8
1173,8
1174,9
1174,20
1175,9
1175,17
1175,25
1175,14
1176,9
1176,6
1177,9
1177,6
1177,7
1178,8
1179,6
1179,20
1180,8
1181,6
1182,6
1183,13
1183,8
1183,18
1184,9
1184,6
1185,8
1186,8
1187,8
1188,9
1188,25
1189,6
1190,6
1191,9
1191,6
1192,9
1192,15
1192,8
1193,9
1193,7
1194,9
1194,20
1195,25
1195,14
1195,6
1196,8
1197,8
1198,6
1199,8
1200,3
1200,9
1200,6
1200,20
1200,10
1201,8
1202,11
1202,6
1202,20
1203,9
1203,17
1203,25
1203,7
1204,3
1204,9
1204,20
1204,26
1205,9
1206,1
1206,9
1206,7
1207,1
1207,3
1207,21
1207,25
1207,14
1208,21
1208,17
1208,25
1209,9
1209,13
1210,9
1211,9
1212,5
1212,23
1212,8
1213,9
1214,25
1215,8
1216,5
1216,9
1216,15
1216,16
1217,5
1217,8
1218,9
1218,13
1219,5
1219,8
1220,9
1221,9
1221,6
1222,9
1222,6
1223,21
1223,6
1224,9
1225,25
1225,6
1225,7
1226,9
1226,20
1227,5
1227,9
1228,9
1228,23
1228,6
1228,7
1229,3
1229,6
1229,10
1230,3
1230,9
1230,11
1231,3
1231,9
1231,11
1231,20
1231,4
1232,1
1232,3
1233,1
1233,3
1233,21
1233,6
1233,4
1233,10
1234,21
1234,6
1235,8
1236,9
1236,20
1237,1
1237,6
1237,7
1238,1
1238,25
1238,6
1239,6
1240,8
1241,9
1241,6
1242,9
1242,25
1243,13
1243,10
1243,8
1244,8
1245,6
1245,20
1246,9
1247,6
1248,25
1248,6
1248,7
1249,23
1249,8
1250,9
1250,6
1250,20
1251,5
1251,7
1251,15
1251,8
1252,5
1252,15
1252,8
1253,1
1253,9
1253,7
1254,1
1254,3
1254,4
1255,5
1255,8
1256,8
1257,3
1257,21
1257,6
1257,15
1258,8
1259,5
1259,13
1259,8
1260,1
1260,3
1260,23
1260,8
1261,15
1261,8
1262,15
1262,8
1263,9
1263,6
1263,15
1264,9
1264,13
1264,6
1264,26
1265,8
1266,11
1266,14
1266,6
1267,21
1267,9
1267,25
1267,14
1268,9
1268,11
1268,20
1269,21
1269,9
1269,14
1269,4
1270,8
1271,9
1271,6
1272,9
1273,9
1274,1
1274,3
1274,7
1275,9
1275,17
1275,25
1275,20
1276,1
1276,5
1276,9
1277,8
1278,25
1278,6
1278,20
1278,7
1279,27
1279,8
1280,9
1280,25
1280,6
1280,10
1281,9
1281,20
1281,26
1282,8
1283,9
1284,1
1284,9
1285,1
1285,9
1285,25
1285,7
1286,9
1286,25
1286,15
1287,14
1288,9
1288,6
1289,9
1289,10
1290,9
1290,25
1290,26
1291,21
1291,25
1291,14
1292,9
1293,25
1294,25
1294,14
1295,17
1295,25
1295,14
1296,3
1296,9
1296,17
1296,14
1297,1
1297,6
1297,7
1298,8
1299,1
1299,9
1299,26
1300,15
1301,3
1301,11
1301,6
1302,1
1302,5
1302,9
1302,7
1303,8
1304,9
1304,16
1305,9
1306,9
1306,6
1306,20
1306,15
1307,1
1307,6
1307,7
1308,1
1308,3
1308,21
1308,9
1309,25
1309,14
1310,3
1310,25
1311,14
1311,6
1312,9
1312,15
1313,9
1314,9
1314,25
1315,1
1315,9
1315,14
1316,1
1316,3
1316,21
1317,6
1318,9
1319,9
1319,26
1320,9
1320,8
1321,1
1321,9
1321,17
1321,25
1321,7
1322,5
1322,9
1322,6
1322,7
1323,27
1324,9
1324,25
1325,1
1325,3
1325,25
1325,11
1326,1
1326,9
1327,21
1327,9
1327,17
1327,25
1328,1
1328,3
1328,25
1328,11
1329,23
1329,6
1329,20
1330,25
1330,14
1331,9
1332,9
1332,11
1333,8
1334,5
1334,9
1334,15
1335,9
1335,7
1336,5
1336,9
1336,23
1337,1
1337,21
1337,25
1338,6
1339,9
1339,26
1340,25
1340,14
1341,8
1342,9
1343,9
1343,20
1344,9
1344,6
1344,20
1345,9
1346,9
1347,5
1347,26
1347,8
1348,5
1348,9
1348,6
1348,15
1348,16
1349,9
1349,17
1349,25
1349,20
1350,3
1350,8
1351,9
1351,6
1351,7
1352,9
1353,21
1353,9
1354,9
1354,20
1355,11
1355,6
1355,20
1356,9
1356,13
1356,26
1357,6
1358,9
1358,25
1358,7
1359,9
1359,11
1359,14
1359,20
1360,25
1361,8
1362,1
1362,3
1362,9
1362,25
1363,9
1364,1
1364,25
1364,7
1365,14
1366,9
1366,25
1366,7
1367,14
1368,1
1368,25
1368,11
1368,14
1369,9
1369,25
1369,7
1370,1
1370,9
1370,17
1370,25
1370,7
1371,1
1371,3
1371,11
1371,14
1371,6
1372,1
1372,21
1372,9
1372,11
1373,14
1373,6
1374,1
1374,17
1374,25
1374,14
1375,8
1376,9
1376,13
1376,26
1377,8
1378,5
1378,9
1378,7
1379,9
1379,6
1379,20
1380,9
1380,17
1380,25
1380,6
1381,9
1382,11
1383,9
1383,7
1384,9
1385,9
1385,23
1385,20
1386,9
1386,20
1387,1
1387,25
1387,6
1387,20
1388,9
1388,20
1389,9
1389,6
1390,9
1391,9
1391,6
1392,3
1392,5
1392,9
1392,10
1393,9
1393,6
1394,15
1394,8
1395,25
1396,9
1396,7
1397,9
1397,20
1398,9
1399,6
1400,3
1400,17
1400,25
1400,11
1400,14
1400,6
1401,25
1401,14
1402,9
1402,25
1403,6
1404,8
1405,9
1405,20
1405,8
1406,9
1406,13
1406,6
1407,5
1407,23
1407,8
1408,9
1409,5
1409,9
1409,23
1409,20
1410,5
1410,13
1410,8
1411,9
1411,6
1411,15
1412,9
1412,25
1413,25
1414,1
1414,9
1414,25
1415,26
1415,8
1416,9
1417,5
1417,9
1417,15
1418,9
1418,25
1418,7
1419,9
1419,25
1420,21
1420,9
1421,9
1422,9
1422,6
1422,20
1422,16
1423,3
1423,11
1423,6
1423,4
1423,10
1424,1
1424,9
1425,9
1425,16
1425,8
1426,8
1427,9
1427,20
1427,4
1428,5
1428,9
1429,5
1429,13
1429,26
1429,8
1430,9
1430,6
1430,26
1431,3
1431,9
1431,25
1431,14
1431,27
1432,14
1432,7
1433,8
1434,9
1434,6
1435,9
1435,6
1436,9
1437,9
1437,14
1437,6
1438,9
1438,17
1438,25
1438,14
1439,9
1440,5
1440,8
1441,9
1441,6
1441,20
1442,17
1442,25
1442,14
1442,7
1443,13
1443,17
1443,8
1443,18
1444,21
1444,9
1444,17
1444,14
1445,6
1446,8
1447,9
1447,6
1447,20
1448,9
1449,6
1450,6
1451,9
1451,25
1451,11
1451,20
1452,5
1452,9
1452,23
1453,9
1453,25
1454,9
1455,3
1455,10
1455,8
1456,8
1457,6
1458,5
1458,9
1458,15
1458,16
1459,8
1460,1
1460,5
1460,23
1460,8
1461,9
1461,20
1462,1
1462,21
1462,17
1462,25
1463,9
1463,6
1463,20
1464,9
1464,6
1465,9
1466,9
1467,9
1467,20
1468,9
1468,6
1469,1
1469,21
1469,25
1470,13
1470,8
1471,8
1472,9
1472,6
1473,9
1473,20
1473,7
1474,3
1474,4
1474,10
1475,9
1476,5
1476,9
1477,9
1478,9
1479,6
1479,20
1480,9
1480,6
1480,20
1481,9
1481,20
1482,8
1483,9
1484,23
1484,8
1485,9
1485,6
1485,15
1486,9
1486,17
1486,25
1486,14
1487,1
1487,25
1487,7
1488,9
1488,6
1488,16
1489,5
1489,8
1490,9
1490,11
1491,6
1491,15
1491,10
1492,1
1492,3
1492,11
1492,6
1492,4
1492,10
1493,6
1494,1
1494,9
1495,9
1495,15
1496,1
1496,9
1496,25
1496,7
1497,9
1497,17
1497,25
1497,7
1498,9
1499,9
1499,6
1499,20
1500,23
1500,6
1501,9
1501,6
1502,9
1502,23
1502,20
1502,15
1503,6
1503,20
1504,5
1504,9
1504,15
1504,8
1505,9
1505,25
1505,20
1506,1
1506,9
1506,25
1506,7
1507,9
1507,25
1507,6
1507,7
1508,1
1508,9
1508,25
1508,7
1509,25
1509,7
1510,20
1511,5
1511,9
1512,9
1512,23
1513,9
1514,5
1514,9
1514,20
1515,9
1515,20
1516,9
1517,5
1517,9
1517,23
1518,15
1518,8
1519,9
1519,17
1519,7
1520,9
1521,1
1521,9
1521,7
1522,9
1523,5
1523,9
1523,15
1524,9
1524,6
1524,20
1524,16
1525,6
1525,20
1526,9
1526,20
1527,6
1528,5
1528,9
1528,13
1528,25
1529,3
1529,9
1529,11
1529,10
1530,9
1531,6
1531,20
1532,6
1532,20
1533,9
1533,6
1533,20
1534,9
1534,6
1535,9
1535,17
1535,7
1536,1
1536,21
1536,25
1536,11
1536,7
1537,9
1537,20
1538,9
1539,8
1540,5
1540,9
1540,20
1541,9
1541,6
1541,26
1542,21
1542,9
1542,17
1542,25
1542,14
1543,9
1543,6
1543,20
1544,9
1544,25
1544,7
1545,9
1545,6
1546,17
1546,25
1546,27
1547,8
1548,23
1548,6
1549,6
1550,6
1550,10
1551,8
1552,9
1552,23
1552,6
1553,9
1553,6
1554,8
1555,13
1555,15
1555,8
1556,9
1556,20
1556,27
1557,9
1558,9
1558,15
1559,9
1559,25
1559,7
1560,9
1560,25
1560,20
1561,9
1561,6
1561,20
1562,9
1562,17
1562,6
1563,9
1563,17
1563,25
1563,7
1564,9
1564,20
1565,1
1565,5
1565,9
1565,25
1565,7
1566,9
1566,6
1566,20
1567,8
1568,9
1568,6
1569,9
1569,7
1570,1
1570,9
1570,25
1570,7
1571,9
1571,25
1571,7
1572,3
1572,11
1572,4
1572,10
1573,9
1574,1
1574,13
1574,17
1574,14
1575,9
1575,25
1575,26
1576,9
1576,26
1577,26
1577,8
1578,1
1578,9
1578,7
1579,6
1580,9
1580,15
1581,9
1581,6
1581,20
1581,15
1582,9
1582,11
1582,6
1583,8
1584,9
1584,23
1584,25
1585,6
1586,17
1586,11
1586,14
1586,6
1587,9
1587,17
1587,7
1588,3
1588,6
1588,20
1589,8
1590,8
1591,6
1592,9
1592,25
1593,8
1594,1
1595,8
1596,9
1596,25
1596,6
1596,7
1596,26
1597,9
1597,6
1598,9
1598,25
1598,14
1599,8
1599,22
1600,5
1600,8
1601,9
1601,6
1601,20
1601,7
1602,9
1603,9
1603,25
1603,7
1604,1
1604,25
1604,7
1605,1
1605,3
1605,6
1606,9
1606,7
1607,9
1607,25
1607,7
1608,8
1609,1
1609,3
1609,21
1610,1
1610,9
1610,11
1611,5
1611,9
1611,13
1611,4
1612,9
1612,7
1613,5
1613,8
1614,9
1615,9
1615,17
1615,25
1616,25
1616,6
1617,9
1617,20
1617,16
1618,13
1618,25
1618,7
1618,8
1619,9
1619,6
1619,7
1620,9
1620,25
1620,26
1621,3
1622,9
1622,17
1623,5
1623,9
1623,20
1623,26
1624,5
1624,9
1625,9
1626,15
1626,8
1627,9
1628,9
1628,6
1629,9
1629,25
1629,20
1629,7
1630,14
1630,6
1631,8
1632,7
1632,8
1633,8
1634,1
1634,3
1635,9
1635,17
1635,25
1636,23
1636,8
1637,9
1637,6
1637,20
1638,21
1638,25
1638,6
1639,6
1640,9
1640,11
1640,14
1641,9
1641,26
1641,15
1642,1
1642,25
1643,9
1643,6
1644,9
1644,20
1644,7
1645,8
1646,9
1646,7
1647,9
1647,20
1648,9
1648,6
1648,26
1649,9
1649,25
1649,11
1649,14
1650,9
1651,25
1651,14
1652,14
1652,6
1653,21
1653,25
1653,14
1654,9
1654,17
1654,25
1655,9
1655,6
1656,5
1656,9
1656,13
1656,20
1656,15
1657,9
1658,9
1658,20
1659,9
1660,9
1660,6
1660,20
1661,9
1661,20
1662,9
1663,9
1663,6
1664,25
1665,9
1666,8
1667,9
1667,20
1668,9
1668,8
1669,5
1669,6
1669,8
1670,9
1671,15
1671,8
1672,9
1672,7
1673,9
1673,6
1674,17
1674,25
1674,14
1675,25
1675,14
1676,25
1676,14
1677,8
1678,8
1679,5
1679,9
1680,9
1680,6
1680,16
1681,9
1681,26
1682,9
1683,8
1684,8
1685,5
1685,9
1685,6
1685,7
1686,9
1686,20
1687,25
1687,14
1688,9
1688,20
1689,8
1690,5
1690,13
1690,15
1690,8
1691,9
1692,9
1692,6
1693,9
1694,9
1695,8
1696,8
1697,5
1697,9
1697,7
1698,5
1698,9
1698,7
1699,1
1699,3
1699,21
1699,25
1700,1
1700,3
1700,21
1700,25
1701,1
1701,3
1701,21
1701,25
1702,9
1702,20
1702,26
1702,15
1703,9
1703,6
1703,20
1704,1
1704,3
1704,21
1704,11
1705,9
1705,6
1706,1
1706,3
1706,5
1706,9
1706,25
1706,7
1707,1
1707,3
1707,6
1707,4
1707,10
1708,9
1709,9
1709,25
1709,7
1710,21
1710,25
1711,25
1711,14
1711,7
1712,5
1712,17
1712,7
1712,8
1713,9
1713,6
1713,20
1714,9
1714,25
1714,20
1714,7
1715,9
1715,7
1716,10
1716,8
1717,9
1717,25
1718,9
1718,25
1719,5
1719,9
1719,13
1719,25
1719,7
1720,8
1721,8
1722,9
1722,6
1723,9
1723,6
1724,1
1724,25
1724,14
1724,7
1725,9
1725,20
1726,5
1726,6
1726,16
1726,8
1727,21
1727,9
1727,14
1728,9
1728,6
1729,23
1729,6
1729,4
1729,10
1730,6
1730,4
1731,3
1731,23
1731,6
1731,4
1731,10
1732,1
1732,9
1732,26
1732,8
1733,9
1734,6
1735,3
1735,9
1735,6
1735,20
1736,17
1736,25
1736,14
1737,9
1737,6
1737,20
1738,6
1738,16
1739,25
1740,8
1741,1
1741,3
1741,25
1742,25
1742,14
1743,9
1743,25
1743,20
1743,7
1744,3
1744,9
1745,8
1746,9
1747,8
1748,1
1748,6
1749,5
1749,9
1749,13
1749,25
1750,9
1750,6
1750,20
1751,25
1752,5
1752,9
1752,6
1752,7
1753,1
1753,3
1753,6
1753,7
1753,10
1754,7
1754,8
1755,9
1755,6
1756,9
1757,9
1757,6
1758,25
1758,8
1759,9
1759,6
1760,9
1760,11
1760,6
1760,4
1760,10
1760,16
1761,1
1761,3
1761,6
1761,10
1762,1
1762,6
1762,10
1763,1
1763,11
1763,7
1764,8
1765,9
1766,13
1766,8
1767,25
1767,14
1768,6
1769,25
1770,9
1770,13
1770,15
1771,1
1771,6
1772,6
1773,8
1774,9
1774,6
1774,20
1775,21
1775,25
1775,14
1776,1
1776,9
1776,25
1776,7
1777,26
1777,8
1778,9
1779,14
1780,13
1780,8
1781,1
1781,3
1781,21
1781,11
1781,10
1782,9
1782,15
1783,9
1783,25
1784,1
1784,6
1784,7
1785,1
1785,3
1785,9
1785,13
1785,25
1785,26
1786,6
1787,9
1788,6
1789,9
1790,5
1791,9
1792,5
1792,9
1793,5
1793,9
1793,13
1794,9
1795,8
1796,9
1797,9
1797,6
1798,23
1798,8
1799,3
1800,1
1800,3
1800,9
1800,11
1800,6
1800,16
1801,9
1801,13
1801,17
1801,25
1802,9
1802,25
1803,9
1803,23
1803,8
1804,9
1804,20
1805,9
1805,14
1805,7
1806,9
1806,6
1806,7
1807,9
1807,6
1807,20
1808,1
1808,3
1808,21
1808,11
1809,5
1809,9
1809,13
1809,25
1809,7
1810,1
1810,21
1810,25
1810,6
1811,9
1811,7
1812,9
1812,13
1813,3
1813,11
1813,6
1813,10
1814,9
1814,6
1815,1
1815,9
1815,25
1815,6
1815,20
1816,5
1816,9
1816,7
1817,9
1817,11
1817,20
1818,5
1818,8
1819,9
1819,13
1819,25
1819,8
1820,5
1820,9
1821,1
1821,3
1821,6
1821,7
1822,1
1822,3
1822,6
1823,1
1823,3
1823,6
1823,7
1824,9
1825,9
1825,25
1825,20
1825,26
1826,9
1826,20
1827,11
1827,6
1827,10
1828,9
1829,8
1830,5
1830,8
1831,6
1831,20
1832,8
1833,9
1833,23
1834,6
1835,5
1835,15
1835,8
1836,8
1837,5
1837,13
1837,15
1837,8
1838,5
1838,9
1838,13
1838,26
1839,25
1839,6
1840,6
1840,10
1841,3
1841,6
1841,10
1842,4
1843,9
1843,6
1844,6
1845,8
1846,8
1847,9
1848,9
1848,20
1849,9
1849,20
1850,9
1850,17
1850,25
1850,6
1851,25
1851,14
1852,9
1852,7
1853,9
1853,20
1854,9
1854,6
1855,9
1855,6
1855,7
1855,16
1856,9
1856,6
1856,7
1856,16
1857,13
1857,26
1857,4
1857,8
1858,3
1858,21
1858,6
1858,4
1858,10
1859,6
1859,4
1859,10
1860,9
1860,6
1861,20
1861,15
1861,4
1862,9
1862,25
1863,9
1863,25
1863,7
1864,9
1865,9
1866,3
1866,21
1866,9
1866,17
1866,25
1867,9
1867,20
1868,3
1868,9
1868,17
1868,11
1868,4
1868,10
1869,8
1870,14
1871,9
1872,8
1873,8
1874,23
1874,8
1875,9
1876,8
1877,9
1877,6
1877,20
1878,1
1878,9
1878,6
1878,7
1879,8
1880,9
1880,25
1881,9
1881,6
1882,9
1882,6
1882,10
1883,9
1883,17
1883,20
1884,9
1884,6
1885,5
1885,8
1886,5
1886,9
1886,7
1887,5
1887,20
1887,8
1888,5
1888,9
1889,9
1889,20
1890,6
1890,20
1890,10
1891,6
1891,10
1892,3
1892,9
1892,11
1892,6
1892,4
1892,10
1892,16
1893,9
1894,1
1894,21
1894,9
1894,25
1894,14
1895,9
1895,25
1895,7
1896,9
1896,7
1897,5
1897,9
1897,23
1898,9
1898,6
1899,9
1899,25
1899,7
1900,9
1900,20
1900,16
1901,5
1901,9
1901,25
1902,9
1902,6
1903,8
1904,3
1904,9
1904,11
1904,20
1904,10
1905,11
1905,6
1905,20
1905,10
1905,16
1906,5
1906,9
1906,23
1907,8
1908,8
1909,9
1909,8
1910,9
1911,9
1912,5
1912,8
1913,9
1914,1
1914,3
1914,25
1914,11
1914,14
1914,6
1915,9
1915,11
1915,10
1915,16
1915,22
1916,11
1917,9
1917,25
1917,14
1918,8
1919,9
1919,7
1920,5
1920,13
1920,8
1921,8
1922,9
1922,8
1923,1
1923,14
1923,6
1924,8
1925,9
1925,17
1925,25
1925,7
1926,8
1927,9
1927,6
1928,3
1928,21
1928,11
1928,10
1929,9
1929,25
1929,7
1930,26
1930,8
1931,9
1931,7
1932,5
1932,8
1933,5
1933,9
1933,17
1933,25
1933,7
1934,9
1934,13
1934,26
1935,9
1935,7
1936,1
1937,9
1937,25
1938,9
1938,25
1938,7
1939,21
1939,9
1939,11
1939,6
1939,10
1940,9
1941,9
1942,9
1943,9
1943,13
1944,9
1944,25
1944,6
1944,10
1945,9
1945,25
1946,1
1946,3
1946,9
1946,11
1947,1
1947,3
1947,11
1948,8
1949,9
1949,15
1950,9
1951,9
1952,9
1953,9
1953,6
1954,9
1954,11
1954,6
1955,8
1956,25
1957,3
1957,21
1957,9
1957,11
1957,14
1957,6
1957,20
1957,4
1957,10
1957,16
1958,4
1958,10
1959,9
1960,9
1960,17
1960,25
1960,14
1960,15
1960,16
1961,3
1961,21
1961,25
1962,1
1962,25
1963,9
1964,25
1964,14
1964,7
1965,9
1965,17
1965,25
1965,7
1966,9
1966,20
1967,21
1967,25
1967,14
1968,9
1969,21
1969,9
1969,17
1970,9
1970,15
1971,9
1972,6
1972,4
1972,10
1973,21
1973,11
1973,6
1973,4
1973,10
1974,25
1974,6
1974,7
1975,1
1975,21
1975,17
1975,25
1976,25
1976,6
1977,9
1978,9
1978,23
1979,9
1980,7
1980,8
1981,14
1981,6
1982,3
1982,17
1982,11
1982,14
1982,6
1982,15
1982,4
1982,10
1982,16
1983,5
1983,9
1984,9
1984,20
1985,9
1986,9
1986,15
1987,21
1987,9
1987,25
1987,20
1988,9
1988,8
1989,1
1989,6
1989,7
1990,9
1991,8
1992,9
1992,6
1992,15
1993,6
1994,1
1994,6
1995,9
1995,6
1996,21
1996,25
1997,1
1997,17
1997,25
1998,13
1998,4
1998,8
1999,9
1999,25
1999,7
2000,9
2000,17
2000,25
2001,9
2001,25
2001,7
2002,9
2002,20
2002,26
2003,1
2003,9
2003,25
2003,7
2004,9
2004,6
2005,9
2005,6
2006,9
2006,20
2006,15
2007,9
2008,9
2008,25
2009,5
2009,9
2009,13
2010,9
2010,6
2011,8
2012,9
2012,25
2012,7
2013,9
2013,20
2014,1
2014,25
2015,8
2016,8
2017,6
2018,3
2018,9
2018,6
2018,10
2019,1
2019,25
2019,7
2020,5
2020,13
2020,8
2020,18
2021,1
2021,3
2021,9
2021,25
2022,9
2022,13
2022,25
2022,20
2023,9
2023,6
2024,21
2024,14
2025,1
2025,21
2025,9
2025,25
2025,11
2025,6
2026,9
2026,6
2026,20
2027,8
2028,9
2028,25
2029,9
2029,6
2030,3
2030,9
2030,11
2031,9
2031,20
2032,9
2032,6
2032,16
2033,14
2034,9
2034,17
2034,25
2034,14
2035,9
2036,25
2036,14
2036,6
2037,21
2037,14
2038,9
2038,20
2039,9
2039,13
2039,26
2040,8
2041,9
2042,21
2042,9
2042,6
2042,20
2043,8
2044,6
2045,9
2046,9
2047,6
2047,20
2048,9
2049,8
2050,9
2050,6
2051,8
2052,6
2053,9
2054,9
2054,17
2054,25
2055,9
2055,25
2055,7
2056,6
2057,8
2058,1
2058,3
2058,11
2059,9
2059,13
2059,8
2060,15
2060,8
2061,9
2062,9
2063,5
2063,9
2063,23
2064,8
2065,8
2066,5
2066,9
2066,25
2066,6
2066,20
2066,7
2067,6
2067,20
2068,6
2068,20
2068,15
2068,10
2069,6
2069,20
2070,25
2070,7
2071,9
2071,6
2071,20
2072,8
2073,6
2073,7
2074,9
2075,25
2075,11
2075,14
2076,9
2077,9
2077,17
2077,6
2077,4
2078,1
2078,21
2078,25
2079,8
2080,25
2081,9
2081,25
2081,14
2082,5
2082,9
2082,15
2083,9
2083,25
2083,20
2083,7
2084,8
2085,3
2085,9
2086,9
2086,6
2086,20
2087,5
2087,9
2087,25
2088,9
2089,15
2089,8
2090,8
2091,1
2091,21
2091,14
2091,6
2092,25
2093,1
2093,6
2093,7
2094,9
2095,1
2095,25
2095,7
2096,9
2096,13
2096,15
2097,3
2097,11
2097,4
2097,10
2098,9
2098,13
2098,25
2099,6
2099,7
2100,9
2101,14
2101,6
2102,11
2102,20
2102,15
2102,4
2103,9
2104,9
2105,9
2106,9
2107,9
2108,9
2108,7
2109,6
2109,20
2109,16
2110,9
2111,25
2111,14
2112,8
2113,8
2114,9
2114,15
2115,13
2115,8
2116,6
2117,9
2118,9
2119,8
2120,9
2120,20
2121,1
2121,21
2121,25
2121,6
2121,7
2121,4
2122,8
2123,9
2124,1
2124,21
2124,25
2124,27
2125,9
2125,6
2126,9
2126,6
2126,20
2126,15
2127,21
2127,9
2127,6
2128,9
2128,25
2128,20
2129,1
2129,9
2129,25
2129,7
2130,1
2130,9
2130,25
2130,7
2131,1
2131,25
2131,7
2132,9
2132,7
2133,1
2133,3
2133,9
2133,25
2133,14
2134,9
2134,25
2135,6
2136,9
2136,20
2136,15
2137,8
2138,8
2139,5
2139,7
2139,8
2140,6
2140,7
2141,6
2141,20
2142,6
2142,20
2143,8
2144,9
2144,20
2145,8
2146,5
2146,9
2147,21
2147,9
2148,14
2149,9
2149,23
2150,1
2150,9
2150,23
2151,8
2152,17
2152,25
2152,14
2153,9
2154,8
2155,5
2155,7
2155,8
2155,18
2156,9
2156,25
2157,9
2157,25
2157,6
2157,7
2158,1
2158,21
2158,9
2158,17
2158,25
2158,7
2159,9
2159,25
2159,7
2160,9
2160,25
2161,9
2161,17
2161,25
2161,11
2161,14
2161,20
2162,8
2163,9
2163,25
2164,9
2165,8
2166,3
2166,6
2167,9
2167,23
2168,9
2168,17
2168,7
2169,8
2170,14
2170,8
2171,9
2172,9
2173,15
2173,8
2174,8
2175,1
2175,23
2176,3
2176,9
2176,6
2176,20
2176,15
2177,1
2177,3
2177,9
2177,11
2177,20
2178,1
2178,3
2178,9
2178,11
2179,9
2179,7
2180,5
2180,9
2180,20
2180,7
2181,1
2181,9
2181,17
2181,25
2181,7
2182,8
2183,1
2183,25
2183,6
2183,20
2183,7
2183,10
2184,9
2184,6
2184,20
2185,9
2185,25
2185,27
2186,9
2186,17
2186,25
2186,14
2187,4
2188,3
2188,6
2189,9
2189,6
2190,15
2190,8
2191,15
2191,8
2192,8
2193,6
2194,8
2195,5
2195,15
2195,8
2196,6
2196,15
2197,17
2197,25
2197,14
2197,7
2198,3
2198,6
2198,4
2198,10
2199,1
2199,9
2199,20
2200,25
2200,11
2200,14
2200,6
2201,9
2202,25
2203,6
2203,20
2204,1
2204,9
2204,25
2204,7
2205,8
2206,9
2206,6
2207,4
2207,22
2208,9
2209,9
2209,16
2210,9
2210,13
2210,6
2211,6
2212,6
2212,8
2213,3
2213,9
2213,26
2214,25
2214,6
2214,20
2215,6
2215,10
2216,6
2216,10
2217,9
2217,6
2218,6
2219,6
2220,9
2220,20
2221,6
2222,5
2222,9
2222,25
2222,14
2222,7
2223,1
2223,9
2223,7
2224,9
2225,5
2225,9
2225,13
2226,9
2226,6
2227,1
2227,17
2227,25
2228,9
2228,6
2228,27
2229,9
2229,6
2229,20
2230,9
2230,6
2230,20
2231,1
2231,6
2231,15
2232,8
2233,9
2233,16
2234,8
2235,9
2235,17
2236,8
2237,9
2237,20
2238,9
2238,17
2238,20
2239,25
2240,25
2240,14
2241,9
2241,6
2241,15
2242,6
2242,20
2243,5
2243,13
2243,15
2243,4
2243,8
2244,9
2245,1
2245,21
2245,25
2245,11
2245,7
2246,8
2247,1
2247,9
2247,25
2247,7
2248,1
2248,9
2248,20
2248,26
2249,9
2249,25
2249,7
2250,8
2251,9
2252,9
2252,8
2253,25
2253,14
2254,9
2255,8
2256,9
2257,1
2257,3
2257,21
2258,9
2258,17
2258,25
2259,9
2259,17
2259,25
2260,9
2260,17
2260,25
2260,11
2260,14
2260,6
2261,21
2261,25
2261,14
2262,5
2262,8
2263,9
2263,25
2264,25
2265,9
2265,25
2265,14
2266,9
2266,25
2266,14
2267,5
2267,9
2267,13
2267,25
2268,5
2268,9
2268,13
2268,26
2269,25
2269,14
2270,25
2270,14
2271,9
2272,8
2273,8
2274,5
2274,9
2274,6
2274,15
2275,6
2276,6
2276,20
2277,25
2277,6
2277,20
2278,9
2278,6
2278,20
2279,26
2279,8
2280,9
2281,9
2282,6
2282,15
2282,8
2283,3
2283,14
2283,6
2284,6
2284,15
2285,15
2285,16
2285,8
2286,15
2286,8
2287,15
2287,8
2288,5
2288,8
2289,9
2289,25
2289,14
2290,1
2290,21
2290,9
2290,25
2291,9
2291,25
2292,13
2292,8
2293,9
2293,25
2293,7
2294,1
2294,25
2294,11
2295,9
2296,1
2296,21
2296,9
2296,25
2296,11
2296,14
2297,9
2297,20
2298,25
2299,9
2300,1
2300,9
2300,26
2301,25
2301,7
2302,9
2302,6
2302,15
2303,9
2304,5
2304,9
2304,20
2304,15
2304,16
2305,5
2305,8
2306,25
2306,14
2306,6
2306,16
2307,1
2307,9
2307,25
2307,7
2308,9
2308,27
2309,9
2309,25
2309,7
2310,9
2310,25
2310,7
2311,21
2311,9
2311,25
2311,6
2311,7
2312,9
2312,6
2312,10
2312,16
2313,17
2313,25
2313,14
2314,25
2314,14
2314,6
2315,1
2315,14
2315,6
2316,8
2317,9
2317,25
2317,7
2318,8
2319,1
2319,3
2319,21
2319,25
2319,11
2319,6
2319,20
2320,1
2320,3
2320,21
2320,6
2321,9
2322,6
2323,5
2323,8
2324,9
2324,6
2324,20
2325,9
2325,13
2326,6
2327,9
2327,16
2328,9
2328,20
2329,9
2329,20
2329,26
2330,8
2331,9
2331,6
2331,20
2331,7
2332,9
2332,6
2333,5
2333,9
2333,7
2333,8
2334,6
2335,6
2336,9
2336,13
2336,8
2336,18
2337,9
2337,25
2337,20
2338,9
2338,20
2338,26
2339,1
2339,3
2339,9
2339,17
2339,25
2339,11
2339,14
2339,7
2340,6
2340,16
2341,13
2341,8
2342,9
2342,17
2342,25
2342,7
2343,1
2343,21
2343,25
2344,1
2344,9
2344,25
2345,25
2345,6
2345,7
2345,16
2346,1
2346,9
2346,25
2346,7
2347,14
2347,6
2348,1
2348,6
2348,20
2349,9
2349,20
2350,9
2350,17
2350,25
2350,20
2350,7
2351,8
2352,6
2352,10
2353,9
2354,9
2355,8
2356,9
2356,6
2356,20
2357,8
2358,8
2358,22
2359,13
2359,23
2359,8
2360,8
2361,1
2361,9
2361,25
2362,14
2362,6
2363,8
2364,1
2364,9
2364,13
2364,25
2364,26
2365,9
2365,6
2365,20
2366,9
2366,6
2366,7
2367,1
2367,21
2367,25
2367,20
2368,3
2368,11
2368,6
2368,20
2368,4
2369,8
2370,6
2370,20
2371,9
2371,6
2372,9
2372,6
2372,20
2373,7
2373,8
2374,1
2374,25
2374,14
2374,7
2375,9
2375,6
2376,1
2376,3
2376,6
2377,8
2378,9
2378,6
2379,25
2379,14
2379,6
2380,1
2380,3
2380,11
2380,4
2381,14
2382,9
2382,17
2382,25
2383,1
2383,9
2383,17
2383,25
2383,7
2384,5
2384,9
2384,13
2385,17
2385,25
2385,7
2386,9
2386,6
2386,15
2387,9
2387,25
2387,14
2388,9
2388,25
2389,5
2389,15
2389,8
2390,8
2391,8
2392,9
2392,25
2393,5
2393,9
2394,5
2394,9
2395,13
2395,26
2395,8
2396,1
2396,9
2396,25
2396,14
2397,6
2397,20
2398,6
2398,4
2398,10
2399,3
2399,21
2399,6
2399,7
2399,4
2399,10
2400,1
2400,3
2400,21
2400,6
2400,4
2400,10
2401,9
2401,17
2401,25
2401,20
2402,13
2402,26
2402,8
2403,9
2403,6
2403,20
2404,1
2404,9
2404,17
2404,25
2404,7
2405,9
2406,1
2406,17
2406,25
2406,7
2407,14
2407,6
2408,9
2408,25
2409,25
2410,25
2411,9
2411,13
2411,25
2411,7
2412,9
2412,6
2412,20
2413,8
2414,6
2415,1
2415,9
2415,7
2416,9
2416,17
2416,25
2416,14
2417,14
2418,5
2418,9
2418,25
2418,7
2419,9
2419,6
2419,26
2420,17
2420,25
2421,9
2421,7
2422,9
2423,1
2423,3
2423,25
2423,27
2424,21
2424,9
2424,11
2424,6
2425,9
2426,9
2426,6
2427,5
2427,9
2427,20
2428,8
2429,5
2429,9
2429,16
2430,5
2430,8
2431,9
2432,9
2433,9
2433,6
2433,20
2434,6
2434,10
2435,6
2436,6
2436,10
2437,6
2437,10
2438,21
2438,25
2438,14
2439,9
2439,8
2440,6
2441,9
2441,6
2441,20
2442,8
2443,1
2443,3
2443,25
2444,6
2445,5
2445,23
2445,8
2446,6
2446,20
2447,5
2447,9
2447,13
2447,7
2448,15
2448,8
2449,17
2449,25
2449,11
2449,14
2450,9
2450,6
2451,9
2452,5
2452,9
2452,17
2452,25
2452,11
2452,14
2453,1
2453,3
2453,25
2453,11
2453,4
2454,6
2455,8
2456,6
2457,9
2457,20
2457,7
2458,3
2458,25
2458,4
2458,10
2459,3
2459,9
2459,25
2459,8
2460,8
2461,9
2462,9
2462,20
2462,7
2463,9
2463,25
2463,7
2464,9
2464,20
2465,9
2466,9
2467,6
2468,9
2468,6
2469,6
2469,20
2470,9
2470,25
2470,7
2471,9
2471,8
2472,9
2472,6
2473,9
2473,17
2473,25
2474,1
2474,3
2474,9
2475,6
2476,9
2476,25
2477,8
2478,8
2479,9
2479,25
2480,9
2481,9
2481,20
2482,9
2482,25
2483,9
2484,1
2484,21
2485,1
2485,21
2485,25
2486,1
2486,21
2486,25
2486,7
2487,17
2487,25
2488,8
2489,1
2489,3
2489,21
2489,9
2489,20
2490,8
2491,9
2491,6
2491,26
2492,9
2492,6
2492,20
2492,26
2493,21
2493,9
2494,6
2495,9
2495,7
2496,5
2496,9
2496,26
2496,15
2497,1
2497,3
2497,9
2497,7
2497,27
2498,8
2499,8
2500,8
2501,1
2501,3
2502,9
2502,25
2502,11
2502,14
2503,1
2503,3
2503,21
2503,11
2504,5
2504,10
2504,8
2504,18
2505,23
2505,6
2506,9
2507,9
2507,6
2508,1
2508,9
2508,25
2508,7
2509,9
2510,9
2511,9
2511,25
2511,7
2512,9
2513,23
2513,8
2514,9
2514,17
2514,25
2515,8
2516,5
2516,9
2516,6
2517,1
2517,3
2517,11
2517,6
2517,10
2518,9
2518,20
2519,10
2519,16
2520,5
2520,13
2520,8
2521,9
2522,9
2522,10
2523,9
2523,6
2523,7
2524,9
2525,17
2525,25
2525,7
2526,8
2527,25
2527,14
2528,1
2528,9
2528,25
2528,7
2529,25
2529,7
2530,9
2530,6
2530,20
2531,9
2531,17
2531,25
2532,9
2532,6
2533,3
2533,9
2533,6
2534,9
2534,6
2535,9
2536,9
2536,25
2537,9
2537,11
2537,20
2537,10
2537,16
2538,21
2538,9
2538,17
2539,9
2540,25
2540,14
2541,5
2541,13
2541,8
2542,25
2542,14
2542,7
2543,1
2543,9
2543,25
2543,14
2543,7
2544,9
2545,21
2545,9
2546,9
2546,15
2547,17
2548,14
2548,16
2549,14
2550,17
2550,25
2550,14
2551,9
2551,17
2551,25
2551,11
2551,14
2552,21
2552,9
2552,6
2553,9
2553,20
2554,9
2554,25
2554,7
2555,8
2556,9
2557,6
2558,15
2558,8
2559,9
2559,6
2560,5
2560,9
2560,6
2561,3
2561,6
2561,4
2561,10
2562,1
2562,3
2562,21
2562,25
2562,14
2563,1
2563,21
2563,25
2564,9
2564,6
2564,20
2565,9
2565,6
2565,7
2566,1
2566,3
2566,10
2567,6
2567,20
2568,6
2569,9
2570,9
2570,25
2570,20
2571,8
2572,9
2572,25
2572,20
2573,9
2573,6
2574,1
2574,25
2574,6
2574,7
2575,9
2575,17
2576,9
2576,6
2577,9
2577,6
2578,5
2578,9
2579,9
2579,25
2579,11
2579,14
2580,6
2580,15
2581,15
2581,8
2582,9
2582,25
2582,20
2583,6
2583,7
2584,9
2584,25
2584,20
2585,11
2585,6
2585,20
2586,9
2587,9
2587,6
2587,20
2588,6
2588,20
2589,5
2589,9
2589,13
2589,26
2590,9
2590,6
2591,9
2591,25
2592,21
2592,9
2592,6
2593,9
2593,20
2594,9
2594,6
2595,8
2596,6
2596,20
2596,10
2597,11
2597,4
2597,10
2598,9
2598,6
2598,20
2599,1
2599,14
2599,20
2600,14
2600,16
2601,1
2601,9
2601,11
2601,14
2601,26
2602,9
2602,23
2603,25
2603,14
2604,1
2604,3
2604,9
2604,17
2604,25
2604,7
2605,1
2605,9
2606,1
2606,3
2606,9
2607,1
2607,9
2607,25
2607,11
2607,14
2608,1
2608,3
2608,21
2608,25
2608,11
2609,9
2609,17
2609,25
2609,11
2609,20
2610,8
2611,9
2612,11
2613,5
2613,9
2613,23
2613,6
2614,9
2614,17
2614,25
2615,21
2615,9
2615,25
2615,11
2615,14
2616,7
2616,10
2616,8
2617,9
2617,23
2617,10
2618,9
2618,16
2619,3
2619,9
2619,17
2620,9
2620,25
2621,11
2621,14
2621,6
2621,7
2622,9
2622,8
2623,13
2623,8
2623,18
2624,1
2624,21
2624,25
2624,7
2625,8
2626,9
2626,23
2627,6
2628,9
2628,6
2628,20
2629,1
2629,9
2630,1
2630,25
2631,1
2631,6
2631,7
2632,9
2633,1
2633,9
2633,23
2634,5
2634,9
2634,25
2635,9
2636,9
2636,6
2637,17
2637,6
2637,7
2638,1
2638,9
2638,25
2638,7
2639,9
2639,6
2639,20
2639,15
2640,9
2640,6
2641,5
2641,13
2641,6
2641,8
2642,9
2642,10
2643,9
2643,6
2644,9
2645,9
2645,6
2645,20
2646,6
2647,1
2647,21
2647,17
2647,6
2648,6
2649,9
2649,6
2649,15
2650,9
2650,25
2651,3
2651,9
2651,10
2652,6
2653,6
2654,3
2654,11
2654,4
2654,10
2655,8
2656,9
2656,6
2656,20
2657,9
2657,6
2657,16
2658,1
2658,3
2658,21
2658,9
2659,1
2659,9
2660,1
2660,3
2660,11
2661,1
2661,9
2661,13
2661,25
2661,26
2662,6
2663,25
2663,20
2664,9
2664,27
2665,1
2665,3
2665,8
2666,9
2666,25
2667,17
2667,25
2667,14
2668,6
2668,8
2669,5
2669,9
2669,15
2669,16
2669,8
2670,8
2671,8
2672,1
2672,17
2672,25
2673,6
2673,20
2674,5
2674,8
2675,3
2675,11
2675,6
2675,4
2675,10
2676,8
2677,8
2678,3
2678,21
2678,10
2679,9
2679,17
2679,25
2679,20
2679,7
2680,9
2681,11
2681,4
2681,10
2682,9
2683,9
2683,6
2684,8
2685,9
2686,9
2686,17
2686,25
2686,7
2687,9
2687,6
2687,20
2688,6
2688,20
2689,9
2689,25
2689,7
2690,1
2690,9
2690,25
2690,7
2691,6
2691,20
2692,9
2692,20
2693,5
2693,15
2693,8
2694,8
2695,6
2696,8
2697,6
2698,6
2698,20
2699,9
2699,20
2700,15
2700,8
2701,5
2701,9
2701,13
2701,23
2701,6
2702,14
2702,6
2703,9
2704,9
2705,9
2705,13
2705,15
2706,25
2706,7
2707,9
2707,25
2707,7
2708,1
2708,21
2709,9
2709,25
2710,9
2711,9
2711,25
2712,9
2713,6
2714,3
2714,9
2714,20
2714,10
2715,9
2715,6
2715,4
2715,16
2716,1
2716,21
2716,25
2716,14
2716,6
2717,9
2717,6
2718,5
2718,6
2718,20
2719,5
2719,9
2719,7
2720,9
2721,8
2722,1
2722,9
2723,5
2723,9
2723,15
2724,9
2725,9
2725,25
2726,25
2726,6
2726,7
2727,9
2728,6
2729,8
2730,9
2731,9
2732,9
2732,20
2733,1
2733,3
2733,11
2734,6
2735,9
2736,5
2736,9
2736,10
2736,8
2737,9
2737,7
2738,3
2738,5
2738,10
2738,8
2739,8
2740,8
2741,11
2741,6
2741,10
2742,9
2742,25
2742,20
2742,7
2743,1
2743,9
2743,25
2743,7
2744,21
2744,25
2745,5
2745,9
2745,13
2745,20
2746,9
2746,6
2746,20
2747,11
2747,6
2747,20
2747,10
2748,9
2748,25
2748,6
2749,9
2750,6
2751,9
2751,6
2752,4
2752,10
2753,9
2753,6
2753,20
2753,10
2754,9
2754,6
2754,20
2755,8
2756,14
2756,6
2757,13
2757,6
2758,1
2758,21
2758,9
2758,25
2759,9
2759,20
2759,15
2760,1
2760,9
2760,23
2761,3
2761,9
2761,13
2762,25
2762,14
2763,9
2763,8
2764,9
2765,9
2765,6
2766,8
2767,8
2768,9
2768,13
2768,26
2769,9
2769,25
2769,7
2770,5
2770,9
2770,13
2770,20
2770,10
2771,6
2771,20
2772,9
2773,9
2774,9
2774,6
2775,3
2775,9
2775,11
2775,6
2775,4
2775,10
2775,16
2776,11
2776,6
2776,20
2776,10
2776,16
2777,21
2777,25
2778,8
2779,9
2780,5
2780,15
2780,8
2781,9
2782,3
2782,9
2783,9
2783,17
2783,25
2783,7
2784,1
2784,3
2784,21
2785,9
2786,9
2786,20
2787,5
2787,9
2787,11
2788,9
2788,25
2789,1
2789,25
2790,8
2791,17
2791,25
2792,9
2792,13
2792,25
2792,26
2793,1
2793,7
2794,5
2794,9
2794,15
2795,9
2795,17
2795,25
2795,20
2795,26
2796,1
2796,3
2796,9
2796,17
2796,7
2797,9
2797,25
2798,6
2799,8
2800,9
2800,6
2800,20
2801,25
2802,9
2802,25
2803,9
2804,6
2805,6
2806,8
2807,3
2807,11
2807,6
2807,4
2807,10
2808,3
2808,6
2809,8
2810,21
2810,9
2810,20
2811,1
2811,21
2811,9
2811,25
2812,9
2813,1
2813,3
2813,11
2813,10
2814,1
2814,25
2815,5
2815,9
2815,20
2816,9
2816,6
2817,9
2817,6
2817,4
2817,10
2818,9
2819,1
2819,3
2819,21
2819,9
2819,25
2819,11
2819,20
2819,4
2820,8
2820,18
2821,3
2821,21
2821,6
2821,4
2821,10
2822,25
2823,9
2823,11
2823,14
2824,1
2824,21
2824,9
2824,17
2824,25
2824,7
2825,1
2825,3
2825,21
2825,9
2825,17
2825,25
2825,14
2826,1
2826,3
2826,21
2826,17
2826,25
2826,14
2827,5
2827,9
2828,8
2829,9
2829,25
2829,20
2829,7
2830,9
2830,13
2830,20
2831,9
2832,17
2832,25
2832,14
2833,9
2833,6
2833,20
2834,9
2834,20
2835,1
2835,3
2835,21
2835,9
2835,11
2836,9
2836,25
2837,9
2837,13
2837,4
2838,15
2838,8
2839,9
2839,6
2840,3
2840,9
2840,17
2841,9
2842,21
2842,25
2842,14
2843,3
2843,6
2844,6
2844,15
2845,9
2845,25
2846,5
2846,13
2846,8
2847,11
2847,6
2847,10
2848,1
2848,21
2848,9
2848,4
2849,9
2850,9
2850,7
2851,13
2852,9
2852,20
2853,3
2853,5
2853,9
2853,13
2853,25
2854,9
2855,9
2856,1
2856,25
2857,9
2857,17
2857,25
2858,9
2858,6
2859,9
2859,11
2859,20
2860,8
2860,18
2861,15
2861,8
2862,9
2862,17
2862,7
2863,9
2864,9
2864,7
2865,9
2865,17
2865,25
2865,7
2866,9
2867,6
2868,6
2868,20
2869,15
2869,8
2870,9
2870,6
2870,15
2871,9
2872,5
2872,9
2872,6
2872,16
2873,9
2874,15
2874,8
2875,9
2875,20
2876,3
2876,23
2876,6
2876,4
2876,10
2877,9
2877,20
2878,9
2878,6
2879,9
2879,6
2880,9
2881,6
2882,17
2882,25
2882,14
2883,9
2883,23
2884,25
2884,14
2885,17
2885,25
2885,14
2886,21
2886,6
2887,21
2887,9
2887,17
2887,14
2888,9
2888,6
2888,20
2889,8
2890,21
2890,9
2890,25
2891,8
2892,6
2892,20
2893,9
2894,1
2894,25
2894,7
2895,14
2896,9
2896,17
2897,6
2897,8
2898,1
2898,9
2898,25
2898,6
2898,7
2899,1
2899,3
2899,9
2900,25
2900,14
2901,3
2901,11
2901,6
2901,8
2902,8
2903,5
2903,9
2903,13
2904,9
2904,6
2904,20
2905,9
2906,6
2906,8
2907,13
2907,14
2907,6
2907,8
2908,11
2908,14
2908,6
2909,6
2909,20
2909,7
2910,1
2910,3
2910,9
2910,25
2910,7
2911,9
2912,17
2912,4
2913,21
2913,9
2913,6
2914,21
2914,14
2915,1
2915,3
2915,25
2916,9
2917,5
2917,9
2917,25
2917,7
2918,9
2918,25
2918,26
2919,17
2919,25
2920,9
2921,9
2922,1
2922,3
2922,25
2922,7
2923,9
2923,6
2924,9
2925,8
2926,15
2926,8
2927,9
2927,20
2928,5
2928,9
2929,9
2929,6
2929,20
2930,8
2931,6
2932,16
2932,8
2933,8
2934,13
2934,26
2934,8
2935,6
2935,20
2936,1
2936,5
2936,9
2936,25
2937,9
2937,6
2938,9
2939,9
2939,6
2940,14
2941,9
2941,6
2941,20
2941,10
2941,16
2942,6
2943,8
2944,9
2944,6
2945,9
2946,9
2946,6
2946,10
2947,3
2947,6
2947,20
2947,26
2948,3
2948,9
2948,6
2949,9
2950,11
2950,15
2950,4
2950,10
2951,3
2951,11
2951,10
2952,3
2952,11
2952,10
2953,1
2953,3
2953,21
2953,11
2954,1
2954,3
2954,21
2954,11
2955,1
2955,3
2955,21
2955,25
2955,11
2956,8
2957,3
2957,6
2957,7
2957,4
2957,10
2958,9
2958,20
2959,9
2960,9
2960,20
2961,8
2962,8
2963,25
2964,8
2965,9
2965,13
2966,8
2966,18
2967,9
2968,8
2969,8
2970,25
2970,20
2971,8
2972,21
2972,9
2972,25
2973,1
2973,9
2973,25
2973,7
2974,6
2974,20
2975,9
2976,1
2976,9
2976,25
2976,7
2977,1
2977,3
2977,25
2977,7
2978,1
2978,3
2978,25
2978,6
2978,7
2979,8
2980,8
2981,1
2981,9
2981,25
2981,7
2982,11
2982,6
2982,20
2982,10
2983,9
2984,6
2985,6
2986,9
2986,25
2987,25
2988,9
2989,9
2990,6
2991,9
2991,6
2992,9
2993,26
2993,8
2994,9
2994,6
2995,9
2996,8
2997,9
2997,10
2998,9
2998,26
2999,6
3000,8
3001,9
3001,25
3001,6
3001,7
3002,9
3002,11
3003,8
3004,1
3004,25
3004,6
3005,8
3006,6
3007,9
3007,17
3007,14
3008,17
3008,14
3009,9
3009,17
3009,14
3010,25
3011,25
3011,14
3011,7
3012,1
3012,5
3012,9
3012,23
3013,1
3013,25
3013,14
3013,6
3014,9
3014,20
3015,6
3016,8
3017,9
3017,15
3018,6
3018,8
3019,9
3019,15
3020,9
3020,20
3020,10
3021,5
3021,8
3022,9
3022,7
3023,25
3024,25
3024,14
3024,20
3025,25
3025,7
3026,9
3027,3
3027,11
3027,6
3027,4
3027,10
3028,8
3029,13
3029,15
3029,8
3030,6
3031,9
3032,25
3033,9
3033,17
3033,25
3033,14
3034,9
3034,23
3034,6
3034,20
3035,8
3036,5
3036,8
3037,9
3037,14
3037,6
3037,20
3038,9
3039,8
3040,9
3040,25
3041,9
3042,9
3042,20
3043,9
3043,25
3043,20
3044,6
3045,9
3045,20
3045,2
3046,8
3047,1
3047,9
3047,23
3048,26
3048,8
3049,9
3049,23
3050,5
3050,9
3050,23
3050,6
3051,23
3051,8
3052,9
3053,9
3053,15
3054,6
3055,9
3056,5
3056,9
3056,20
3057,8
3058,9
3058,6
3058,7
3059,9
3059,6
3059,20
3059,15
3060,21
3060,9
3060,25
3061,8
3062,25
3062,14
3063,25
3063,14
3064,17
3064,25
3064,14
3065,25
3065,14
3066,1
3066,3
3066,21
3066,25
3066,11
3066,4
3067,5
3067,9
3067,6
3068,1
3068,25
3069,3
3069,21
3069,9
3070,9
3070,6
3070,7
3071,8
3072,9
3072,6
3073,6
3073,20
3074,3
3074,6
3074,4
3074,10
3075,8
3076,5
3076,13
3076,15
3076,8
3077,9
3078,8
3079,3
3079,6
3079,4
3079,10
3080,5
3080,9
3080,10
3081,1
3081,3
3081,6
3081,10
3082,9
3082,13
3082,17
3082,7
3082,8
3083,20
3083,7
3084,8
3085,9
3085,6
3085,20
3086,9
3086,6
3086,20
3087,6
3088,8
3089,13
3089,8
3090,9
3090,7
3091,8
3092,9
3093,6
3093,8
3094,6
3095,9
3096,9
3097,1
3097,6
3097,10
3098,25
3098,7
3099,21
3099,9
3099,11
3099,20
3099,4
3099,10
3100,9
3100,17
3101,9
3102,17
3102,6
3102,7
3103,9
3103,6
3103,20
3104,23
3104,8
3105,1
3105,25
3106,9
3106,20
3107,9
3107,6
3107,7
3108,5
3108,9
3108,13
3109,9
3109,23
3110,6
3110,20
3110,16
3111,9
3111,6
3111,10
3111,8
3112,9
3112,25
3113,9
3113,25
3114,9
3114,6
3114,7
3115,5
3115,9
3115,13
3116,9
3117,9
3117,6
3117,20
3118,9
3118,6
3118,15
3118,10
3118,16
3119,25
3120,6
3121,9
3121,20
3121,15
3122,9
3122,20
3123,9
3123,25
3123,27
3124,9
3124,25
3124,7
3125,9
3126,9
3127,9
3127,25
3128,1
3128,9
3128,13
3128,26
3129,6
3130,9
3130,13
3130,25
3130,7
3130,26
3131,15
3131,8
3132,9
3132,26
3133,20
3134,9
3135,21
3135,9
3135,25
3135,14
3136,6
3137,9
3137,25
3137,7
3138,5
3138,9
3138,4
3138,8
3139,9
3139,20
3140,3
3140,9
3140,10
3141,9
3142,1
3142,3
3142,9
3142,25
3143,9
3143,10
3144,9
3144,17
3144,25
3145,9
3145,6
3145,20
3146,3
3146,6
3146,10
3147,5
3147,9
3147,6
3147,20
3147,15
3148,8
3149,9
3149,6
3150,9
3151,3
3151,6
3151,4
3151,10
3152,9
3153,3
3153,4
3153,10
3154,1
3154,3
3154,9
3154,13
3154,20
3154,26
3155,6
3155,7
3156,9
3156,20
3157,9
3157,6
3157,20
3157,7
3158,6
3159,8
3160,8
3161,8
3162,8
3163,9
3163,15
3164,3
3164,25
3164,6
3164,20
3165,9
3165,6
3165,16
3166,9
3167,6
3167,16
3168,9
3168,17
3169,6
3170,9
3171,8
3172,9
3173,9
3174,9
3174,13
3174,26
3175,5
3175,13
3175,15
3175,8
3176,8
3177,8
3178,5
3178,8
3179,21
3179,9
3179,6
3180,9
3181,6
3182,9
3182,8
3183,9
3183,6
3184,1
3184,9
3185,1
3185,5
3185,9
3185,23
3186,9
3187,9
3187,20
3187,15
3188,9
3188,23
3189,8
3190,9
3190,6
3190,20
3191,8
3192,8
3193,25
3194,1
3194,6
3194,7
3195,9
3195,27
3196,9
3196,26
3197,6
3198,9
3199,1
3199,9
3199,17
3199,25
3199,7
3200,9
3200,6
3200,20
3201,9
3202,8
3203,11
3203,10
3204,9
3204,6
3205,20
3206,9
3207,5
3207,9
3207,23
3207,25
3208,9
3209,9
3209,17
3209,25
3209,7
3210,21
3210,9
3210,25
3210,14
3211,5
3211,9
3211,8
3212,9
3212,6
3213,9
3213,6
3214,9
3215,1
3215,3
3215,9
3215,13
3215,26
3216,9
3216,13
3216,8
3217,9
3217,17
3217,6
3217,15
3218,9
3218,17
3218,25
3218,20
3218,7
3219,1
3219,21
3219,14
3220,21
3220,14
3220,6
3220,4
3220,10
3221,9
3222,5
3222,9
3223,6
3224,9
3224,13
3224,26
3225,9
3226,9
3226,6
3227,9
3228,8
3229,21
3229,9
3229,17
3229,25
3230,25
3230,14
3230,6
3231,11
3231,6
3231,10
3232,11
3232,6
3232,10
3233,9
3234,6
3235,1
3235,25
3235,14
3236,8
3237,3
3237,6
3237,4
3237,10
3238,1
3238,9
3238,25
3238,6
3238,7
3239,1
3239,3
3239,21
3239,11
3239,6
3240,9
3240,26
3241,9
3241,20
3242,1
3242,9
3242,25
3243,8
3244,1
3244,5
3244,9
3244,13
3244,26
3245,9
3245,6
3246,9
3246,6
3247,9
3247,15
3247,10
3248,5
3248,9
3248,7
3249,9
3249,17
3249,25
3249,7
3250,5
3250,9
3250,20
3251,9
3252,15
3252,8
3253,9
3253,25
3254,9
3254,6
3255,21
3255,9
3255,25
3256,13
3256,15
3256,8
3256,18
3257,6
3257,20
3258,5
3258,9
3258,20
3259,6
3260,9
3260,20
3261,1
3261,9
3261,23
3262,14
3263,25
3263,14
3264,6
3265,6
3266,6
3267,6
3268,9
3268,20
3269,14
3269,6
3270,9
3270,20
3271,17
3271,25
3271,7
3272,6
3272,20
3272,10
3272,16
3273,9
3274,21
3274,6
3275,1
3275,25
3275,7
3276,9
3276,6
3276,20
3277,9
3277,7
3278,9
3278,20
3279,9
3279,4
3279,10
3280,9
3280,6
3280,20
3281,9
3281,27
3282,8
3283,9
3283,13
3284,9
3284,25
3285,1
3285,3
3285,17
3285,25
3285,11
3285,6
3285,20
3285,4
3285,10
3285,16
3286,3
3286,11
3286,6
3286,4
3286,10
3286,16
3287,9
3287,7
3288,5
3288,9
3289,8
3290,9
3291,8
3292,6
3292,20
3293,9
3293,6
3294,9
3294,6
3295,1
3295,3
3295,21
3295,11
3295,4
3296,6
3297,6
3298,6
3298,7
3299,4
3300,9
3301,9
3301,25
3301,20
3301,7
3302,9
3302,25
3303,9
3303,6
3304,9
3304,6
3305,5
3305,9
3305,17
3305,20
3306,1
3306,3
3306,25
3306,7
3307,6
3307,10
3308,1
3308,9
3308,26
3309,9
3310,9
3311,15
3311,8
3312,9
3312,20
3313,1
3313,3
3313,11
3313,6
3313,10
3314,9
3314,25
3314,10
3315,9
3316,9
3316,20
3317,9
3317,20
3317,15
3318,5
3318,15
3318,16
3318,8
3319,9
3319,11
3319,14
3320,5
3320,9
3320,15
3321,1
3321,9
3321,25
3321,7
3322,9
3322,23
3322,6
3323,1
3323,17
3323,25
3323,14
3323,6
3323,7
3324,8
3325,1
3325,6
3326,1
3326,21
3326,25
3327,9
3327,20
3328,6
3328,19
3329,9
3329,13
3329,7
3330,1
3330,9
3330,25
3330,7
3331,9
3331,25
3331,7
3332,1
3332,9
3332,25
3332,7
3333,1
3333,9
3333,7
3334,9
3334,6
3334,15
3335,5
3335,13
3335,8
3336,9
3337,9
3337,6
3337,20
3338,6
3338,10
3339,6
3339,10
3340,9
3341,8
3342,7
3343,9
3343,17
3343,6
3344,5
3344,9
3344,20
3345,9
3346,15
3346,8
3347,8
3348,9
3348,6
3349,8
3350,6
3351,17
3351,25
3352,1
3352,21
3352,9
3352,25
3352,7
3353,9
3353,6
3353,20
3354,9
3355,9
3355,23
3355,8
3356,21
3356,9
3356,6
3357,9
3358,8
3359,8
3360,5
3360,9
3361,8
3362,6
3363,9
3364,5
3364,9
3364,7
3365,9
3365,6
3365,20
3366,1
3366,21
3366,25
3367,9
3367,25
3367,14
3368,8
3369,6
3369,20
3370,3
3370,9
3371,8
3372,6
3373,1
3373,9
3373,25
3373,7
3374,1
3374,14
3374,6
3374,15
3375,6
3376,6
3377,9
3377,17
3377,6
3378,5
3378,8
3379,5
3379,9
3379,15
3380,17
3380,25
3380,14
3380,6
3381,6
3381,20
3382,5
3382,9
3382,7
3382,15
3383,1
3383,3
3383,6
3384,1
3384,7
3385,9
3386,9
3387,9
3387,25
3387,7
3388,1
3388,21
3388,9
3388,25
3388,11
3388,4
3389,1
3389,21
3389,9
3389,17
3389,25
3389,7
3390,1
3390,25
3390,11
3391,1
3391,25
3391,11
3392,9
3393,3
3393,17
3393,25
3393,14
3394,9
3394,14
3395,14
3395,6
3396,11
3396,6
3396,20
3397,9
3397,17
3397,11
3397,6
3398,9
3398,6
3399,1
3399,3
3399,9
3399,25
3399,6
3399,7
3400,1
3400,21
3400,11
3400,6
3401,1
3401,3
3401,21
3401,9
3401,11
3401,14
3401,6
3401,7
3402,6
3403,1
3403,9
3403,20
3403,26
3403,15
3403,8
3404,11
3404,6
3404,20
3405,1
3405,21
3405,14
3406,10
3406,8
3406,22
3407,25
3407,14
3407,26
3408,9
3408,17
3408,25
3409,1
3409,3
3409,21
3409,25
3410,1
3410,3
3410,21
3410,25
3411,9
3412,9
3413,9
3413,23
3414,8
3415,9
3416,6
3416,20
3417,15
3417,8
3418,6
3418,20
3418,7
3419,5
3419,6
3419,8
3420,9
3421,15
3421,8
3422,13
3422,15
3422,8
3423,9
3424,9
3424,6
3424,7
3425,9
3426,9
3426,14
3427,9
3428,9
3429,11
3429,6
3429,10
3430,9
3430,6
3431,25
3431,8
3432,6
3433,9
3433,6
3433,20
3434,9
3434,6
3434,20
3435,6
3436,5
3436,9
3436,20
3437,9
3437,23
3438,7
3438,8
3439,9
3440,9
3440,25
3441,9
3441,6
3442,9
3442,26
3443,15
3443,8
3444,6
3445,6
3445,20
3446,8
3447,6
3448,1
3448,3
3448,9
3448,13
3449,1
3449,21
3449,9
3449,17
3449,25
3449,14
3450,9
3450,25
3451,9
3452,15
3452,8
3453,8
3454,15
3454,8
3455,5
3455,9
3455,15
3455,10
3455,8
3456,20
3456,15
3457,9
3457,20
3458,9
3458,6
3459,9
3459,6
3459,20
3460,9
3461,9
3461,23
3462,10
3462,8
3463,11
3463,20
3463,4
3463,10
3464,9
3465,9
3465,25
3465,7
3466,6
3467,8
3468,23
3468,8
3469,9
3469,23
3470,9
3471,6
3472,6
3472,7
3473,8
3474,9
3474,20
3474,16
3475,5
3475,9
3475,13
3475,17
3475,8
3476,8
3477,5
3477,9
3477,6
3477,20
3478,11
3478,6
3479,1
3479,9
3479,13
3479,26
3480,9
3481,9
3482,9
3483,1
3483,3
3483,11
3484,9
3484,20
3485,9
3486,9
3487,9
3487,25
3487,14
3488,9
3488,25
3488,14
3489,1
3489,3
3489,21
3489,25
3489,14
3490,1
3490,3
3490,21
3490,25
3490,11
3491,1
3491,3
3491,21
3491,11
3491,14
3492,1
3492,21
3492,9
3492,25
3493,8
3494,6
3494,7
3495,9
3495,20
3496,6
3496,20
3497,5
3497,13
3497,8
3498,3
3498,9
3498,25
3499,5
3500,3
3500,9
3500,11
3500,20
3501,9
3502,9
3503,25
3503,7
3504,9
3504,7
3505,25
3506,9
3506,17
3506,25
3506,7
3507,9
3507,17
3507,25
3508,1
3508,25
3508,7
3509,5
3509,15
3509,8
3510,9
3511,9
3511,11
3511,6
3511,10
3512,3
3512,6
3513,9
3513,6
3514,9
3514,6
3514,20
3515,9
3515,6
3515,20
3516,6
3516,8
3517,9
3517,25
3518,9
3518,6
3518,20
3519,11
3519,14
3519,16
3520,9
3521,25
3521,6
3521,7
3522,9
3522,13
3523,5
3523,13
3523,15
3523,8
3524,6
3524,20
3524,7
3525,1
3525,25
3525,7
3526,9
3526,25
3526,7
3527,5
3527,13
3527,10
3528,9
3528,20
3529,9
3529,6
3529,20
3530,9
3531,9
3531,6
3532,9
3533,9
3533,6
3534,9
3534,17
3534,25
3534,11
3534,14
3535,9
3536,23
3536,6
3537,23
3537,6
3538,1
3538,3
3538,11
3538,14
3538,6
3539,3
3539,11
3539,14
3539,6
3539,10
3540,5
3540,13
3540,8
3541,9
3541,17
3541,6
3542,9
3542,17
3542,25
3543,17
3543,25
3543,14
3544,8
3545,5
3545,9
3545,7
3546,5
3546,9
3546,26
3547,9
3548,5
3548,9
3548,26
3549,9
3549,17
3549,25
3549,14
3549,7
3550,21
3550,25
3550,14
3550,6
3551,9
3552,8
3553,25
3553,7
3554,9
3554,23
3555,9
3555,7
3556,9
3557,17
3557,25
3558,9
3558,6
3559,6
3560,6
3561,13
3561,8
3562,9
3563,9
3563,6
3564,8
3565,21
3565,9
3565,17
3565,25
3566,6
3566,20
3567,9
3567,6
3568,9
3569,8
3570,9
3570,20
3571,6
3572,9
3572,6
3573,9
3573,25
3573,11
3573,14
3573,6
3573,4
3574,8
3575,5
3575,9
3575,13
3575,6
3575,15
3576,9
3577,1
3577,21
3578,25
3578,14
3578,7
3578,15
3579,9
3579,7
3580,1
3580,9
3580,25
3580,26
3581,9
3581,6
3582,9
3582,16
3583,6
3584,6
3584,20
3584,7
3585,1
3585,9
3585,25
3586,9
3587,5
3587,9
3587,8
3588,9
3588,17
3588,25
3588,14
3589,25
3589,11
3589,14
3590,1
3590,9
3590,13
3590,26
3591,9
3591,23
3591,7
3592,9
3592,6
3592,20
3593,8
3594,3
3594,23
3594,6
3595,1
3595,25
3596,1
3596,9
3596,6
3596,7
3597,1
3597,9
3597,25
3597,7
3597,12
3598,3
3599,25
3599,14
3599,15
3600,5
3600,8
3601,9
3601,15
3602,9
3602,6
3603,6
3604,6
3605,6
3606,23
3606,6
3607,1
3607,3
3607,21
3608,1
3608,3
3608,21
3608,6
3609,6
3610,5
3610,13
3610,7
3610,26
3610,8
3611,6
3611,20
3612,8
3613,9
3614,6
3615,9
3615,14
3616,3
3616,6
3617,9
3618,6
3618,20
3618,7
3619,8
3620,26
3620,8
3621,8
3622,1
3622,3
3622,25
3622,7
3623,1
3623,6
3624,13
3624,8
3624,18
3625,9
3625,16
3626,9
3626,23
3626,6
3626,20
3627,9
3628,9
3629,10
3630,9
3630,6
3630,20
3631,9
3632,5
3632,9
3632,13
3632,20
3632,26
3633,9
3634,6
3635,9
3635,17
3635,6
3635,16
3636,8
3637,14
3637,6
3637,20
3637,4
3638,6
3638,20
3639,6
3640,6
3640,20
3640,16
3641,5
3641,8
3642,9
3643,8
3644,6
3645,6
3645,20
3646,9
3646,6
3646,15
3647,9
3648,9
3648,20
3649,1
3649,25
3649,7
3650,6
3651,14
3652,17
3652,25
3652,14
3653,25
3653,14
3654,25
3654,14
3655,25
3655,14
3656,8
3657,9
3657,6
3658,5
3658,9
3658,13
3658,16
3659,6
3660,9
3660,25
3660,20
3661,9
3661,25
3661,7
3662,9
3662,6
3662,20
3663,1
3663,11
3663,7
3664,1
3664,5
3664,9
3664,23
3665,9
3665,7
3666,9
3666,6
3667,17
3667,25
3667,7
3668,6
3668,20
3669,1
3669,3
3669,25
3670,9
3671,5
3671,9
3672,15
3672,8
3673,9
3673,6
3673,20
3673,15
3673,10
3674,9
3675,25
3675,7
3676,25
3676,7
3677,1
3677,11
3677,14
3677,6
3678,9
3678,6
3679,9
3679,6
3679,20
3680,21
3680,25
3680,6
3680,20
3680,7
3681,11
3681,6
3681,4
3681,10
3682,9
3683,21
3683,6
3683,20
3684,9
3685,9
3685,6
3686,17
3686,25
3686,14
3687,21
3687,9
3687,17
3687,25
3687,14
3687,6
3688,9
3689,9
3689,25
3689,6
3689,15
3690,3
3690,6
3690,20
3690,15
3690,4
3690,10
3691,6
3691,15
3691,4
3691,10
3692,9
3692,6
3693,9
3693,6
3694,9
3695,9
3695,6
3696,8
3697,9
3698,9
3698,6
3699,9
3699,23
3699,8
3700,9
3700,6
3701,9
3702,9
3702,23
3703,9
3703,25
3704,9
3705,9
3705,25
3705,20
3705,15
3706,21
3706,9
3707,1
3707,3
3707,21
3707,25
3708,8
3709,9
3710,8
3711,6
3712,5
3712,8
3713,3
3713,6
3714,3
3714,6
3715,1
3715,5
3715,9
3715,13
3716,9
3716,20
3716,26
3717,9
3718,8
3719,9
3719,25
3719,7
3720,8
3721,9
3721,25
3721,6
3722,3
3722,17
3722,11
3722,10
3723,3
3723,17
3723,11
3724,1
3724,3
3724,17
3724,11
3725,3
3725,17
3725,11
3725,10
3726,1
3726,3
3726,17
3726,11
3726,20
3726,10
3727,3
3727,17
3727,11
3727,10
3728,3
3728,17
3728,11
3728,10
3729,3
3729,17
3729,11
3729,10
3730,9
3730,25
3730,7
3731,9
3731,26
3732,5
3732,23
3732,26
3732,8
3733,9
3733,25
3733,6
3733,20
3733,7
3734,13
3734,8
3734,18
3735,14
3735,6
3736,1
3736,25
3736,14
3736,6
3737,1
3737,25
3737,14
3737,6
3738,9
3738,17
3738,25
3738,7
3739,9
3740,17
3740,14
3741,17
3741,25
3741,14
3742,9
3742,25
3742,14
3743,5
3743,6
3744,13
3744,6
3744,15
3744,8
3745,8
3746,6
3746,7
3746,4
3747,9
3747,7
3748,1
3748,25
3749,9
3749,20
3750,25
3750,20
3751,8
3752,9
3752,20
3752,26
3753,6
3754,9
3754,20
3755,17
3755,6
3755,20
3756,1
3756,25
3756,7
3757,9
3758,1
3758,9
3758,25
3758,6
3759,9
3760,8
3761,9
3761,13
3761,26
3761,15
3762,9
3762,20
3763,25
3763,6
3764,6
3764,20
3765,6
3765,20
3765,7
3766,9
3766,25
3766,11
3766,14
3767,9
3768,26
3768,8
3769,9
3769,15
3770,9
3770,17
3770,25
3771,9
3771,25
3771,20
3771,7
3772,9
3773,9
3774,6
3774,15
3775,3
3775,9
3775,6
3776,9
3776,6
3776,15
3777,9
3778,13
3778,8
3779,1
3779,9
3779,25
3779,7
3780,1
3780,25
3780,7
3781,17
3781,25
3781,14
3782,6
3783,5
3783,9
3784,9
3784,7
3785,1
3785,13
3785,26
3785,8
3786,14
3786,6
3787,14
3788,8
3789,9
3789,7
3790,1
3790,3
3790,9
3790,25
3791,6
3792,25
3792,14
3793,1
3793,3
3793,21
3793,11
3793,14
3794,1
3794,3
3794,21
3794,11
3794,14
3795,1
3795,3
3795,11
3796,9
3796,25
3797,14
3798,9
3798,6
3798,20
3799,9
3799,6
3800,9
3800,6
3800,20
3801,8
3802,9
3803,5
3803,8
3804,5
3804,13
3804,8
3805,9
3805,6
3806,6
3807,21
3807,9
3807,6
3807,20
3808,9
3808,15
3809,5
3809,8
3810,5
3810,8
3810,18
3811,3
3811,23
3811,11
3811,6
3811,20
3811,10
3812,15
3812,8
3813,1
3813,3
3814,3
3814,9
3814,20
3815,9
3815,20
3815,15
3816,9
3816,6
3817,1
3817,6
3818,25
3818,14
3819,9
3819,20
3820,6
3821,9
3821,25
3821,11
3822,9
3822,17
3822,25
3822,14
3823,7
3823,8
3824,9
3824,6
3825,1
3825,3
3825,13
3826,17
3826,6
3826,7
3827,9
3828,6
3828,20
3829,9
3829,6
3829,20
3830,9
3831,3
3831,6
3831,4
3831,10
3832,8
3833,5
3833,13
3833,8
3833,18
3834,21
3834,11
3834,6
3835,9
3835,6
3835,20
3836,1
3836,3
3836,9
3837,5
3837,9
3837,13
3838,8
3839,9
3839,17
3839,25
3839,14
3840,9
3841,9
3842,9
3843,8
3844,8
3845,9
3845,25
3845,7
3846,9
3846,6
3846,20
3846,15
3847,9
3847,23
3848,1
3848,9
3848,6
3849,3
3849,21
3849,9
3849,17
3849,14
3850,1
3850,21
3850,9
3850,25
3851,6
3852,9
3852,6
3852,20
3852,10
3852,16
3853,9
3853,25
3853,14
3853,20
3853,7
3854,9
3855,1
3855,21
3855,11
3856,8
3857,8
3858,9
3859,8
3860,9
3861,3
3861,9
3862,9
3862,7
3863,9
3864,9
3864,20
3864,16
3865,9
3865,25
3865,14
3866,13
3866,8
3866,2
3867,1
3867,6
3867,20
3868,9
3868,6
3868,20
3869,6
3869,20
3869,7
3870,5
3870,15
3870,8
3871,6
3871,20
3872,5
3872,9
3873,8
3874,8
3875,8
3876,1
3876,9
3876,25
3876,7
3877,1
3877,3
3877,25
3877,7
3878,9
3878,6
3879,9
3880,1
3880,3
3880,25
3880,7
3881,8
3882,3
3882,9
3882,17
3882,25
3882,14
3883,3
3883,17
3883,6
3883,10
3884,6
3884,20
3885,9
3885,7
3886,14
3886,6
3887,9
3888,1
3888,21
3888,25
3888,14
3889,9
3890,9
3890,6
3891,9
3891,6
3891,20
3892,6
3892,20
3893,1
3893,25
3893,6
3893,7
3894,5
3894,9
3894,13
3894,17
3894,25
3894,7
3895,3
3895,17
3895,6
3895,7
3896,8
3897,21
3897,9
3897,11
3898,9
3898,7
3899,9
3900,3
3900,21
3900,11
3900,6
3900,4
3900,10
3901,9
3901,6
3901,20
3902,8
3903,1
3903,9
3903,26
3904,8
3905,27
3905,15
3905,4
3905,10
3906,9
3907,9
3907,6
3908,1
3908,9
3908,6
3908,10
3909,1
3909,25
3909,7
3910,8
3911,1
3911,9
3911,25
3911,20
3911,7
3912,9
3912,20
3912,15
3913,9
3914,9
3915,14
3916,9
3916,15
3917,9
3917,20
3918,9
3918,8
3919,21
3919,25
3919,14
3919,20
3920,25
3921,17
3921,7
3921,4
3921,10
3922,4
3923,9
3923,6
3924,9
3924,7
3924,8
3924,18
3925,3
3925,6
3925,10
3926,6
3927,9
3927,20
3928,9
3928,20
3929,9
3929,6
3929,20
3930,9
3930,25
3930,11
3930,14
3931,8
3932,6
3932,7
3933,6
3933,7
3934,9
3934,17
3934,25
3934,14
3935,9
3936,9
3937,9
3937,8
3938,9
3939,3
3939,6
3939,4
3939,10
3940,14
3941,1
3941,9
3941,25
3941,7
3942,17
3942,25
3942,14
3943,25
3943,14
3944,3
3944,9
3944,27
3945,1
3945,17
3945,6
3946,1
3946,6
3946,7
3947,6
3948,9
3948,6
3948,20
3948,7
3949,21
3949,6
3950,21
3950,6
3951,6
3952,1
3952,25
3952,7
3953,9
3954,6
3954,10
3955,9
3955,13
3955,25
3956,9
3956,7
3957,9
3957,13
3957,25
3957,26
3958,6
3958,4
3958,10
3959,11
3959,6
3959,4
3959,10
3960,3
3960,21
3960,17
3960,25
3960,11
3960,14
3960,6
3960,7
3960,4
3960,10
3961,9
3961,15
3962,9
3962,17
3962,25
3962,14
3962,7
3963,9
3963,25
3964,25
3964,14
3965,14
3966,9
3966,20
3966,16
3967,8
3968,9
3968,6
3969,1
3969,3
3969,9
3969,11
3969,20
3970,9
3971,9
3971,25
3971,7
3972,9
3973,9
3974,9
3975,9
3976,1
3976,25
3976,14
3977,9
3977,25
3978,25
3978,14
3979,25
3979,14
3979,6
3980,9
3980,6
3981,9
3981,6
3981,20
3982,9
3982,20
3983,6
3984,9
3984,25
3985,1
3985,9
3985,25
3985,26
3986,6
3987,5
3987,8
3988,9
3989,11
3989,6
3989,10
3990,6
3991,6
3991,20
3992,6
3993,3
3993,5
3993,13
3993,8
3994,9
3994,6
3994,20
3995,8
3996,6
3996,10
3997,8
3998,9
3998,6
3999,8
4000,6
4000,20
4001,6
4001,20
4002,8
4003,13
4003,8
4003,18
4004,21
4004,6
4004,20
4004,15
4005,3
4005,9
4005,11
4005,6
4005,4
4005,10
4006,1
4006,3
4006,11
4006,6
4006,4
4006,10
4007,1
4007,3
4007,11
4007,6
4007,4
4007,10
4008,5
4008,15
4008,8
4009,8
4010,9
4010,4
4011,3
4011,11
4011,20
4011,4
4012,6
4013,8
4014,17
4014,10
4015,9
4015,17
4015,7
4016,1
4016,21
4016,25
4017,9
4018,9
4018,7
4019,8
4020,9
4020,6
4021,8
4022,9
4023,9
4023,6
4023,15
4024,9
4024,17
4025,9
4025,6
4026,6
4027,6
4028,9
4028,13
4029,9
4029,25
4030,9
4030,15
4031,3
4031,9
4031,6
4032,1
4032,25
4033,9
4034,25
4034,14
4035,1
4035,25
4036,9
4036,6
4037,25
4037,14
4038,9
4038,7
4038,15
4039,9
4039,25
4039,6
4039,7
4040,5
4040,9
4040,13
4040,6
4041,9
4041,7
4042,9
4042,26
4043,6
4043,20
4044,8
4045,5
4045,6
4046,5
4046,23
4046,8
4047,8
4048,5
4048,9
4048,8
4049,5
4049,8
4050,5
4050,8
4051,9
4052,8
4053,5
4053,8
4054,8
4055,9
4056,21
4056,9
4056,25
4057,9
4058,5
4058,9
4059,21
4059,9
4059,25
4059,14
4060,25
4061,9
4062,6
4063,8
4064,1
4064,21
4065,9
4066,9
4067,25
4068,15
4068,8
4069,5
4069,9
4069,13
4069,20
4069,15
4070,9
4071,9
4071,13
4071,15
4071,8
4072,9
4072,6
4073,9
4073,15
4073,10
4074,9
4074,20
4075,9
4075,25
4075,6
4075,7
4076,9
4077,9
4078,1
4078,9
4078,6
4079,9
4079,6
4080,6
4081,9
4081,25
4081,6
4081,7
4082,6
4083,9
4084,6
4085,1
4085,21
4085,25
4085,11
4085,14
4086,6
4086,20
4087,6
4087,20
4088,5
4088,8
4089,9
4089,6
4090,6
4091,9
4091,25
4091,11
4092,5
4092,9
4093,17
4093,25
4093,7
4094,8
4095,9
4095,11
4095,20
4095,4
4096,6
4097,6
4097,20
4098,9
4098,6
4098,20
4099,9
4099,17
4100,25
4101,6
4101,20
4102,5
4102,9
4102,25
4102,7
4103,21
4103,9
4104,5
4104,8
4105,1
4105,21
4105,17
4105,25
4106,9
4106,25
4106,14
4106,7
4107,5
4107,9
4107,20
4107,15
4107,16
4108,9
4108,17
4108,25
4108,14
4108,7
4109,14
4109,6
4110,9
4110,6
4110,20
4110,26
4111,9
4112,25
4112,14
4112,7
4113,1
4113,3
4113,25
4113,6
4114,5
4114,9
4114,20
4114,15
4115,25
4115,11
4116,9
4116,6
4116,20
4117,21
4117,9
4117,17
4118,5
4118,9
4118,23
4118,6
4119,9
4119,17
4119,14
4120,9
4121,15
4121,8
4122,9
4122,15
4122,10
4123,6
4124,6
4124,20
4125,9
4126,9
4127,9
4128,9
4128,25
4128,14
4128,20
4129,9
4130,9
4131,13
4131,8
4132,6
4132,20
4133,9
4134,23
4134,25
4134,8
4135,3
4135,6
4135,4
4135,10
4136,1
4136,3
4136,21
4136,6
4136,4
4136,10
4137,3
4137,6
4137,4
4137,10
4138,1
4138,3
4138,6
4138,20
4138,4
4138,10
4139,3
4139,6
4139,4
4139,10
4140,9
4140,23
4140,6
4140,10
4141,5
4141,8
4142,8
4143,1
4143,9
4143,17
4143,25
4143,6
4143,7
4144,9
4145,9
4145,6
4146,9
4147,17
4147,25
4147,14
4148,6
4148,7
4149,3
4149,21
4149,25
4149,11
4149,6
4150,9
4150,20
4150,7
4150,16
4151,13
4151,7
4151,8
4151,18
4152,9
4152,20
4152,7
4153,9
4153,20
4153,15
4154,9
4155,9
4155,6
4156,8
4157,6
4158,9
4158,6
4159,11
4159,6
4159,4
4159,10
4160,5
4160,9
4161,9
4162,9
4162,6
4163,5
4163,9
4163,15
4163,8
4164,9
4164,17
4164,25
4164,7
4165,9
4165,25
4165,7
4166,9
4167,9
4168,5
4168,8
4169,9
4170,9
4170,6
4171,9
4171,20
4172,9
4173,9
4173,17
4173,25
4174,5
4174,9
4174,15
4175,9
4175,6
4175,20
4176,6
4177,6
4177,15
4177,8
4178,6
4179,9
4179,25
4179,14
4180,21
4180,6
4180,20
4181,9
4181,7
4182,9
4183,9
4183,6
4183,20
4184,9
4184,11
4184,6
4184,10
4185,8
4186,5
4186,8
4187,6
4188,1
4188,9
4188,11
4189,9
4189,25
4189,7
4190,1
4190,21
4190,9
4190,25
4191,9
4192,9
4192,6
4193,27
4194,6
4195,9
4195,20
4196,9
4197,9
4198,9
4199,9
4200,9
4200,25
4200,7
4201,9
4202,25
4203,9
4204,14
4204,6
4205,17
4205,25
4205,14
4206,9
4206,6
4206,20
4207,9
4207,6
4207,20
4208,8
4209,3
4209,6
4209,20
4210,9
4211,21
4211,9
4212,9
4212,14
4213,1
4213,25
4213,6
4213,7
4214,9
4215,9
4215,20
4216,9
4217,8
4218,8
4219,6
4219,20
4220,5
4220,15
4220,8
4221,8
4222,15
4222,8
4223,9
4223,25
4223,7
4224,9
4224,6
4224,20
4225,9
4226,8
4227,9
4227,7
4228,1
4228,25
4228,7
4229,17
4229,25
4229,20
4230,14
4231,8
4232,9
4232,7
4233,9
4234,9
4234,13
4234,26
4235,1
4235,3
4235,5
4235,9
4235,13
4235,25
4236,9
4236,20
4236,15
4236,16
4237,17
4237,25
4238,13
4238,8
4239,20
4239,26
4240,9
4240,6
4240,20
4241,9
4242,6
4243,5
4243,8
4244,6
4244,20
4244,7
4244,15
4245,9
4245,20
4246,9
4246,25
4247,9
4248,1
4248,3
4248,9
4248,11
4249,8
4250,5
4250,8
4251,8
4252,8
4253,21
4253,17
4253,25
4253,7
4254,9
4255,9
4255,25
4255,14
4256,9
4256,17
4256,25
4256,7
4257,9
4257,13
4257,26
4257,4
4258,9
4259,21
4259,25
4260,8
4260,18
4261,9
4261,6
4261,20
4262,25
4262,14
4263,9
4264,1
4264,21
4264,9
4264,17
4264,25
4265,3
4265,14
4265,6
4266,25
4267,1
4267,3
4267,21
4267,6
4267,4
4267,10
4268,1
4268,3
4268,21
4269,6
4270,1
4270,3
4270,25
4271,8
4272,9
4273,9
4274,8
4275,9
4275,17
4275,25
4275,20
4276,5
4276,9
4276,7
4277,17
4277,25
4277,7
4278,1
4278,3
4278,21
4278,9
4278,17
4278,25
4278,7
4279,1
4279,21
4279,25
4280,8
4281,9
4281,6
4282,8
4283,9
4283,25
4283,26
4284,5
4284,8
4285,9
4285,6
4286,9
4286,25
4287,9
4287,17
4287,6
4287,20
4287,7
4288,9
4288,25
4288,7
4289,9
4289,17
4289,25
4290,1
4290,25
4290,6
4290,7
4291,3
4291,11
4291,10
4292,9
4292,17
4292,25
4293,14
4294,9
4294,17
4295,9
4295,20
4296,3
4296,17
4296,25
4296,11
4296,14
4296,20
4297,9
4297,26
4298,13
4298,8
4299,8
4300,8
4301,9
4301,15
4302,9
4302,25
4302,7
4303,9
4303,7
4304,3
4304,9
4304,11
4304,6
4304,4
4304,10
4305,9
4305,6
4305,20
4306,11
4306,14
4306,6
4307,25
4307,14
4308,9
4308,25
4308,14
4309,9
4309,17
4309,25
4309,14
4310,9
4310,17
4310,25
4310,7
4311,9
4311,7
4312,9
4312,6
4312,10
4313,9
4313,25
4314,9
4315,9
4315,25
4315,6
4315,7
4316,1
4316,3
4316,21
4316,17
4317,9
4317,15
4318,9
4319,9
4319,2
4320,9
4320,6
4321,9
4321,20
4322,8
4323,9
4324,8
4325,26
4325,8
4326,9
4326,17
4326,25
4326,7
4327,1
4327,3
4327,25
4327,7
4328,21
4328,9
4328,25
4329,8
4330,1
4330,25
4331,3
4331,5
4331,9
4332,3
4332,11
4332,6
4332,10
4332,16
4333,6
4333,20
4333,7
4334,8
4335,9
4335,6
4336,25
4336,14
4337,9
4337,25
4337,14
4338,5
4338,9
4338,13
4338,23
4339,5
4339,9
4339,23
4340,9
4340,26
4341,9
4342,8
4343,9
4343,7
4344,1
4344,5
4344,9
4344,13
4345,1
4345,5
4345,13
4346,1
4346,5
4346,9
4346,13
4347,1
4347,5
4347,9
4347,13
4348,1
4348,5
4348,9
4349,6
4350,26
4350,8
4351,26
4351,8
4352,9
4352,6
4352,20
4353,9
4354,5
4354,9
4354,20
4355,5
4355,13
4355,8
4356,9
4356,8
4357,9
4358,1
4358,3
4358,21
4358,25
4359,1
4359,3
4359,21
4359,25
4360,1
4360,3
4360,21
4360,25
4360,11
4361,1
4361,6
4361,7
4362,1
4362,3
4363,9
4363,17
4364,9
4364,6
4364,20
4365,9
4365,6
4366,9
4366,17
4366,25
4366,7
4367,9
4368,6
4369,4
4369,8
4370,3
4370,5
4370,10
4370,8
4370,22
4371,3
4371,21
4371,9
4371,11
4371,6
4371,4
4372,9
4372,25
4372,20
4373,11
4373,6
4373,20
4374,5
4374,6
4374,20
4375,8
4376,13
4376,8
4377,3
4377,9
4377,25
4377,14
4378,9
4378,17
4378,25
4378,7
4379,6
4379,8
4380,9
4380,25
4380,11
4380,14
4381,17
4381,14
4382,9
4383,17
4383,14
4384,6
4385,15
4385,8
4386,9
4387,9
4387,6
4387,20
4388,9
4389,9
4389,6
4390,14
4390,6
4391,5
4391,15
4391,8
4392,21
4392,9
4392,25
4392,20
4393,9
4393,6
4393,15
4394,9
4395,6
4395,20
4396,9
4396,6
4397,9
4397,6
4398,8
4399,9
4400,21
4400,9
4400,11
4400,6
4400,4
4401,8
4402,9
4403,9
4403,17
4404,13
4404,10
4404,8
4404,18
4405,9
4406,3
4406,9
4406,6
4406,15
4407,5
4407,9
4408,9
4408,14
4408,20
4409,6
4410,1
4410,14
4410,6
4411,6
4411,20
4412,9
4412,25
4412,14
4413,1
4413,9
4413,25
4413,7
4414,1
4414,3
4414,9
4414,17
4414,25
4414,7
4415,1
4415,9
4415,17
4415,25
4416,8
4417,3
4417,9
4417,11
4417,20
4418,1
4418,6
4418,8
4419,6
4419,8
4420,6
4420,8
4421,1
4421,6
4422,5
4422,9
4423,9
4424,9
4424,6
4425,1
4425,6
4425,7
4426,9
4426,17
4426,25
4426,14
4427,9
4427,6
4428,9
4429,9
4429,6
4429,8
4430,9
4431,14
4432,9
4432,6
4433,9
4434,9
4435,5
4435,8
4436,9
4436,20
4437,8
4438,1
4438,9
4438,27
4439,5
4439,8
4440,6
4441,9
4441,15
4442,5
4442,15
4442,8
4443,9
4444,9
4444,20
4445,5
4445,9
4445,26
4446,5
4446,15
4446,8
4447,1
4447,25
4448,21
4448,14
4449,9
4449,27
4450,1
4450,9
4450,25
4450,7
4451,8
4452,6
4453,3
4453,6
4454,5
4454,8
4455,9
4456,1
4456,9
4456,7
4457,9
4458,8
4459,13
4459,16
4460,9
4460,17
4460,25
4460,14
4461,25
4461,14
4462,6
4463,3
4463,9
4463,11
4463,15
4464,25
4464,11
4464,14
4464,6
4465,9
4465,6
4466,5
4466,8
4467,9
4468,5
4468,9
4468,15
4468,16
4469,9
4469,6
4469,20
4470,9
4470,6
4471,14
4472,25
4472,14
4473,9
4474,9
4474,8
4475,6
4476,9
4477,8
4478,6
4478,20
4479,5
4479,13
4479,23
4479,8
4480,6
4481,9
4482,5
4482,8
4483,8
4484,17
4484,25
4484,14
4484,7
4485,8
4486,5
4486,23
4486,8
4487,8
4488,5
4488,9
4488,15
4489,6
4490,5
4490,8
4491,8
4492,3
4492,21
4492,6
4492,4
4492,10
4493,9
4494,9
4494,13
4495,9
4495,25
4495,11
4495,4
4496,9
4496,17
4496,25
4496,7
4497,11
4497,10
4497,16
4498,9
4499,8
4500,1
4500,21
4500,25
4500,11
4500,6
4501,8
4502,9
4503,8
4504,5
4504,9
4505,9
4506,21
4506,8
4507,9
4508,5
4508,9
4509,3
4509,17
4509,6
4509,20
4510,9
4511,9
4511,6
4511,20
4512,8
4513,9
4513,25
4514,1
4514,3
4514,21
4514,11
4515,21
4515,11
4515,14
4515,6
4516,8
4517,23
4517,8
4518,9
4518,25
4518,7
4519,5
4519,9
4519,13
4519,26
4520,6
4520,20
4521,1
4521,25
4522,1
4522,25
4522,7
4523,1
4523,9
4523,25
4523,7
4524,1
4524,3
4524,6
4525,6
4526,1
4526,3
4526,6
4527,9
4528,6
4529,9
4529,6
4529,26
4530,1
4530,3
4530,9
4530,25
4530,11
4530,7
4531,9
4532,1
4532,6
4533,3
4533,9
4533,6
4533,4
4533,10
4533,16
4534,1
4534,9
4534,25
4534,27
4535,15
4535,8
4536,21
4536,9
4537,13
4537,8
4538,9
4539,9
4539,25
4540,8
4541,6
4542,6
4542,15
4543,9
4544,1
4544,3
4544,21
4544,25
4544,10
4545,9
4546,3
4546,11
4546,6
4547,9
4547,26
4548,5
4548,9
4548,13
4548,6
4549,1
4549,25
4549,14
4550,6
4550,15
4551,9
4551,25
4551,26
4552,5
4552,9
4553,5
4553,9
4553,13
4554,5
4554,9
4554,13
4554,20
4554,15
4554,16
4555,9
4555,6
4556,6
4557,9
4557,25
4557,6
4557,7
4558,9
4558,25
4558,14
4559,9
4559,25
4559,7
4560,8
4561,8
4562,5
4562,9
4562,6
4562,20
4563,9
4563,6
4563,20
4563,15
4564,9
4564,11
4564,6
4564,20
4565,9
4565,20
4566,1
4566,3
4566,11
4566,6
4567,1
4567,3
4567,11
4567,6
4567,10
4568,9
4568,11
4568,20
4569,9
4569,6
4569,20
4570,1
4570,3
4570,21
4570,25
4571,6
4572,1
4572,5
4572,9
4572,25
4572,7
4572,15
4573,9
4573,6
4574,26
4574,8
4575,1
4575,3
4575,5
4575,9
4575,25
4576,1
4576,3
4576,11
4576,6
4576,10
4577,9
4578,9
4578,6
4579,1
4579,3
4579,21
4579,11
4580,1
4580,3
4580,21
4580,25
4581,1
4581,3
4581,21
4581,25
4582,1
4582,3
4582,21
4583,9
4584,6
4584,20
4585,9
4585,20
4586,8
4587,9
4587,25
4587,7
4588,6
4588,20
4589,1
4589,6
4590,6
4590,20
4591,9
4592,11
4592,6
4592,20
4593,8
4594,9
4594,6
4595,6
4595,20
4596,5
4596,9
4596,7
4597,11
4597,6
4597,20
4598,6
4598,20
4599,11
4599,6
4600,6
4600,20
4601,1
4601,3
4601,21
4601,11
4602,15
4602,8
4603,15
4603,8
4604,9
4604,23
4604,6
4604,20
4605,9
4605,13
4605,25
4606,21
4606,9
4606,17
4607,25
4608,6
4609,21
4609,6
4610,9
4611,1
4611,3
4611,21
4611,11
4611,4
4611,10
4612,9
4612,4
4613,9
4613,17
4614,9
4614,7
4615,25
4616,25
4617,6
4618,5
4618,9
4618,26
4619,3
4619,6
4619,7
4620,1
4620,9
4620,23
4620,10
4621,8
4622,9
4622,20
4622,16
4623,25
4623,14
4623,6
4623,20
4623,16
4624,1
4624,3
4624,9
4624,25
4624,7
4625,11
4625,6
4625,20
4626,8
4627,9
4628,15
4628,8
4629,9
4629,13
4629,26
4630,9
4630,17
4630,25
4631,1
4631,6
4632,8
4633,9
4633,26
4634,6
4635,8
4636,8
4637,6
4637,20
4638,9
4639,3
4639,8
4640,6
4640,7
4641,9
4641,6
4641,20
4642,1
4642,6
4643,6
4644,9
4644,6
4644,10
4645,15
4645,8
4646,6
4646,20
4647,6
4647,8
4648,6
4648,8
4649,9
4649,25
4650,9
4651,5
4651,9
4651,8
4652,1
4652,25
4652,7
4653,1
4653,25
4653,6
4653,7
4654,1
4655,6
4656,23
4656,6
4656,10
4657,3
4658,5
4658,13
4658,8
4659,9
4660,1
4660,9
4660,17
4660,25
4661,25
4661,14
4662,1
4662,9
4662,25
4662,7
4663,9
4663,7
4663,8
4663,18
4664,9
4664,6
4665,8
4666,9
4666,6
4667,1
4667,25
4667,7
4668,1
4668,25
4668,7
4669,25
4669,11
4669,14
4670,14
4670,4
4671,25
4671,14
4672,9
4672,25
4672,20
4672,7
4673,9
4673,25
4674,1
4674,25
4675,21
4676,1
4676,7
4677,5
4677,9
4677,17
4677,25
4677,7
4678,9
4679,5
4679,9
4679,25
4679,20
4680,25
4680,6
4680,7
4681,15
4681,8
4682,1
4682,25
4682,7
4683,1
4683,25
4684,9
4684,25
4684,6
4684,7
4685,9
4686,1
4686,9
4686,17
4686,25
4686,7
4687,1
4687,25
4687,6
4687,20
4688,6
4689,25
4689,14
4690,1
4690,6
4691,1
4691,9
4691,25
4691,26
4692,9
4692,8
4693,9
4693,25
4693,7
4694,1
4694,3
4694,21
4694,25
4694,11
4694,7
4694,10
4695,9
4695,17
4695,25
4695,14
4696,1
4696,3
4696,9
4696,13
4696,26
4697,1
4697,3
4697,9
4697,11
4698,9
4698,7
4699,8
4700,5
4700,8
4701,3
4701,9
4702,3
4702,9
4702,20
4703,8
4704,9
4704,6
4705,9
4705,6
4706,9
4706,25
4706,7
4707,9
4707,7
4708,5
4708,9
4708,23
4709,9
4709,6
4709,10
4710,1
4710,3
4710,13
4711,9
4711,25
4711,20
4711,7
4712,9
4712,13
4712,10
4712,8
4713,9
4713,6
4714,6
4714,7
4715,1
4715,3
4715,21
4715,9
4715,11
4715,4
4716,1
4716,3
4716,6
4717,1
4717,3
4717,25
4717,6
4717,7
4718,5
4718,8
4719,9
4719,6
4719,15
4720,5
4720,9
4721,9
4721,26
4722,6
4722,10
4723,17
4723,25
4723,6
4723,7
4724,14
4725,1
4725,9
4725,25
4725,7
4726,9
4727,9
4728,9
4728,6
4728,20
4729,9
4729,10
4730,9
4730,6
4731,9
4732,1
4732,9
4733,1
4733,25
4733,20
4734,3
4734,6
4734,4
4734,10
4735,5
4735,9
4736,5
4736,23
4736,8
4737,6
4738,9
4738,6
4739,9
4739,6
4739,20
4740,9
4741,9
4741,25
4741,14
4741,20
4742,9
4743,1
4743,25
4743,6
4744,9
4744,20
4745,9
4746,9
4746,17
4746,25
4746,6
4746,7
4747,8
4748,17
4748,25
4748,14
4749,9
4749,25
4749,6
4749,7
4750,6
4750,20
4751,25
4752,1
4752,9
4753,1
4753,21
4753,9
4753,17
4753,25
4754,5
4754,9
4754,8
4755,8
4756,9
4756,6
4757,5
4757,13
4757,8
4758,9
4759,1
4759,3
4759,5
4759,9
4759,13
4760,1
4760,3
4760,21
4760,11
4761,13
4761,26
4761,8
4761,18
4762,11
4762,14
4762,6
4763,9
4763,6
4763,10
4764,9
4764,6
4765,3
4765,11
4765,4
4765,10
4766,8
4767,9
4768,1
4768,9
4769,1
4769,11
4769,6
4769,7
4770,1
4770,25
4771,1
4771,6
4771,4
4771,10
4772,1
4772,3
4772,6
4772,4
4772,10
4773,1
4773,3
4773,6
4773,4
4773,10
4774,1
4774,3
4774,17
4774,6
4775,1
4775,6
4776,15
4776,8
4777,5
4777,15
4777,8
4778,8
4779,8
4780,9
4780,14
4781,13
4781,8
4782,9
4782,6
4783,8
4784,9
4784,6
4785,9
4785,13
4786,9
4786,17
4786,25
4786,11
4786,20
4786,16
4787,9
4787,20
4788,9
4788,6
4788,20
4788,16
4789,9
4789,25
4789,14
4790,8
4791,9
4792,9
4792,17
4792,25
4793,9
4794,9
4794,6
4794,20
4795,9
4795,13
4795,26
4796,9
4797,6
4798,5
4798,9
4798,15
4799,9
4800,21
4800,9
4800,13
4800,20
4800,26
4801,9
4801,13
4802,9
4802,17
4802,11
4802,14
4802,6
4802,20
4803,1
4803,9
4803,25
4804,9
4804,17
4804,20
4804,15
4805,1
4805,3
4805,6
4805,7
4806,3
4806,9
4806,6
4806,20
4806,4
4806,10
4806,16
4807,9
4807,6
4808,9
4808,20
4809,17
4809,25
4809,11
4810,9
4811,9
4811,25
4811,7
4812,9
4812,23
4812,20
4812,16
4813,9
4813,6
4813,20
4814,9
4815,8
4816,9
4817,9
4818,9
4818,25
4818,7
4819,9
4820,9
4820,17
4820,11
4820,14
4821,5
4821,13
4821,15
4821,8
4822,8
4823,9
4823,20
4824,9
4825,9
4826,9
4827,3
4827,6
4828,9
4828,13
4828,26
4829,9
4830,9
4831,21
4831,25
4831,14
4832,3
4832,21
4832,6
4833,6
4834,9
4835,6
4835,20
4836,5
4836,9
4836,13
4836,25
4836,7
4837,9
4837,17
4837,25
4837,7
4838,1
4838,3
4838,11
4839,1
4839,3
4839,25
4839,11
4840,9
4840,6
4841,6
4841,20
4842,9
4842,6
4843,3
4843,9
4843,6
4843,10
4844,21
4844,17
4844,11
4845,9
4845,6
4845,20
4846,8
4847,9
4847,20
4848,9
4848,6
4848,20
4849,8
4850,5
4850,9
4850,15
4851,8
4852,3
4852,9
4852,13
4853,13
4853,26
4853,8
4854,9
4854,6
4854,26
4855,4
4855,8
4856,3
4856,9
4856,6
4857,1
4857,3
4858,9
4858,20
4859,9
4859,6
4859,20
4860,9
4860,6
4861,8
4862,26
4862,8
4863,9
4863,20
4864,9
4864,17
4864,25
4864,14
4865,9
4866,8
4867,1
4867,17
4867,25
4868,9
4868,20
4869,9
4870,1
4870,25
4870,7
4871,6
4872,9
4872,8
4873,6
4874,9
4874,6
4875,9
4876,9
4876,6
4876,20
4877,9
4877,6
4878,9
4878,14
4879,9
4879,6
4879,20
4880,9
4881,9
4881,6
4881,20
4882,9
4883,9
4883,15
4884,9
4884,20
4885,9
4886,9
4886,25
4887,9
4887,25
4887,7
4888,9
4888,7
4888,27
4889,9
4889,6
4890,6
4890,20
4891,6
4892,9
4892,25
4892,7
4893,1
4893,21
4893,6
4894,5
4894,9
4895,9
4895,6
4896,3
4896,9
4897,6
4898,9
4898,6
4899,9
4899,6
4899,20
4900,9
4900,6
4901,9
4901,7
4902,9
4902,6
4903,3
4903,9
4904,8
4905,3
4905,6
4905,4
4905,10
4905,16
4906,25
4906,8
4907,6
4907,20
4908,9
4909,9
4909,6
4909,20
4910,9
4911,25
4911,14
4912,9
4912,23
4912,6
4912,20
4913,9
4914,9
4914,25
4914,6
4914,7
4915,9
4915,20
4916,9
4916,26
4917,9
4918,5
4918,9
4918,13
4919,21
4919,9
4919,25
4919,11
4920,1
4920,21
4920,25
4921,9
4922,6
4923,6
4924,5
4924,9
4924,25
4924,20
4924,7
4925,1
4925,9
4925,13
4926,3
4926,11
4926,4
4927,9
4927,23
4928,4
4928,10
4928,16
4929,1
4929,25
4929,11
4930,9
4930,17
4930,25
4931,5
4931,15
4931,8
4932,9
4932,6
4933,9
4934,3
4934,11
4934,6
4934,10
4935,9
4935,6
4936,9
4936,20
4936,7
4937,5
4937,9
4937,23
4937,8
4938,5
4938,15
4938,8
4939,5
4939,9
4940,9
4940,25
4940,7
4941,9
4942,9
4942,6
4943,9
4944,9
4944,20
4945,9
4945,25
4945,20
4945,16
4946,9
4947,5
4947,13
4947,15
4947,8
4948,9
4948,25
4948,7
4949,6
4949,20
4950,9
4950,17
4950,25
4950,11
4950,14
4950,20
4951,6
4952,1
4952,6
4953,25
4954,9
4954,13
4954,25
4954,8
4955,9
4955,17
4955,25
4955,11
4955,14
4955,20
4956,9
4956,6
4956,20
4957,9
4957,6
4958,5
4958,20
4958,15
4959,1
4959,6
4960,8
4961,6
4961,7
4962,8
4963,9
4963,13
4963,26
4964,9
4964,10
4965,9
4965,6
4965,20
4966,8
4967,9
4968,5
4968,13
4968,8
4968,18
4969,9
4969,7
4970,9
4971,15
4971,8
4972,9
4972,6
4973,15
4973,16
4973,8
4974,6
4975,6
4975,20
4976,9
4976,6
4977,9
4978,9
4979,25
4979,20
4979,7
4980,5
4980,9
4981,21
4981,25
4981,14
4982,9
4983,9
4983,11
4983,14
4983,6
4983,20
4984,8
4985,9
4986,9
4986,20
4986,4
4986,10
4986,8
4987,9
4987,20
4988,9
4988,6
4989,9
4989,6
4990,6
4991,8
4992,8
4993,5
4993,8
4994,9
4994,20
4995,9
4996,6
4996,7
4997,3
4997,9
4998,6
4999,6
5000,1
5000,9
5001,6
5001,20
5002,6
5002,20
5003,9
5003,6
5004,9
5005,21
5005,9
5006,15
5006,8
5007,9
5007,7
5008,25
5008,11
5008,14
5009,6
5010,9
5010,20
5011,9
5011,6
5012,9
5012,6
5013,9
5014,9
5014,7
5015,23
5015,11
5015,6
5015,10
5016,9
5017,17
5017,6
5017,7
5018,9
5018,25
5019,9
5019,20
5019,7
5020,3
5020,21
5020,4
5020,10
5021,9
5021,20
5022,9
5022,7
5023,9
5024,8
5025,25
5026,5
5026,9
5026,13
5026,26
5027,15
5027,8
5028,9
5029,8
5030,9
5031,9
5032,9
5032,26
5033,8
5034,9
5034,6
5035,5
5035,8
5036,9
5037,8
5038,9
5038,6
5039,11
5039,6
5039,20
5040,9
5041,5
5041,9
5042,9
5043,9
5043,6
5043,20
5044,9
5044,6
5045,9
5045,6
5045,26
5046,9
5046,20
5047,9
5048,9
5048,25
5048,20
5048,7
5049,21
5049,9
5049,20
5050,6
5051,8
5052,9
5053,21
5053,9
5053,17
5053,14
5054,9
5055,6
5055,7
5056,8
5057,6
5057,20
5057,10
5058,9
5058,10
5059,3
5059,9
5059,6
5060,14
5060,6
5061,11
5061,6
5061,20
5062,9
5063,9
5063,6
5063,15
5063,10
5064,9
5064,6
5065,9
5065,6
5066,9
5066,10
5067,9
5067,20
5068,9
5068,7
5068,27
5069,9
5070,9
5070,7
5071,9
5071,25
5072,1
5072,25
5072,7
5073,5
5073,6
5073,8
5073,18
5074,9
5075,8
5076,4
5076,8
5077,5
5077,9
5077,17
5077,25
5077,7
5078,8
5079,9
5079,25
5080,6
5080,20
5081,1
5081,21
5081,25
5082,1
5082,21
5082,9
5082,25
5083,9
5083,6
5083,7
5084,9
5085,9
5085,6
5086,6
5087,6
5088,9
5088,20
5089,20
5089,7
5090,17
5090,25
5090,7
5091,1
5091,9
5091,25
5091,7
5092,9
5092,17
5093,3
5093,17
5093,25
5093,16
5094,9
5094,25
5094,7
5095,9
5095,15
5095,16
5096,1
5096,3
5096,27
5097,1
5097,5
5097,9
5097,25
5097,26
5098,9
5098,25
5098,20
5098,7
5099,9
5099,6
5100,9
5100,17
5101,6
5101,20
5102,8
5103,1
5103,3
5103,9
5103,4
5103,10
5104,6
5104,20
5105,9
5105,25
5106,9
5106,6
5106,20
5106,15
5107,9
5107,17
5107,20
5108,8
5109,9
5110,6
5111,9
5111,23
5111,11
5111,6
5112,9
5112,6
5113,6
5114,25
5115,3
5115,6
5115,4
5115,10
5116,1
5116,21
5116,25
5116,7
5117,9
5117,6
5117,20
5118,16
5119,9
5119,25
5119,7
5120,5
5120,9
5120,25
5120,14
5120,15
5121,5
5121,9
5121,23
5122,9
5122,25
5122,26
5123,9
5124,9
5125,5
5125,9
5126,13
5126,8
5127,6
5127,20
5128,6
5129,9
5129,20
5130,8
5131,6
5132,9
5132,17
5132,25
5133,9
5133,25
5134,8
5135,6
5136,9
5136,20
5137,9
5137,17
5137,25
5137,11
5138,9
5138,25
5138,14
5139,9
5140,6
5141,9
5142,8
5143,9
5144,9
5144,10
5145,15
5145,8
5146,9
5147,9
5147,20
5148,9
5148,6
5148,20
5149,9
5150,6
5151,8
5152,9
5152,20
5152,26
5153,1
5153,3
5153,21
5153,11
5153,6
5154,6
5154,20
5155,5
5155,15
5155,8
5156,6
5156,20
5157,9
5157,23
5157,20
5158,8
5159,17
5159,25
5159,7
5160,9
5160,6
5160,20
5161,8
5162,1
5162,9
5162,6
5162,20
5163,9
5163,6
5163,20
5164,8
5165,9
5165,20
5166,6
5166,20
5167,6
5167,20
5168,9
5168,20
5169,9
5169,6
5169,20
5170,6
5170,20
5171,6
5171,20
5172,9
5173,9
5173,6
5174,8
5175,9
5175,6
5175,20
5176,5
5176,9
5176,15
5177,9
5177,25
5177,14
5177,6
5177,20
5178,9
5179,6
5179,20
5180,9
5180,6
5180,20
5181,9
5181,6
5181,20
5182,9
5182,20
5182,16
5183,6
5184,9
5184,20
5184,7
5185,6
5186,6
5186,20
5187,6
5187,20
5188,5
5188,9
5189,9
5189,6
5190,9
5191,9
5191,6
5192,9
5192,25
5192,14
5193,9
5193,20
5194,9
5195,9
5195,20
5196,6
5197,6
5197,20
5197,16
5198,9
5199,5
5199,9
5199,13
5199,20
5200,6
5200,20
5201,1
5201,5
5201,9
5201,13
5201,17
5201,6
5201,20
5201,7
5202,5
5202,9
5202,7
5202,4
5203,5
5203,9
5203,15
5203,10
5204,9
5204,25
5205,9
5206,9
5206,25
5206,14
5206,6
5206,7
5207,9
5208,3
5208,11
5208,6
5208,15
5208,4
5208,10
5209,3
5209,11
5209,6
5209,4
5209,10
5210,9
5211,1
5211,9
5211,23
5211,8
5212,3
5212,9
5212,17
5212,25
5212,6
5212,20
5212,7
5213,6
5214,9
5214,6
5215,9
5215,25
5215,11
5215,14
5216,9
5216,25
5216,7
5217,6
5217,20
5217,7
5218,9
5218,6
5219,25
5219,7
5220,6
5220,7
5221,9
5222,9
5222,23
5222,20
5223,1
5223,21
5223,25
5224,21
5224,9
5225,9
5226,9
5227,6
5227,20
5228,9
5229,5
5229,9
5229,13
5229,26
5230,14
5231,3
5231,11
5231,4
5231,10
5232,9
5232,25
5232,20
5232,26
5233,9
5234,5
5234,9
5234,13
5235,9
5236,17
5236,25
5236,14
5237,9
5238,9
5238,7
5239,9
5239,6
5240,9
5241,9
5241,25
5241,14
5242,9
5243,9
5243,15
5244,9
5244,25
5245,9
5245,26
5246,1
5246,6
5247,1
5247,3
5247,25
5247,6
5247,7
5248,1
5248,25
5248,7
5249,1
5249,5
5250,8
5251,5
5251,9
5252,5
5252,9
5252,13
5252,6
5252,8
5253,1
5253,25
5253,7
5254,15
5254,10
5254,8
5255,5
5255,9
5255,13
5255,20
5256,1
5256,3
5256,21
5256,25
5257,25
5257,6
5257,20
5257,7
5258,9
5259,3
5259,6
5259,4
5259,10
5260,3
5260,6
5260,4
5260,10
5261,1
5261,3
5261,6
5261,4
5261,10
5262,9
5263,5
5263,9
5263,7
5263,15
5264,9
5264,25
5264,6
5264,7
5265,15
5265,8
5266,9
5266,13
5266,6
5267,6
5268,6
5268,20
5269,9
5269,6
5270,9
5270,6
5270,7
5271,9
5271,6
5272,9
5272,6
5272,20
5273,6
5274,9
5274,17
5274,25
5275,8
5276,9
5276,20
5277,9
5277,23
5278,9
5279,9
5280,8
5281,9
5281,25
5281,11
5281,14
5282,9
5282,6
5282,20
5283,9
5283,6
5283,20
5284,25
5285,5
5285,9
5285,6
5286,9
5286,6
5286,15
5287,8
5288,8
5289,4
5289,8
5289,22
5290,8
5291,9
5291,6
5291,20
5292,8
5293,23
5293,8
5294,3
5294,8
5295,6
5296,9
5296,6
5297,3
5297,26
5297,27
5298,8
5299,8
5300,15
5300,8
5301,9
5302,16
5303,8
5304,8
5305,5
5305,9
5305,8
5305,18
5306,9
5307,9
5307,20
5308,1
5308,3
5308,9
5308,17
5308,25
5308,11
5308,20
5308,10
5309,1
5309,3
5309,11
5309,10
5310,9
5310,6
5310,20
5310,26
5311,17
5311,25
5311,14
5311,7
5312,6
5312,7
5313,1
5313,9
5313,17
5313,25
5313,14
5313,7
5314,9
5314,13
5315,17
5315,14
5316,9
5316,6
5316,7
5317,9
5317,6
5318,6
5318,20
5318,16
5319,6
5319,20
5319,16
5320,9
5321,9
5321,25
5322,9
5322,17
5322,25
5322,7
5323,9
5323,6
5324,1
5324,3
5324,21
5324,11
5325,1
5325,9
5326,1
5326,6
5327,9
5327,25
5327,6
5327,20
5328,25
5328,7
5329,1
5329,9
5329,25
5329,7
5330,9
5330,6
5331,7
5331,8
5332,9
5333,9
5333,6
5333,20
5334,6
5334,20
5335,8
5336,9
5337,8
5338,5
5338,9
5338,13
5339,9
5340,11
5340,6
5341,1
5341,9
5341,25
5341,11
5341,14
5342,9
5343,9
5343,17
5343,25
5343,7
5344,1
5344,25
5345,25
5345,14
5345,7
5346,9
5347,9
5348,9
5348,10
5349,5
5349,9
5350,6
5351,9
5351,23
5351,8
5352,5
5352,9
5352,8
5353,9
5353,25
5354,8
5355,8
5356,9
5357,9
5358,5
5358,9
5359,8
5360,9
5360,6
5361,9
5361,11
5361,4
5362,9
5363,9
5363,20
5363,26
5364,10
5364,8
5365,6
5365,15
5366,8
5367,9
5367,17
5367,11
5367,14
5368,9
5369,9
5370,6
5370,26
5371,9
5372,25
5373,9
5373,6
5374,9
5375,9
5375,13
5375,20
5376,5
5376,8
5377,9
5377,25
5377,7
5378,15
5378,8
5379,5
5379,9
5379,13
5380,5
5381,9
5381,6
5381,20
5381,16
5382,5
5382,13
5382,8
5383,9
5384,9
5385,21
5385,9
5385,17
5385,6
5386,5
5386,9
5386,13
5386,25
5387,6
5388,5
5388,15
5388,8
5389,9
5389,6
5389,20
5389,10
5390,9
5390,25
5391,6
5391,10
5392,9
5392,4
5392,10
5393,9
5394,9
5394,6
5394,20
5395,9
5395,20
5395,7
5396,3
5396,21
5396,6
5396,4
5396,10
5397,5
5397,9
5398,9
5398,25
5399,9
5399,10
5400,9
5400,20
5401,5
5401,6
5401,8
5402,8
5403,6
5404,9
5404,25
5404,14
5405,8
5406,14
5407,3
5407,11
5407,4
5407,10
5408,9
5409,3
5409,9
5409,11
5409,6
5409,4
5409,10
5409,16
5410,5
5410,9
5410,13
5411,5
5411,9
5411,20
5412,9
5413,6
5414,9
5414,6
5414,15
5415,9
5416,13
5416,26
5416,8
5417,1
5417,3
5417,9
5417,26
5418,1
5418,7
5419,1
5419,6
5419,7
5420,5
5420,15
5420,8
5421,9
5421,6
5421,15
5421,10
5422,9
5422,23
5422,25
5422,20
5422,7
5423,9
5423,25
5423,6
5423,7
5424,6
5424,20
5424,10
5425,9
5426,5
5426,13
5426,8
5427,8
5428,9
5429,8
5430,5
5430,9
5430,20
5431,5
5431,15
5431,8
5432,9
5432,26
5433,3
5433,10
5434,6
5434,10
5435,1
5435,5
5435,9
5435,13
5435,26
5436,1
5436,9
5436,17
5436,25
5436,7
5437,9
5437,6
5437,10
5438,1
5438,3
5438,21
5438,10
5439,8
5440,9
5440,25
5440,14
5440,20
5441,9
5441,6
5442,9
5443,3
5443,6
5443,4
5443,10
5444,6
5444,20
5445,1
5445,14
5446,8
5447,5
5447,15
5447,8
5448,8
5449,20
5450,1
5450,21
5450,25
5451,1
5451,21
5451,25
5452,8
5453,9
5453,17
5453,25
5453,7
5454,8
5455,9
5455,23
5456,5
5456,8
5457,9
5457,6
5458,9
5459,9
5459,10
5460,9
5460,6
5461,9
5461,20
5462,8
5463,6
5463,20
5464,6
5465,9
5466,9
5466,6
5466,20
5467,8
5468,9
5469,9
5469,7
5470,25
5471,9
5471,6
5472,9
5472,23
5472,6
5473,9
5474,9
5474,6
5475,1
5475,25
5475,7
5476,9
5477,9
5477,20
5478,9
5479,23
5479,8
5480,9
5481,27
5482,9
5482,6
5483,3
5483,21
5483,6
5483,20
5483,10
5484,9
5484,6
5484,20
5485,9
5485,6
5485,20
5486,9
5486,6
5486,20
5487,6
5487,20
5488,5
5488,8
5489,6
5489,20
5490,6
5490,20
5490,8
5491,3
5491,21
5491,6
5491,4
5491,10
5492,6
5492,26
5493,8
5494,8
5495,6
5496,1
5496,21
5496,6
5496,4
5496,10
5497,5
5497,9
5497,26
5498,21
5498,9
5498,25
5499,26
5499,8
5500,9
5500,6
5501,17
5501,25
5502,9
5502,13
5503,9
5503,20
5504,9
5505,21
5505,9
5506,9
5506,17
5506,25
5506,7
5507,9
5508,8
5509,9
5510,21
5510,9
5510,17
5510,6
5511,9
5511,13
5511,6
5512,1
5512,21
5512,6
5513,1
5513,21
5513,6
5514,1
5514,3
5514,21
5514,6
5515,5
5515,9
5516,9
5517,9
5517,6
5518,9
5519,9
5519,6
5520,8
5521,6
5522,9
5522,17
5522,25
5522,7
5523,9
5523,20
5524,9
5524,20
5524,26
5524,15
5525,1
5525,3
5525,23
5525,8
5526,1
5526,5
5526,9
5526,25
5526,7
5527,1
5527,5
5527,9
5527,25
5527,7
5528,15
5528,8
5529,15
5529,8
5530,1
5530,15
5530,16
5531,1
5531,9
5531,25
5531,7
5532,1
5532,3
5532,21
5532,9
5532,25
5532,20
5532,7
5532,4
5533,1
5533,9
5533,25
5534,4
5534,10
5535,9
5536,1
5536,9
5536,25
5536,7
5537,9
5538,9
5538,17
5538,25
5538,7
5539,15
5539,8
5540,23
5540,8
5541,8
5542,9
5543,8
5544,6
5544,7
5545,3
5545,9
5545,6
5546,9
5546,6
5547,9
5547,6
5548,9
5548,6
5548,7
5549,9
5550,9
5550,11
5550,6
5550,4
5550,10
5551,1
5552,1
5552,9
5552,7
5552,8
5553,6
5553,20
5554,25
5555,3
5555,21
5555,9
5555,25
5556,9
5556,20
5557,26
5557,8
5558,25
5559,9
5560,9
5560,17
5560,25
5560,14
5561,1
5561,9
5561,13
5561,26
5562,8
5563,9
5563,6
5563,20
5564,9
5564,6
5565,3
5565,6
5565,20
5566,5
5566,8
5567,1
5567,3
5567,5
5567,9
5568,1
5568,3
5568,25
5568,7
5569,5
5569,9
5569,20
5569,15
5570,15
5570,8
5571,8
5572,9
5572,6
5572,16
5573,5
5573,9
5574,9
5575,9
5575,20
5575,4
5576,9
5576,20
5577,5
5577,9
5577,23
5578,9
5578,23
5579,9
5579,6
5579,7
5579,10
5580,9
5581,9
5582,9
5583,9
5583,6
5584,6
5585,9
5585,17
5585,25
5586,8
5587,25
5587,26
5588,9
5589,6
5589,4
5589,10
5590,9
5590,6
5590,7
5591,1
5591,21
5591,17
5591,25
5592,9
5593,9
5593,13
5593,23
5593,10
5594,1
5594,9
5594,25
5594,7
5594,26
5595,9
5596,3
5596,9
5596,11
5596,4
5596,10
5597,9
5598,3
5598,9
5598,11
5598,6
5599,3
5599,9
5599,11
5599,10
5600,17
5600,25
5600,14
5601,9
5601,13
5601,6
5602,9
5602,25
5603,6
5603,8
5604,8
5605,15
5605,8
5606,1
5606,9
5607,1
5607,9
5607,25
5608,1
5608,6
5608,7
5609,1
5609,6
5609,7
5610,5
5610,9
5610,13
5610,4
5611,9
5612,9
5613,9
5614,6
5615,9
5615,25
5616,11
5616,6
5616,10
5617,3
5617,9
5617,11
5617,10
5618,6
5618,20
5619,5
5619,9
5620,15
5620,8
5621,9
5621,25
5622,9
5622,6
5623,9
5623,6
5623,20
5624,3
5624,11
5624,6
5624,4
5624,10
5625,1
5626,1
5626,3
5626,25
5627,1
5627,3
5627,25
5628,1
5628,3
5628,25
5629,1
5629,3
5629,25
5630,3
5630,5
5630,15
5630,8
5631,3
5631,21
5631,9
5631,25
5632,9
5633,6
5633,15
5633,8
5634,6
5635,9
5635,20
5636,9
5636,6
5637,6
5638,9
5639,8
5640,1
5640,3
5640,11
5640,6
5640,4
5640,10
5640,16
5641,9
5642,5
5642,15
5642,8
5643,5
5643,9
5644,9
5645,9
5645,20
5645,26
5646,9
5647,1
5647,9
5647,13
5647,25
5647,14
5647,20
5647,26
5648,8
5649,25
5650,9
5651,13
5651,6
5652,5
5652,9
5652,7
5653,9
5653,10
5654,25
5654,14
5655,9
5656,9
5657,6
5658,9
5658,20
5659,9
5659,20
5660,9
5661,8
5662,9
5663,13
5663,8
5663,18
5664,9
5664,17
5664,25
5664,7
5665,9
5666,5
5666,9
5666,20
5666,26
5667,9
5667,6
5668,8
5669,11
5669,6
5669,20
5669,4
5670,9
5671,9
5671,25
5672,8
5673,9
5674,9
5674,6
5675,5
5675,9
5675,17
5676,9
5676,20
5677,9
5677,6
5677,20
5678,5
5678,9
5678,20
5678,7
5679,9
5679,7
5680,17
5680,11
5680,6
5680,4
5680,10
5681,1
5681,11
5681,6
5682,1
5682,3
5682,11
5683,6
5683,20
5684,1
5684,3
5684,21
5684,11
5684,6
5684,4
5684,10
5685,21
5685,9
5685,25
5685,14
5685,20
5686,9
5687,9
5687,20
5688,21
5688,9
5688,25
5688,26
5689,3
5689,11
5689,6
5689,4
5689,10
5690,3
5690,11
5690,6
5690,4
5690,10
5691,1
5691,3
5691,21
5691,6
5691,4
5691,10
5692,3
5692,6
5692,20
5693,8
5694,9
5694,11
5694,6
5694,20
5695,13
5695,15
5695,8
5696,9
5697,21
5697,9
5697,17
5697,25
5698,25
5699,9
5700,9
5700,20
5701,8
5702,9
5702,6
5702,20
5703,6
5704,23
5704,8
5705,8
5706,21
5706,9
5706,17
5706,25
5706,14
5707,9
5708,9
5709,9
5709,6
5709,20
5710,23
5710,8
5711,8
5712,9
5712,6
5712,20
5713,1
5713,3
5713,21
5713,25
5713,11
5714,1
5714,3
5714,21
5714,25
5714,11
5715,1
5715,9
5715,6
5715,7
5716,9
5717,9
5717,6
5717,20
5718,9
5719,9
5720,9
5721,9
5721,25
5721,14
5722,5
5722,25
5722,7
5723,9
5723,6
5723,20
5724,9
5724,17
5724,25
5724,7
5725,9
5725,17
5725,25
5725,14
5726,9
5727,21
5727,9
5727,25
5728,9
5729,25
5729,11
5729,14
5730,6
5731,9
5731,20
5732,9
5732,17
5732,7
5733,9
5734,9
5734,25
5734,14
5734,7
5735,9
5735,6
5736,9
5736,20
5736,16
5737,8
5738,1
5738,9
5739,9
5739,20
5740,9
5741,6
5742,8
5743,3
5743,9
5743,11
5743,10
5744,9
5744,6
5744,15
5745,9
5746,9
5746,23
5746,6
5746,20
5747,6
5747,10
5748,9
5748,17
5748,25
5748,7
5749,9
5749,6
5750,6
5750,20
5751,5
5751,8
5752,9
5752,17
5752,7
5753,5
5753,9
5753,25
5754,11
5754,6
5754,10
5755,1
5755,25
5755,6
5755,20
5756,9
5756,6
5757,21
5757,9
5757,11
5757,20
5758,3
5758,21
5758,6
5758,4
5758,10
5759,6
5760,1
5760,6
5760,20
5761,6
5762,5
5762,9
5762,13
5763,7
5763,8
5764,23
5764,6
5765,9
5765,6
5765,7
5765,26
5765,15
5766,9
5767,5
5767,9
5767,13
5768,9
5768,6
5769,9
5770,9
5770,6
5770,20
5771,8
5772,8
5773,9
5774,9
5775,8
5776,1
5776,3
5776,9
5776,11
5776,10
5777,8
5778,9
5778,17
5778,25
5778,20
5779,9
5780,8
5781,9
5781,13
5781,25
5782,3
5782,6
5782,7
5782,10
5782,16
5783,9
5783,25
5783,7
5784,1
5784,9
5784,17
5784,6
5784,20
5784,7
5785,25
5785,6
5786,9
5786,17
5786,7
5787,23
5787,8
5788,5
5788,9
5788,7
5789,8
5790,5
5790,13
5790,15
5790,8
5791,9
5791,7
5792,9
5793,9
5793,16
5794,6
5794,20
5794,15
5795,8
5796,5
5796,9
5796,6
5796,20
5796,26
5796,15
5797,9
5797,20
5798,6
5798,20
5799,8
5800,9
5801,21
5801,6
5801,4
5802,21
5802,17
5802,25
5803,6
5804,23
5804,6
5804,10
5805,6
5806,5
5806,9
5806,23
5807,8
5808,5
5808,8
5809,9
5810,6
5811,9
5811,6
5812,6
5813,6
5813,20
5814,6
5814,20
5815,6
5815,20
5815,10
5816,6
5817,6
5818,9
5818,6
5818,20
5819,17
5819,25
5819,14
5819,7
5820,9
5820,20
5821,6
5821,20
5822,9
5822,6
5822,7
5822,15
5823,9
5824,8
5825,9
5825,17
5825,20
5826,5
5826,9
5826,15
5826,8
5827,8
5828,9
5828,23
5828,10
5829,9
5829,4
5830,9
5830,6
5830,4
5831,8
5832,1
5832,9
5833,9
5833,6
5833,20
5834,8
5835,5
5835,9
5835,25
5835,14
5835,7
5836,9
5837,9
5838,1
5838,3
5838,21
5838,6
5838,4
5838,10
5839,8
5840,9
5841,17
5841,8
5842,9
5842,20
5843,9
5843,6
5843,4
5843,10
5844,8
5845,6
5845,20
5846,9
5846,20
5847,3
5847,11
5847,6
5847,4
5847,10
5847,16
5848,9
5849,9
5849,20
5849,8
5850,3
5850,6
5851,9
5852,9
5852,6
5853,9
5854,15
5854,8
5855,14
5855,6
5856,9
5857,9
5857,20
5858,8
5859,9
5859,6
5860,9
5860,6
5861,5
5861,13
5861,10
5861,8
5861,18
5862,8
5863,3
5863,5
5863,10
5863,8
5864,8
5865,9
5866,8
5867,9
5867,8
5868,9
5869,9
5869,25
5870,9
5870,14
5871,25
5871,14
5872,1
5872,6
5872,10
5873,9
5873,25
5873,20
5874,21
5874,9
5874,25
5874,6
5874,20
5874,7
5875,8
5876,8
5877,1
5877,9
5877,13
5877,26
5878,9
5879,9
5879,6
5879,20
5880,9
5880,13
5880,8
5881,9
5881,6
5882,6
5882,20
5883,9
5884,9
5884,17
5885,9
5885,17
5886,9
5886,17
5887,9
5887,17
5887,25
5887,7
5888,5
5888,15
5888,8
5889,9
5890,23
5890,6
5890,10
5891,5
5891,15
5891,8
5892,8
5893,9
5893,6
5893,7
5894,9
5895,9
5895,17
5895,25
5896,3
5896,17
5896,25
5896,6
5896,7
5896,10
5897,9
5897,17
5897,6
5897,7
5897,10
5898,13
5898,26
5898,8
5899,11
5899,6
5899,10
5900,11
5900,6
5900,10
5901,6
5902,23
5902,8
5903,9
5903,25
5903,7
5904,8
5904,18
5905,8
5906,8
5906,22
5907,9
5908,9
5909,8
5910,9
5911,13
5911,8
5912,6
5912,7
5913,1
5913,25
5913,6
5913,7
5914,1
5914,3
5914,25
5915,1
5915,3
5915,17
5915,25
5915,6
5916,9
5917,6
5918,6
5919,3
5919,9
5919,6
5920,9
5921,3
5921,9
5922,1
5922,3
5922,5
5922,13
5922,7
5922,27
5923,9
5924,1
5924,9
5924,25
5924,7
5925,21
5925,9
5925,11
5925,20
5926,9
5926,25
5927,6
5928,6
5929,15
5929,8
5930,15
5930,8
5931,15
5931,8
5932,9
5932,17
5932,25
5932,11
5932,26
5933,8
5934,9
5935,5
5935,9
5935,13
5935,7
5936,3
5936,21
5936,17
5936,25
5936,7
5937,8
5938,6
5938,20
5939,1
5939,9
5939,23
5940,6
5941,1
5941,9
5941,25
5941,7
5942,5
5942,8
5943,9
5943,6
5943,7
5944,9
5944,17
5944,6
5945,1
5945,9
5945,25
5945,27
5946,9
5946,17
5946,25
5947,9
5947,25
5948,9
5948,13
5948,25
5948,20
5949,9
5950,9
5951,9
5951,17
5951,25
5952,25
5952,11
5952,14
5952,6
5953,6
5953,20
5954,9
5955,6
5956,6
5956,20
5957,15
5957,8
5958,9
5958,20
5959,6
5960,6
5961,9
5961,20
5962,1
5962,3
5962,9
5962,13
5962,27
5963,8
5964,1
5964,21
5964,25
5964,11
5964,20
5965,1
5965,6
5965,7
5966,6
5967,23
5967,8
5968,9
5969,9
5969,6
5969,20
5969,15
5970,5
5970,9
5970,13
5970,8
5971,5
5971,9
5971,15
5972,9
5972,6
5972,20
5973,1
5973,9
5973,6
5973,7
5974,9
5975,9
5976,1
5976,3
5976,11
5976,6
5976,10
5977,1
5977,3
5977,11
5977,6
5977,10
5978,3
5978,11
5978,6
5978,10
5979,9
5979,20
5980,9
5981,1
5981,9
5981,17
5981,25
5981,7
5982,9
5982,25
5983,9
5983,11
5984,8
5985,6
5986,1
5986,9
5986,25
5986,14
5986,7
5987,17
5987,25
5987,20
5988,1
5988,11
5989,13
5989,26
5989,8
5990,9
5990,25
5990,7
5991,1
5991,9
5991,17
5991,25
5991,11
5991,14
5991,7
5992,14
5993,9
5993,20
5994,5
5995,3
5995,6
5995,10
5996,5
5996,9
5996,15
5997,14
5997,6
5997,20
5998,9
5999,6
6000,9
6000,6
6001,9
6001,20
6001,16
6002,9
6002,11
6003,9
6004,11
6004,6
6004,10
6005,25
6005,7
6006,1
6006,9
6006,25
6006,7
6007,1
6007,6
6007,8
6008,9
6008,13
6009,9
6009,25
6009,7
6009,27
6010,9
6010,17
6010,25
6011,26
6011,8
6012,1
6012,25
6013,9
6013,13
6013,25
6013,7
6014,25
6014,14
6014,7
6015,8
6016,8
6017,5
6017,9
6017,17
6017,7
6018,9
6018,6
6018,26
6019,1
6019,3
6019,25
6019,27
6020,8
6021,9
6022,25
6022,14
6023,8
6024,26
6024,8
6025,9
6025,6
6025,20
6026,8
6027,6
6027,20
6028,6
6028,20
6029,9
6029,11
6029,14
6029,6
6030,9
6030,25
6030,7
6031,1
6031,3
6031,25
6032,1
6032,3
6032,9
6032,11
6033,9
6033,25
6033,6
6033,7
6034,5
6034,9
6035,1
6035,9
6035,25
6035,7
6036,17
6036,6
6036,7
6037,9
6038,8
6039,9
6040,9
6040,6
6040,20
6041,9
6041,25
6042,9
6042,25
6043,17
6043,25
6043,14
6044,9
6045,11
6045,6
6045,10
6046,9
6047,9
6047,6
6047,7
6048,6
6048,20
6049,8
6050,9
6050,13
6050,26
6051,5
6051,6
6051,8
6052,9
6053,9
6053,6
6053,20
6054,1
6054,6
6054,7
6055,1
6055,17
6055,25
6056,6
6056,20
6057,9
6057,14
6058,3
6058,6
6058,4
6058,10
6059,9
6059,6
6060,5
6060,13
6060,8
6061,9
6061,25
6062,9
6063,9
6064,3
6064,9
6064,13
6064,23
6065,9
6066,9
6066,15
6067,9
6067,11
6068,9
6068,20
6069,23
6069,8
6070,9
6071,9
6071,8
6072,6
6073,9
6073,20
6074,9
6075,25
6076,8
6077,9
6077,6
6078,8
6079,9
6080,9
6080,8
6081,9
6081,25
6082,9
6082,25
6083,14
6084,9
6084,6
6084,20
6085,5
6085,9
6085,15
6086,6
6087,9
6087,13
6088,8
6089,9
6089,17
6089,25
6090,9
6090,11
6090,20
6091,9
6092,9
6092,25
6092,6
6092,7
6093,8
6094,17
6094,25
6094,7
6095,1
6095,3
6095,17
6095,25
6095,6
6095,7
6096,5
6096,9
6096,15
6097,5
6097,9
6098,1
6098,9
6098,14
6098,6
6098,7
6099,8
6100,8
6101,9
6102,25
6102,14
6103,25
6103,6
6103,20
6103,7
6104,4
6104,8
6105,21
6105,6
6106,9
6107,9
6107,17
6108,9
6108,25
6108,20
6109,3
6109,6
6109,7
6109,15
6110,9
6111,9
6111,20
6112,15
6112,8
6113,8
6114,1
6114,3
6114,21
6114,17
6114,25
6115,5
6115,8
6116,9
6116,6
6116,7
6117,9
6117,25
6118,6
6118,20
6119,5
6119,8
6120,26
6120,8
6121,9
6121,8
6122,1
6122,25
6122,6
6122,7
6123,25
6123,6
6123,7
6124,25
6124,7
6125,25
6125,7
6126,9
6127,8
6128,9
6128,25
6128,20
6129,14
6130,17
6130,25
6130,14
6130,6
6131,6
6132,8
6133,8
6134,9
6134,13
6135,13
6135,26
6135,8
6136,5
6136,13
6136,8
6137,9
6137,13
6137,8
6137,18
6138,9
6139,9
6140,8
6141,6
6141,20
6141,16
6142,6
6143,5
6143,9
6143,25
6143,20
6143,26
6144,9
6144,23
6144,6
6145,9
6145,6
6146,8
6147,9
6147,6
6148,9
6149,1
6149,3
6149,21
6149,9
6150,13
6150,8
6151,9
6151,17
6151,25
6152,6
6152,10
6153,9
6153,20
6154,27
6155,9
6156,6
6157,25
6158,1
6158,9
6158,17
6158,25
6159,1
6159,9
6159,17
6159,25
6160,8
6161,8
6162,9
6162,10
6163,9
6163,23
6163,6
6163,20
6164,1
6164,25
6165,9
6165,25
6166,9
6167,6
6168,1
6168,3
6168,23
6168,8
6169,9
6169,20
6170,9
6170,20
6171,5
6171,8
6172,9
6172,6
6173,5
6173,9
6174,9
6175,9
6175,25
6176,1
6176,9
6176,25
6176,7
6177,6
6177,20
6177,10
6178,9
6179,8
6180,3
6180,9
6181,3
6181,9
6181,6
6181,20
6182,9
6182,25
6182,7
6183,9
6184,9
6184,20
6184,15
6185,23
6185,8
6186,9
6186,7
6187,1
6187,3
6187,21
6187,6
6188,9
6189,9
6189,13
6189,17
6189,25
6189,6
6189,7
6190,1
6190,9
6190,25
6190,27
6191,9
6191,6
6191,20
6192,27
6193,1
6193,25
6193,6
6194,5
6194,13
6194,15
6194,8
6195,9
6195,20
6196,9
6197,8
6198,5
6198,9
6198,6
6198,15
6199,13
6199,8
6200,14
6200,6
6201,6
6201,20
6202,13
6202,23
6202,8
6203,15
6203,8
6204,1
6204,25
6204,6
6204,7
6205,9
6205,25
6206,9
6206,6
6206,20
6207,9
6207,6
6208,8
6209,8
6210,17
6210,25
6210,14
6211,17
6211,14
6212,9
6212,6
6212,15
6213,15
6213,8
6214,6
6214,7
6215,9
6216,9
6217,8
6218,9
6218,6
6218,20
6219,5
6219,15
6219,8
6220,9
6220,25
6220,11
6221,9
6221,6
6222,1
6222,3
6222,25
6222,7
6223,1
6224,9
6224,25
6224,7
6225,6
6225,20
6226,9
6226,14
6226,20
6227,9
6227,17
6227,25
6227,7
6228,5
6228,9
6229,15
6229,8
6230,6
6230,20
6230,8
6231,9
6231,20
6232,1
6232,9
6232,11
6232,14
6233,3
6233,9
6233,11
6233,6
6233,4
6233,10
6234,9
6234,10
6235,9
6235,20
6236,9
6236,20
6236,27
6237,3
6237,6
6237,4
6237,10
6238,9
6238,25
6238,14
6239,1
6239,25
6239,7
6240,25
6241,1
6241,9
6241,13
6241,26
6242,8
6243,5
6243,9
6243,13
6243,25
6244,7
6244,8
6245,9
6245,13
6245,25
6245,20
6245,26
6246,9
6247,9
6247,6
6248,9
6249,8
6250,9
6250,20
6251,9
6251,20
6252,9
6252,6
6252,15
6253,9
6253,20
6253,7
6253,15
6254,8
6255,9
6255,17
6255,25
6255,20
6256,15
6256,8
6257,9
6257,25
6257,14
6258,8
6259,9
6259,26
6260,9
6261,1
6261,3
6261,25
6261,11
6261,6
6261,7
6261,4
6262,3
6262,6
6263,3
6263,6
6263,7
6264,8
6265,8
6266,9
6267,9
6268,9
6269,8
6270,1
6270,3
6270,25
6270,14
6271,25
6271,14
6272,20
6272,15
6273,8
6274,9
6274,6
6275,9
6276,8
6277,6
6277,20
6278,9
6279,9
6280,6
6281,25
6282,9
6282,20
6282,7
6283,9
6283,6
6284,9
6285,5
6285,13
6285,8
6286,9
6287,9
6287,20
6288,9
6289,9
6289,10
6289,8
6290,9
6290,26
6291,23
6291,6
6292,9
6292,20
6293,9
6293,17
6293,7
6294,9
6294,7
6295,25
6295,14
6296,9
6296,25
6296,7
6297,9
6297,25
6297,7
6298,9
6298,17
6299,1
6299,3
6300,8
6301,1
6301,3
6301,21
6302,1
6302,5
6302,9
6302,13
6302,26
6303,9
6303,25
6303,27
6304,8
6305,9
6305,7
6306,9
6307,1
6307,9
6307,13
6307,7
6308,1
6308,3
6308,21
6308,11
6309,9
6309,6
6309,20
6310,11
6310,6
6310,20
6311,3
6311,6
6311,4
6311,10
6312,3
6312,21
6312,11
6312,6
6312,4
6312,10
6312,16
6313,8
6314,6
6314,20
6315,1
6315,3
6315,21
6315,17
6315,25
6315,14
6315,26
6316,8
6317,9
6317,25
6317,7
6318,21
6318,9
6318,25
6318,11
6319,9
6320,9
6320,6
6320,20
6321,1
6321,3
6321,11
6321,10
6322,25
6323,1
6323,3
6323,21
6323,11
6324,1
6324,3
6324,21
6325,6
6325,10
6326,3
6326,11
6326,6
6326,4
6326,10
6327,9
6327,6
6328,8
6329,1
6329,9
6329,7
6330,9
6331,1
6331,9
6331,25
6331,6
6331,7
6332,9
6333,5
6333,9
6334,3
6334,9
6334,6
6335,9
6335,23
6335,8
6336,17
6336,11
6336,6
6336,20
6337,9
6338,9
6339,3
6339,11
6339,6
6339,10
6340,9
6341,8
6342,1
6342,21
6342,25
6342,14
6343,9
6343,25
6343,6
6343,7
6344,25
6345,9
6345,17
6345,25
6345,11
6345,26
6346,5
6346,9
6347,1
6347,25
6347,7
6348,26
6348,8
6349,9
6349,6
6349,20
6350,9
6350,6
6351,9
6352,3
6352,9
6352,17
6352,20
6353,9
6353,6
6354,5
6354,9
6354,17
6354,25
6354,7
6355,21
6355,17
6355,4
6356,9
6356,6
6357,9
6357,26
6358,9
6359,21
6359,25
6359,11
6360,9
6361,9
6362,9
6362,7
6363,13
6363,26
6363,8
6364,9
6365,9
6365,25
6366,9
6366,23
6366,17
6366,25
6366,7
6367,25
6367,14
6368,17
6368,25
6368,14
6369,14
6370,14
6371,17
6371,14
6372,14
6373,25
6373,14
6374,3
6374,11
6374,14
6374,6
6374,4
6374,10
6375,9
6375,25
6375,6
6376,9
6377,6
6378,9
6379,9
6379,6
6379,20
6380,9
6380,20
6381,9
6381,15
6382,9
6382,6
6382,20
6383,25
6383,7
6384,9
6384,20
6385,6
6385,20
6386,9
6387,1
6387,25
6387,7
6388,9
6388,17
6388,25
6389,9
6389,6
6390,8
6391,9
6392,9
6392,25
6393,5
6393,9
6393,25
6393,7
6394,5
6394,9
6395,9
6396,9
6396,17
6396,25
6396,20
6397,3
6397,21
6397,9
6397,20
6398,9
6399,16
6400,9
6400,17
6400,25
6400,7
6401,9
6401,17
6401,20
6402,9
6402,25
6403,9
6403,6
6403,20
6404,13
6404,15
6405,9
6406,3
6406,21
6406,9
6406,11
6406,4
6407,9
6407,6
6407,20
6408,8
6409,1
6409,3
6409,9
6409,13
6409,25
6409,26
6410,25
6410,14
6410,7
6411,9
6412,8
6413,10
6414,9
6414,6
6414,20
6415,9
6415,13
6415,25
6416,9
6416,15
6417,15
6417,8
6418,21
6418,6
6419,9
6419,13
6420,1
6420,6
6420,7
6420,10
6421,1
6421,6
6421,7
6422,5
6422,9
6422,13
6422,8
6423,9
6423,6
6424,5
6424,6
6424,16
6424,8
6425,9
6425,6
6426,5
6426,9
6426,15
6427,5
6427,15
6427,8
6428,9
6429,3
6429,9
6429,20
6429,26
6430,3
6430,6
6430,4
6430,10
6431,5
6431,9
6432,1
6432,9
6432,6
6432,7
6433,9
6433,20
6434,25
6434,14
6435,8
6436,1
6436,21
6436,17
6436,25
6437,9
6437,6
6438,8
6438,18
6439,8
6440,9
6440,23
6440,20
6441,1
6441,9
6441,20
6441,26
6442,15
6442,8
6443,9
6444,3
6444,6
6445,6
6446,6
6446,20
6447,9
6447,6
6448,5
6448,13
6448,8
6449,5
6449,9
6449,23
6450,8
6451,9
6452,17
6453,11
6453,6
6453,20
6454,9
6455,8
6456,3
6456,6
6456,4
6456,10
6457,9
6458,9
6458,7
6459,9
6460,6
6461,8
6462,8
6463,1
6463,9
6463,25
6464,1
6464,3
6464,9
6464,11
6464,10
6465,3
6465,11
6466,5
6466,9
6467,21
6467,17
6467,25
6467,14
6468,9
6468,20
6469,9
6469,17
6469,25
6469,14
6469,7
6470,9
6470,17
6470,25
6470,7
6471,6
6472,9
6472,25
6473,9
6473,13
6473,26
6474,9
6474,6
6474,20
6475,9
6475,6
6475,7
6476,1
6476,9
6476,17
6476,25
6477,5
6477,9
6477,26
6477,4
6478,9
6478,6
6479,9
6479,17
6479,25
6480,9
6481,8
6482,7
6482,8
6483,25
6483,14
6484,17
6484,25
6484,14
6485,15
6485,8
6486,8
6487,9
6487,20
6488,3
6488,11
6488,20
6488,10
6489,3
6489,11
6489,6
6489,4
6489,10
6490,3
6490,11
6490,6
6490,4
6490,10
6491,9
6491,13
6492,3
6492,11
6492,10
6493,9
6494,9
6494,17
6494,14
6494,4
6495,21
6495,14
6495,6
6496,11
6496,14
6497,9
6498,25
6499,11
6499,4
6500,9
6500,25
6500,7
6501,9
6501,20
6501,7
6502,6
6503,9
6503,6
6504,5
6504,13
6504,15
6504,8
6505,5
6505,8
6506,9
6507,3
6507,9
6507,11
6507,6
6507,10
6508,9
6508,13
6509,6
6510,17
6510,25
6511,9
6511,20
6511,22
6512,8
6513,8
6514,15
6514,8
6515,8
6516,8
6517,9
6518,9
6518,6
6519,17
6519,25
6519,14
6520,9
6521,9
6522,9
6522,25
6523,3
6523,17
6523,4
6523,10
6524,3
6524,9
6525,9
6526,16
6526,8
6527,1
6527,25
6527,6
6527,7
6528,5
6528,9
6529,9
6529,23
6529,6
6530,23
6530,6
6530,10
6531,6
6532,8
6533,9
6534,11
6534,6
6534,10
6535,9
6535,11
6536,25
6537,6
6537,20
6538,1
6538,25
6538,14
6538,6
6539,25
6539,14
6539,6
6540,9
6540,7
6541,9
6541,6
6541,20
6541,15
6542,1
6542,3
6542,11
6543,1
6543,3
6543,11
6544,1
6544,3
6544,11
6544,6
6545,1
6545,3
6545,11
6546,1
6546,3
6546,11
6546,20
6546,10
6547,1
6547,9
6547,7
6548,1
6548,21
6548,25
6548,14
6549,6
6549,20
6549,15
6550,6
6550,15
6551,6
6551,15
6552,1
6552,21
6552,6
6552,4
6553,25
6553,6
6553,7
6554,6
6555,9
6555,7
6556,8
6557,6
6558,3
6558,6
6558,4
6558,10
6559,3
6559,6
6559,4
6559,10
6560,3
6560,21
6560,11
6560,6
6560,4
6560,10
6561,13
6561,15
6561,8
6562,17
6562,6
6563,9
6563,8
6564,1
6564,3
6564,21
6564,25
6565,9
6565,17
6565,25
6565,11
6565,20
6566,1
6566,9
6566,6
6566,7
6567,6
6567,20
6568,9
6568,23
6568,6
6568,20
6569,6
6569,20
6570,6
6570,10
6571,8
6572,3
6572,11
6572,6
6572,4
6572,10
6572,16
6573,9
6573,6
6574,9
6574,6
6575,25
6575,14
6576,8
6577,13
6577,25
6577,8
6578,9
6578,6
6578,20
6579,9
6580,8
6581,1
6581,25
6581,7
6582,1
6582,25
6582,7
6583,1
6583,23
6583,25
6583,7
6584,1
6584,3
6584,11
6584,4
6584,10
6585,1
6585,3
6585,4
6585,10
6586,1
6586,3
6586,21
6586,17
6586,11
6586,6
6586,4
6586,10
6587,1
6587,3
6587,7
6587,4
6587,10
6588,1
6588,3
6588,4
6588,10
6589,9
6589,20
6590,1
6590,9
6590,25
6590,7
6591,9
6591,6
6591,7
6592,9
6592,7
6593,1
6593,25
6593,6
6593,7
6594,1
6594,25
6594,6
6594,7
6595,9
6596,9
6597,9
6597,7
6598,5
6598,9
6599,25
6599,14
6600,6
6600,8
6601,1
6601,3
6601,9
6601,13
6601,20
6602,9
6602,6
6603,25
6603,14
6604,3
6604,11
6604,4
6604,10
6605,17
6605,11
6605,4
6605,10
6606,9
6606,25
6607,1
6607,3
6607,6
6607,16
6608,9
6609,8
6610,5
6610,8
6611,6
6611,15
6612,6
6613,5
6613,8
6614,9
6615,14
6615,6
6616,9
6616,20
6617,9
6617,20
6618,9
6618,13
6618,20
6619,13
6619,8
6619,18
6620,1
6620,3
6620,25
6621,9
6621,17
6621,20
6622,21
6622,25
6622,14
6623,6
6624,9
6625,9
6626,1
6626,25
6626,6
6627,9
6628,9
6629,6
6629,4
6629,10
6630,9
6631,6
6632,8
6633,8
6634,9
6635,8
6636,8
6637,9
6638,8
6639,9
6640,1
6640,3
6640,21
6640,25
6641,1
6641,21
6641,9
6641,17
6641,25
6642,6
6643,9
6643,20
6643,15
6644,1
6644,25
6645,9
6645,17
6645,25
6645,11
6646,9
6646,20
6647,15
6647,8
6648,25
6648,14
6649,8
6650,9
6650,6
6651,9
6651,25
6651,11
6651,14
6651,6
6652,9
6652,15
6653,9
6653,23
6654,6
6654,20
6655,9
6655,23
6655,7
6655,10
6656,9
6656,13
6656,6
6657,9
6657,25
6657,7
6658,1
6658,25
6658,14
6658,6
6658,20
6659,9
6659,20
6660,1
6660,25
6660,14
6661,1
6662,9
6662,6
6662,20
6663,21
6663,9
6663,25
6664,25
6664,14
6665,8
6666,9
6667,9
6667,6
6668,9
6669,1
6669,3
6669,11
6669,20
6670,9
6670,20
6671,9
6672,9
6672,20
6673,9
6674,5
6674,8
6675,9
6675,25
6675,7
6676,1
6676,21
6676,25
6676,14
6677,9
6677,26
6678,9
6678,20
6679,9
6680,9
6680,26
6681,9
6682,9
6683,8
6684,8
6685,5
6685,9
6686,17
6686,25
6687,8
6688,21
6688,25
6689,8
6690,1
6690,21
6690,25
6690,7
6691,6
6692,9
6692,6
6693,17
6693,25
6693,14
6694,1
6694,3
6694,21
6694,9
6694,25
6694,11
6694,6
6694,4
6695,1
6695,3
6695,21
6695,9
6695,25
6695,14
6696,9
6697,8
6698,9
6698,25
6698,6
6698,7
6699,9
6700,1
6700,3
6700,9
6700,25
6700,20
6701,5
6701,13
6701,8
6702,21
6703,8
6704,9
6705,9
6705,20
6706,8
6707,1
6707,25
6707,7
6708,9
6709,1
6709,3
6709,21
6709,9
6710,9
6710,25
6710,14
6711,9
6711,11
6711,6
6711,20
6712,9
6712,20
6713,6
6714,17
6714,14
6714,6
6715,9
6716,14
6717,5
6717,9
6717,13
6717,25
6717,20
6717,7
6718,6
6718,20
6719,6
6720,6
6720,20
6721,15
6721,8
6722,21
6722,17
6722,25
6722,11
6722,14
6723,25
6723,14
6724,8
6725,9
6725,23
6725,6
6725,20
6726,9
6726,6
6726,20
6727,6
6728,9
6729,1
6729,9
6729,25
6729,7
6730,6
6730,20
6730,15
6731,14
6731,6
6732,9
6733,9
6733,13
6733,26
6734,1
6734,21
6734,9
6734,25
6735,1
6735,9
6735,25
6735,7
6736,1
6736,9
6736,25
6736,7
6737,1
6737,9
6737,25
6737,11
6737,14
6737,6
6737,7
6738,3
6738,11
6738,6
6738,4
6739,15
6739,8
6739,18
6740,9
6740,8
6741,9
6742,9
6743,9
6744,9
6745,9
6746,1
6746,3
6746,25
6747,21
6747,9
6747,17
6747,25
6748,9
6748,6
6749,9
6750,9
6750,6
6750,20
6751,9
6751,25
6752,9
6753,5
6753,9
6753,23
6754,11
6754,14
6754,15
6755,5
6755,9
6755,13
6755,20
6756,9
6756,6
6757,9
6757,8
6758,9
6758,20
6758,7
6759,9
6760,6
6760,7
6761,6
6761,20
6762,8
6763,15
6763,10
6763,8
6764,9
6764,25
6765,9
6765,20
6766,9
6767,5
6767,9
6767,13
6767,20
6768,5
6768,9
6768,8
6769,9
6770,8
6771,5
6771,9
6771,15
6772,9
6772,13
6772,26
6773,9
6773,7
6774,9
6774,6
6775,1
6775,3
6775,21
6776,9
6777,3
6777,9
6777,13
6778,21
6778,14
6779,9
6779,13
6780,5
6780,9
6780,23
6781,3
6781,21
6781,25
6781,11
6781,10
6782,9
6782,20
6783,9
6783,7
6784,9
6784,20
6785,23
6785,8
6786,3
6786,9
6786,23
6786,6
6786,10
6787,9
6787,23
6788,8
6789,5
6789,9
6789,20
6790,9
6790,20
6791,1
6791,25
6791,7
6792,3
6792,5
6792,9
6792,6
6792,15
6792,8
6793,1
6793,6
6793,26
6794,9
6795,9
6795,20
6796,9
6796,6
6797,8
6798,20
6798,15
6798,10
6799,8
6800,9
6800,6
6800,20
6801,9
6801,20
6802,9
6803,3
6803,21
6803,11
6803,6
6803,4
6803,10
6804,1
6804,25
6805,1
6805,3
6805,25
6805,27
6806,8
6807,9
6808,3
6808,11
6808,6
6808,10
6809,1
6809,3
6809,21
6810,1
6810,9
6810,25
6810,7
6811,9
6812,3
6812,9
6812,6
6813,9
6813,6
6814,9
6814,25
6814,14
6815,1
6815,3
6815,6
6815,4
6815,10
6816,25
6816,7
6817,9
6818,11
6818,14
6818,6
6819,9
6819,6
6819,20
6820,1
6820,11
6820,6
6821,8
6822,3
6822,6
6823,11
6823,6
6823,4
6823,10
6824,9
6825,1
6825,3
6825,21
6825,6
6825,4
6825,10
6826,9
6826,14
6827,5
6827,9
6827,15
6828,9
6829,1
6829,3
6829,11
6829,6
6829,4
6829,10
6829,16
6830,1
6830,14
6831,5
6831,8
6832,9
6833,5
6833,9
6833,20
6834,9
6834,25
6834,20
6834,7
6835,17
6835,25
6835,14
6835,6
6836,1
6836,3
6836,21
6836,25
6836,4
6837,23
6837,6
6838,1
6838,21
6838,9
6839,9
6839,6
6840,6
6841,9
6841,6
6842,21
6842,9
6843,9
6843,17
6843,25
6843,20
6844,5
6844,9
6845,8
6846,8
6847,23
6847,6
6847,10
6848,8
6849,17
6849,25
6849,14
6850,25
6850,14
6851,25
6851,14
6852,21
6852,17
6852,6
6852,4
6852,10
6853,9
6853,25
6854,9
6854,20
6855,8
6856,1
6856,6
6856,7
6857,1
6857,25
6857,6
6857,7
6858,9
6858,25
6859,5
6859,13
6859,23
6859,8
6860,1
6860,3
6860,9
6860,13
6860,26
6861,1
6862,9
6863,25
6863,7
6864,25
6865,6
6865,20
6866,9
6867,5
6867,9
6867,25
6867,20
6868,9
6869,9
6869,25
6870,9
6870,17
6870,25
6870,14
6871,1
6871,3
6871,25
6871,6
6871,7
6872,13
6872,8
6872,18
6873,8
6874,1
6874,21
6874,25
6875,9
6875,25
6876,9
6876,17
6876,7
6877,9
6877,17
6877,25
6878,9
6878,6
6879,9
6880,9
6880,16
6881,9
6881,17
6881,25
6882,25
6882,14
6883,1
6883,3
6883,9
6883,13
6883,26
6884,1
6884,11
6884,8
6884,22
6885,9
6885,7
6885,26
6886,1
6886,9
6886,23
6887,1
6887,9
6887,25
6887,7
6888,1
6889,8
6890,8
6891,9
6891,17
6891,25
6891,14
6891,7
6892,9
6893,1
6893,21
6893,25
6893,11
6894,9
6895,15
6895,8
6896,1
6896,9
6896,25
6896,7
6897,8
6898,11
6898,6
6899,9
6899,17
6899,25
6899,14
6900,6
6900,8
6901,9
6901,25
6902,9
6902,20
6903,9
6903,6
6903,20
6904,9
6904,23
6905,21
6905,9
6905,17
6906,21
6906,17
6906,25
6906,20
6907,8
6908,1
6908,21
6908,25
6908,4
6909,9
6909,25
6909,26
6910,6
6910,7
6911,6
6911,8
6912,9
6913,9
6913,20
6913,16
6914,25
6915,21
6915,9
6915,17
6915,25
6915,7
6916,21
6916,14
6916,16
6917,1
6917,21
6917,25
6918,1
6918,25
6918,7
6919,9
6920,9
6921,9
6922,1
6922,3
6922,5
6922,9
6922,26
6923,9
6923,25
6924,8
6925,1
6925,21
6925,25
6925,14
6926,1
6926,21
6926,25
6926,14
6927,1
6927,21
6927,25
6928,1
6928,21
6928,25
6928,11
6928,14
6929,1
6929,3
6929,21
6929,13
6929,25
6929,14
6930,1
6930,21
6930,25
6930,14
6931,1
6931,21
6931,17
6931,25
6931,14
6932,9
6933,5
6933,9
6933,13
6933,6
6933,26
6934,5
6934,9
6934,15
6935,9
6936,6
6936,20
6937,9
6938,9
6938,15
6939,8
6940,26
6940,8
6941,6
6942,8
6943,9
6943,23
6944,9
6944,25
6945,9
6946,9
6946,6
6946,20
6947,3
6947,11
6947,4
6947,10
6948,21
6948,14
6948,6
6949,25
6950,1
6950,3
6950,21
6951,6
6952,9
6952,6
6952,10
6953,9
6953,25
6953,20
6953,7
6954,1
6954,25
6954,14
6955,8
6956,1
6956,9
6956,7
6957,8
6958,9
6959,25
6960,6
6960,8
6961,9
6961,20
6962,9
6962,17
6962,25
6962,7
6963,9
6963,8
6964,9
6964,14
6964,20
6965,5
6965,9
6965,10
6965,8
6966,8
6967,5
6967,9
6967,7
6968,8
6969,9
6970,9
6970,6
6970,15
6970,16
6971,9
6971,11
6971,6
6972,6
6973,1
6973,21
6973,25
6974,6
6975,1
6975,6
6976,1
6976,6
6977,9
6977,6
6978,9
6978,11
6978,6
6978,20
6978,4
6978,10
6979,1
6979,9
6979,6
6980,9
6981,13
6981,23
6981,8
6982,5
6982,9
6982,6
6983,25
6983,14
6984,9
6984,25
6985,9
6985,25
6985,20
6985,7
6986,9
6987,9
6987,17
6987,25
6987,7
6988,1
6988,9
6988,14
6989,9
6989,14
6990,3
6990,6
6990,4
6990,10
6991,3
6991,6
6991,4
6991,10
6992,9
6992,11
6992,6
6992,20
6993,1
6993,11
6993,6
6993,7
6994,3
6994,11
6994,4
6994,10
6995,1
6995,3
6995,21
6996,1
6996,3
6996,9
6996,17
6997,23
6997,8
6998,8
6999,8
7000,8
7001,8
7002,15
7002,8
7003,6
7004,25
7004,20
7005,9
7005,25
7006,3
7006,9
7006,25
7006,7
7007,3
7007,6
7008,9
7009,8
7010,9
7010,7
7011,1
7011,13
7012,1
7012,3
7012,9
7013,1
7013,3
7013,5
7013,9
7013,25
7014,5
7014,6
7014,8
7015,8
7016,1
7016,21
7016,25
7016,7
7017,21
7017,9
7017,6
7017,7
7018,1
7018,3
7018,21
7019,21
7019,9
7020,3
7020,21
7020,6
7020,20
7020,4
7020,10
7021,9
7021,7
7022,3
7022,6
7022,15
7022,4
7022,10
7023,9
7023,6
7023,20
7023,16
7024,15
7024,8
7025,9
7025,6
7025,15
7026,15
7026,8
7027,6
7027,15
7028,9
7028,6
7029,5
7029,9
7029,11
7029,15
7029,16
7030,1
7030,7
7031,9
7032,9
7032,6
7032,4
7032,10
7033,9
7033,23
7034,8
7035,5
7035,9
7035,20
7036,9
7036,6
7037,1
7037,3
7037,21
7037,11
7037,26
7038,9
7038,17
7038,25
7039,6
7040,9
7040,6
7040,20
7040,15
7041,8
7042,1
7042,21
7042,23
7043,9
7043,6
7044,6
7044,8
7044,18
7045,5
7045,15
7045,8
7046,9
7047,9
7048,9
7048,7
7049,7
7049,8
7050,6
7050,20
7050,16
7051,8
7052,6
7052,20
7053,9
7053,20
7054,1
7054,9
7054,25
7054,20
7054,7
7055,3
7055,21
7055,6
7055,4
7055,10
7056,9
7057,9
7058,8
7059,9
7059,6
7060,9
7061,6
7062,9
7062,26
7063,5
7063,8
7064,5
7064,9
7065,9
7066,9
7066,6
7067,8
7067,22
7068,9
7069,21
7069,9
7069,17
7069,14
7069,6
7070,9
7070,25
7071,8
7072,1
7072,9
7072,25
7072,7
7072,4
7073,11
7073,6
7073,20
7074,9
7074,6
7074,15
7075,9
7075,23
7075,6
7076,3
7076,6
7076,4
7076,10
7077,3
7077,6
7077,4
7077,10
7078,9
7078,6
7078,20
7079,1
7079,9
7079,25
7079,26
7080,15
7080,8
7081,6
7081,20
7082,17
7082,25
7082,14
7083,1
7083,9
7083,17
7083,25
7083,7
7084,23
7084,6
7084,20
7085,9
7086,9
7087,9
7087,25
7088,3
7088,6
7088,10
7089,9
7089,25
7089,7
7090,3
7090,9
7090,13
7090,26
7090,10
7091,5
7091,9
7091,8
7092,1
7092,9
7092,25
7092,7
7093,9
7093,6
7094,9
7094,25
7094,7
7095,9
7096,21
7096,25
7096,14
7097,1
7097,5
7097,9
7097,23
7098,1
7098,25
7098,6
7098,7
7099,1
7099,25
7099,6
7099,7
7100,9
7100,13
7100,11
7101,9
7101,6
7101,20
7102,9
7102,6
7102,20
7103,9
7103,17
7103,20
7104,9
7104,25
7105,8
7106,21
7106,9
7106,11
7107,13
7107,26
7107,8
7108,1
7108,3
7108,21
7108,11
7109,8
7110,1
7110,9
7110,25
7110,7
7111,8
7112,8
7112,22
7113,9
7113,13
7114,5
7114,9
7114,13
7114,7
7115,9
7116,1
7116,25
7116,7
7117,5
7117,9
7117,13
7117,26
7118,9
7118,17
7118,25
7118,20
7119,1
7119,17
7119,25
7119,14
7119,7
7120,9
7121,5
7121,9
7121,23
7122,6
7123,1
7123,3
7123,6
7124,9
7124,6
7125,9
7125,6
7126,5
7126,9
7127,5
7127,9
7127,20
7128,9
7128,17
7128,14
7129,8
7130,9
7130,23
7130,6
7131,8
7132,1
7132,3
7132,9
7132,26
7133,5
7133,9
7134,8
7135,9
7135,6
7135,20
7136,1
7136,17
7136,25
7137,25
7138,9
7138,20
7139,25
7139,6
7140,9
7140,20
7140,7
7141,9
7141,6
7142,9
7143,9
7144,8
7145,8
7146,9
7146,20
7147,1
7147,3
7147,9
7147,25
7148,1
7148,3
7148,9
7148,25
7149,9
7149,26
7150,9
7151,6
7152,9
7152,25
7153,4
7153,22
7154,9
7154,6
7155,17
7155,8
7156,9
7156,15
7157,8
7158,6
7158,15
7159,9
7160,9
7160,20
7161,15
7161,8
7162,14
7162,6
7163,14
7164,9
7164,11
7164,16
7165,15
7165,8
7166,3
7166,11
7166,6
7166,4
7167,9
7168,9
7169,9
7169,25
7169,7
7170,9
7170,13
7170,10
7171,9
7172,6
7172,20
7173,21
7173,9
7173,25
7173,11
7173,6
7174,9
7174,20
7174,15
7175,21
7175,6
7176,9
7176,6
7177,9
7177,6
7177,20
7178,6
7178,7
7179,5
7180,5
7180,9
7180,13
7180,6
7180,15
7180,10
7181,9
7181,10
7182,6
7182,20
7182,7
7183,17
7183,25
7183,14
7183,7
7184,17
7184,25
7184,14
7184,7
7185,17
7185,25
7185,14
7186,25
7186,14
7186,7
7187,25
7187,14
7187,7
7188,25
7188,14
7188,7
7189,17
7189,25
7189,14
7190,6
7190,20
7191,9
7191,6
7192,9
7192,17
7193,8
7194,14
7195,9
7196,5
7196,9
7197,6
7198,6
7199,6
7200,6
7201,25
7201,14
7201,6
7202,17
7202,25
7202,14
7202,10
7203,8
7204,9
7204,25
7205,6
7205,20
7206,8
7207,6
7207,15
7207,10
7208,9
7208,6
7208,15
7209,8
7210,3
7210,17
7210,14
7210,6
7210,4
7210,10
7211,3
7211,17
7211,6
7211,10
7212,1
7212,3
7212,17
7212,11
7212,6
7212,10
7213,17
7213,11
7213,6
7213,20
7214,15
7214,8
7215,6
7215,7
7216,1
7216,3
7216,11
7216,6
7216,20
7217,5
7217,15
7217,8
7218,8
7219,8
7220,14
7220,6
7221,15
7221,8
7222,17
7222,25
7222,14
7222,6
7223,17
7223,25
7223,14
7224,15
7224,8
7225,8
7226,6
7226,7
7227,3
7227,21
7227,9
7227,17
7227,25
7227,14
7228,13
7228,7
7228,8
7229,9
7229,13
7229,23
7230,17
7230,14
7231,3
7231,6
7232,9
7232,17
7232,25
7233,8
7234,5
7234,15
7234,8
7235,8
7236,3
7236,9
7236,11
7237,8
7238,5
7238,9
7238,25
7239,9
7239,6
7239,20
7240,6
7241,9
7241,6
7241,10
7242,6
7243,17
7243,25
7244,8
7245,6
7246,1
7246,3
7246,11
7246,6
7246,10
7247,9
7247,11
7247,6
7247,20
7248,17
7248,25
7248,14
7249,9
7249,13
7249,23
7249,10
7250,9
7250,6
7250,20
7251,1
7251,9
7251,25
7251,7
7252,8
7253,6
7254,1
7254,17
7254,25
7254,14
7254,7
7255,6
7255,10
7256,1
7256,3
7256,21
7256,9
7256,25
7256,7
7257,25
7257,14
7257,6
7258,6
7259,21
7259,9
7259,6
7259,20
7260,1
7260,9
7260,25
7261,9
7261,20
7262,9
7263,5
7263,9
7264,1
7264,21
7264,9
7264,17
7264,25
7265,5
7265,9
7265,13
7266,5
7266,13
7266,8
7267,23
7267,6
7268,5
7268,23
7268,8
7269,9
7269,6
7269,20
7270,9
7270,25
7270,20
7271,9
7272,9
7272,13
7272,20
7272,27
7273,9
7273,25
7274,14
7275,9
7275,17
7275,6
7276,9
7276,25
7276,26
7276,27
7277,5
7277,9
7277,26
7278,9
7279,11
7279,6
7279,20
7280,1
7280,3
7280,21
7280,25
7281,21
7281,9
7281,17
7281,25
7282,5
7282,9
7282,13
7282,20
7283,25
7283,6
7284,6
7284,20
7284,7
7285,5
7285,9
7285,7
7286,9
7287,6
7287,20
7288,17
7288,25
7288,14
7289,5
7289,9
7290,6
7290,20
7291,9
7292,21
7292,9
7292,25
7293,9
7294,9
7294,6
7294,7
7295,1
7295,3
7295,11
7295,10
7296,25
7296,14
7296,6
7297,8
7298,9
7298,6
7298,20
7299,9
7299,20
7300,9
7300,6
7300,20
7301,9
7301,6
7301,20
7302,3
7302,6
7302,20
7303,9
7303,6
7303,20
7304,6
7304,20
7305,8
7306,9
7306,6
7307,8
7308,9
7308,8
7309,9
7310,9
7310,7
7311,5
7311,15
7311,8
7312,3
7312,13
7312,26
7312,4
7312,10
7313,1
7313,9
7313,26
7314,8
7315,9
7315,25
7316,9
7316,25
7317,1
7317,14
7317,26
7318,9
7318,13
7318,20
7319,9
7319,14
7320,9
7320,25
7320,7
7321,1
7321,25
7321,7
7322,1
7322,6
7322,7
7323,9
7323,13
7323,26
7324,8
7325,8
7326,8
7327,9
7327,6
7327,20
7328,6
7328,20
7329,9
7329,11
7329,6
7329,20
7330,9
7331,1
7331,3
7331,21
7331,11
7331,6
7332,9
7332,17
7332,25
7332,20
7333,9
7333,6
7333,20
7334,8
7335,1
7335,3
7335,6
7335,27
7336,1
7336,3
7336,6
7336,27
7337,1
7337,9
7338,1
7338,23
7338,6
7339,25
7340,25
7340,14
7341,6
7341,4
7341,10
7342,8
7343,8
7344,9
7344,13
7345,14
7345,6
7346,3
7346,6
7346,4
7346,10
7347,1
7347,3
7347,21
7347,11
7347,6
7348,9
7348,25
7348,6
7349,9
7349,6
7350,9
7350,23
7350,20
7351,9
7352,9
7352,8
7353,8
7354,3
7354,17
7354,11
7354,6
7354,20
7354,4
7354,10
7355,1
7355,3
7355,17
7355,25
7355,7
7356,1
7356,17
7357,6
7358,8
7359,9
7360,13
7360,8
7361,9
7361,6
7362,9
7363,9
7364,6
7364,20
7365,6
7365,20
7366,1
7366,3
7366,21
7366,9
7366,14
7367,15
7367,8
7368,6
7368,20
7369,8
7370,5
7370,9
7370,25
7371,9
7371,6
7371,20
7372,6
7373,13
7373,8
7374,5
7374,9
7374,13
7374,25
7375,8
7376,1
7376,3
7376,25
7376,6
7376,7
7377,1
7377,17
7377,25
7377,7
7378,5
7378,8
7379,9
7379,20
7380,9
7380,7
7381,9
7381,6
7382,8
7383,9
7384,9
7384,6
7384,20
7385,11
7385,6
7385,10
7386,5
7386,15
7386,8
7387,9
7387,25
7387,7
7388,9
7388,17
7388,25
7388,7
7389,9
7389,25
7390,1
7390,9
7390,7
7391,1
7391,3
7391,6
7391,7
7391,10
7392,6
7393,8
7394,9
7394,6
7395,1
7395,6
7395,7
7396,3
7396,11
7396,6
7396,4
7396,10
7397,3
7397,11
7397,6
7397,4
7397,10
7398,3
7398,11
7398,6
7398,4
7398,10
7399,3
7399,11
7399,6
7399,4
7399,10
7400,9
7401,9
7401,25
7402,15
7402,8
7403,9
7403,13
7403,6
7403,8
7404,5
7404,15
7404,8
7405,17
7405,25
7405,14
7406,9
7406,17
7406,25
7407,25
7407,20
7407,7
7408,9
7408,11
7408,14
7409,9
7409,6
7410,1
7410,9
7410,17
7410,25
7410,7
7411,1
7411,9
7411,25
7411,7
7412,9
7412,17
7412,11
7412,20
7412,7
7413,9
7413,13
7413,8
7414,9
7415,9
7415,17
7416,8
7417,9
7417,25
7417,7
7418,6
7418,20
7419,9
7419,6
7419,20
7420,9
7420,6
7420,10
7421,9
7421,6
7421,20
7422,6
7423,21
7423,9
7423,17
7423,25
7423,14
7424,9
7425,3
7425,9
7425,13
7426,9
7426,17
7426,25
7426,11
7426,14
7427,17
7427,25
7427,14
7428,14
7429,9
7430,9
7430,14
7430,6
7431,9
7432,9
7433,9
7433,20
7434,9
7434,25
7434,7
7435,9
7435,25
7436,9
7436,17
7436,25
7436,6
7437,9
7437,6
7437,20
7438,9
7439,9
7439,17
7439,11
7439,20
7440,9
7441,5
7441,9
7441,13
7442,1
7442,25
7442,7
7443,1
7443,25
7443,7
7444,3
7444,9
7444,25
7444,7
7445,3
7445,11
7445,4
7445,10
7446,9
7447,9
7447,6
7447,15
7447,4
7447,10
7447,16
7448,3
7448,9
7448,11
7448,6
7448,15
7448,4
7448,10
7448,16
7449,9
7449,6
7449,20
7449,15
7449,16
7450,8
7451,17
7451,25
7451,14
7452,17
7452,25
7452,14
7452,7
7453,26
7453,8
7454,14
7455,9
7456,5
7457,8
7458,6
7459,8
7460,23
7460,8
7461,15
7461,8
7462,11
7462,6
7462,20
7462,4
7462,16
7463,9
7463,6
7464,9
7464,25
7465,5
7465,9
7465,6
7466,9
7467,9
7468,5
7468,8
7469,8
7470,6
7471,5
7471,9
7471,17
7472,5
7472,9
7472,7
7473,8
7474,1
7474,9
7474,25
7474,7
7475,9
7475,7
7476,1
7476,25
7476,11
7476,14
7477,1
7477,3
7477,25
7477,6
7477,7
7478,1
7478,21
7478,11
7478,4
7479,1
7479,3
7479,21
7479,17
7479,25
7480,3
7480,21
7480,6
7480,10
7481,8
7482,1
7482,3
7482,25
7482,7
7483,21
7483,25
7484,1
7484,9
7484,25
7484,7
7485,6
7486,6
7486,20
7487,9
7488,6
7489,8
7490,21
7491,8
7492,25
7492,14
7493,9
7494,9
7494,6
7494,20
7495,6
7496,1
7496,25
7496,7
7497,1
7497,25
7498,6
7499,6
7500,9
7501,1
7501,21
7501,9
7501,25
7502,17
7502,25
7502,14
7503,9
7503,17
7503,25
7504,11
7504,14
7504,6
7504,7
7505,21
7505,9
7505,17
7505,25
7505,11
7505,6
7506,21
7506,14
7506,6
7507,9
7507,17
7507,25
7508,1
7508,25
7508,27
7509,9
7509,20
7510,6
7511,9
7511,6
7511,20
7512,9
7513,9
7514,9
7515,9
7516,9
7517,6
7518,9
7518,25
7518,6
7519,9
7520,6
7520,7
7521,17
7521,25
7521,7
7522,25
7522,7
7523,9
7524,3
7524,11
7524,6
7524,4
7524,10
7524,16
7525,9
7525,6
7525,20
7526,13
7526,25
7526,7
7526,8
7527,8
7528,9
7528,6
7529,9
7529,25
7529,14
7530,3
7530,6
7531,6
7531,20
7532,9
7532,20
7533,1
7533,9
7533,25
7533,7
7534,3
7534,11
7534,6
7534,4
7534,10
7535,1
7535,3
7535,21
7535,25
7535,11
7536,1
7536,25
7537,25
7537,7
7538,1
7538,6
7539,9
7539,25
7540,1
7540,9
7540,25
7541,9
7541,20
7542,9
7542,20
7543,3
7543,6
7543,20
7543,10
7544,3
7544,23
7544,6
7544,10
7545,9
7545,13
7546,1
7546,3
7546,9
7546,11
7547,1
7547,5
7547,9
7547,25
7548,1
7548,21
7548,9
7548,25
7549,6
7549,4
7549,10
7550,1
7550,3
7550,9
7550,25
7550,6
7550,20
7550,7
7551,8
7552,8
7553,9
7553,17
7553,7
7553,15
7553,8
7554,13
7554,8
7555,9
7555,6
7555,20
7556,9
7557,9
7557,6
7558,9
7558,17
7558,25
7558,7
7559,21
7559,9
7559,17
7559,20
7560,9
7561,9
7562,9
7562,6
7563,9
7564,1
7564,3
7564,21
7564,11
7565,6
7565,20
7566,9
7566,20
7567,1
7567,3
7567,11
7568,9
7569,9
7569,6
7570,6
7570,20
7571,8
7572,9
7573,6
7574,6
7574,20
7575,6
7575,20
7576,9
7576,6
7577,9
7577,20
7578,9
7578,20
7579,9
7579,6
7579,20
7580,15
7580,8
7581,9
7582,9
7582,20
7583,8
7584,6
7584,20
7585,9
7585,17
7585,6
7586,9
7586,6
7587,8
7588,8
7589,9
7590,1
7590,9
7590,25
7590,7
7591,9
7592,9
7593,9
7593,6
7593,10
7594,9
7594,13
7594,25
7594,14
7594,26
7595,9
7595,6
7595,20
7596,3
7596,11
7596,6
7596,10
7597,5
7597,9
7598,11
7598,4
7598,10
7599,9
7599,15
7600,9
7600,20
7600,15
7601,9
7601,25
7601,6
7601,20
7602,9
7602,15
7603,9
7603,6
7604,9
7605,15
7605,8
7606,1
7606,3
7606,21
7606,11
7606,6
7606,7
7606,4
7606,10
7607,9
7607,7
7608,9
7609,5
7609,9
7609,13
7609,7
7609,26
7610,6
7611,6
7612,25
7612,14
7613,9
7613,20
7614,9
7614,25
7615,21
7615,11
7615,6
7616,9
7617,3
7617,21
7617,11
7617,6
7617,15
7617,4
7617,10
7618,5
7618,15
7618,8
7619,6
7620,9
7620,6
7620,15
7621,6
7621,15
7622,15
7622,8
7623,1
7623,9
7623,23
7624,9
7624,17
7624,25
7624,14
7625,8
7626,15
7626,8
7627,9
7627,15
7628,9
7628,25
7629,25
7629,6
7629,20
7629,7
7629,15
7630,13
7630,15
7630,8
7631,1
7631,21
7631,25
7632,1
7632,9
7632,17
7632,25
7632,14
7632,7
7633,8
7634,21
7634,25
7634,11
7634,14
7635,8
7636,21
7636,9
7636,25
7636,6
7637,9
7637,6
7637,15
7638,23
7638,8
7639,1
7639,9
7639,23
7639,25
7640,5
7640,9
7640,20
7641,8
7642,9
7642,20
7642,15
7643,9
7644,3
7644,21
7644,6
7644,4
7644,10
7645,3
7645,25
7646,8
7647,1
7647,3
7647,21
7647,23
7647,11
7647,6
7647,7
7647,26
7647,4
7647,10
7648,8
7649,21
7649,9
7649,6
7650,8
7651,9
7651,6
7651,20
7652,9
7652,23
7653,1
7653,5
7653,9
7653,8
7654,9
7654,15
7654,16
7655,1
7655,9
7655,17
7655,25
7655,7
7656,9
7656,11
7657,6
7658,9
7658,6
7659,1
7659,3
7659,25
7659,7
7660,6
7661,1
7661,23
7661,10
7662,3
7662,9
7662,23
7662,8
7663,5
7663,8
7664,8
7665,8
7666,9
7666,13
7667,1
7667,9
7667,17
7667,25
7667,6
7667,7
7668,8
7669,9
7669,17
7670,1
7670,3
7670,11
7671,1
7671,21
7671,25
7671,11
7672,1
7672,25
7673,1
7673,3
7673,21
7673,6
7674,1
7674,3
7674,21
7674,11
7674,10
7675,1
7675,3
7675,21
7675,6
7675,4
7675,10
7676,1
7676,3
7676,21
7677,1
7677,3
7677,21
7677,6
7677,4
7677,10
7678,9
7679,9
7679,17
7679,25
7680,8
7681,6
7682,14
7683,17
7683,25
7683,14
7683,7
7684,3
7684,20
7684,27
7684,4
7684,10
7685,3
7685,27
7685,4
7685,10
7686,3
7686,11
7686,4
7686,10
7687,21
7687,25
7687,14
7688,9
7688,25
7688,14
7689,6
7690,23
7690,8
7691,25
7691,14
7692,9
7693,21
7693,11
7693,6
7694,9
7694,17
7694,25
7694,6
7694,7
7695,5
7695,9
7695,13
7695,25
7696,9
7696,6
7696,20
7697,25
7697,6
7698,21
7698,14
7698,20
7699,9
7699,6
7699,20
7700,9
7700,25
7700,6
7700,7
7701,9
7702,9
7703,9
7704,9
7704,20
7705,9
7705,6
7705,7
7706,21
7706,14
7707,1
7707,6
7707,7
7708,1
7708,25
7708,7
7709,1
7709,3
7709,21
7709,6
7709,10
7710,1
7710,3
7710,21
7710,6
7710,10
7711,1
7711,3
7711,21
7711,6
7711,10
7712,1
7712,3
7712,21
7712,6
7712,10
7713,1
7713,6
7713,10
7714,8
7715,6
7716,9
7716,6
7717,9
7718,14
7718,16
7719,9
7719,6
7719,15
7720,8
7721,14
7722,1
7722,26
7723,8
7724,5
7724,9
7724,6
7725,9
7726,6
7726,7
7727,7
7727,26
7727,8
7728,1
7728,5
7728,9
7728,7
7729,8
7730,15
7730,8
7731,9
7731,6
7731,20
7732,9
7733,9
7733,6
7734,1
7734,3
7734,21
7735,1
7735,3
7735,21
7735,25
7736,1
7736,3
7736,21
7736,25
7737,1
7737,21
7737,25
7738,1
7738,3
7738,21
7738,11
7739,1
7739,21
7739,11
7740,1
7740,3
7740,21
7740,11
7741,1
7741,3
7741,21
7741,11
7742,1
7742,3
7742,21
7742,11
7743,1
7743,3
7743,21
7743,25
7743,4
7744,6
7745,9
7745,6
7746,3
7746,11
7746,20
7746,10
7747,5
7747,9
7747,15
7748,9
7748,6
7748,20
7749,8
7750,9
7751,9
7752,6
7753,1
7753,6
7753,7
7754,9
7754,6
7754,20
7755,9
7755,20
7756,8
7757,8
7758,9
7758,6
7759,13
7759,8
7760,9
7761,8
7762,9
7762,17
7762,25
7763,1
7763,9
7763,7
7764,1
7764,9
7764,7
7764,16
7765,6
7766,9
7767,9
7767,20
7768,9
7769,9
7769,17
7769,25
7770,9
7771,25
7771,14
7772,9
7772,6
7773,20
7773,8
7774,9
7775,5
7775,9
7775,20
7776,9
7776,6
7776,7
7777,8
7778,1
7778,3
7778,21
7778,25
7779,1
7779,3
7779,21
7779,25
7779,4
7779,10
7780,9
7781,23
7781,8
7782,9
7783,6
7784,8
7785,6
7786,23
7786,8
7787,9
7787,20
7787,7
7787,15
7788,9
7788,20
7788,15
7789,9
7789,20
7789,15
7790,9
7790,20
7790,15
7791,9
7791,20
7791,15
7792,10
7792,8
7793,9
7794,25
7795,9
7795,6
7795,20
7796,5
7796,9
7797,8
7798,8
7799,8
7800,9
7800,23
7800,6
7801,9
7802,9
7802,20
7803,9
7803,6
7804,9
7805,9
7806,9
7806,25
7806,7
7807,9
7807,6
7808,5
7808,9
7808,13
7808,6
7808,7
7809,23
7809,8
7810,9
7810,17
7810,25
7810,14
7811,9
7811,17
7811,25
7811,7
7812,8
7813,8
7814,3
7814,7
7814,8
7814,18
7815,9
7816,9
7816,20
7816,16
7817,9
7817,25
7818,9
7818,8
7819,5
7819,9
7819,15
7820,25
7821,9
7821,13
7821,20
7822,13
7822,8
7823,9
7823,26
7824,8
7825,3
7825,11
7825,6
7825,4
7825,10
7826,3
7826,9
7826,10
7827,3
7827,8
7828,9
7828,6
7829,21
7829,9
7829,25
7830,6
7831,5
7831,9
7831,15
7832,6
7832,20
7833,21
7833,14
7834,8
7835,25
7836,8
7837,9
7837,6
7838,8
7839,11
7839,4
7839,10
7839,16
7840,15
7840,8
7841,3
7841,9
7842,6
7843,9
7843,25
7844,9
7844,11
7844,6
7844,20
7845,9
7845,25
7846,6
7847,1
7847,25
7848,25
7849,8
7850,26
7850,8
7851,9
7852,9
7852,25
7852,7
7853,9
7853,20
7853,26
7854,8
7855,1
7855,3
7855,21
7855,25
7856,13
7856,10
7856,8
7857,1
7857,9
7857,25
7857,7
7858,9
7859,15
7859,8
7860,9
7860,6
7861,8
7862,5
7862,9
7863,8
7864,9
7864,6
7865,3
7865,11
7865,6
7865,4
7865,10
7866,1
7866,25
7866,6
7866,7
7867,25
7867,14
7867,6
7867,7
7868,9
7868,6
7869,6
7870,8
7871,14
7871,6
7871,20
7872,9
7872,6
7873,9
7874,9
7874,6
7874,20
7875,9
7875,6
7876,9
7876,25
7876,20
7877,9
7878,9
7879,9
7879,17
7879,25
7879,6
7879,7
7880,1
7880,25
7880,11
7881,9
7881,6
7882,5
7882,9
7882,13
7883,9
7883,23
7884,6
7884,7
7885,1
7885,3
7885,21
7885,25
7885,11
7886,1
7886,27
7887,5
7887,9
7888,9
7888,10
7889,9
7889,23
7889,6
7889,20
7890,9
7890,10
7891,9
7891,6
7892,9
7892,17
7892,25
7892,14
7893,9
7894,8
7895,9
7895,20
7896,9
7896,23
7896,6
7896,20
7897,3
7897,21
7897,6
7897,4
7898,9
7898,20
7898,26
7899,9
7899,20
7900,9
7900,6
7900,15
7901,9
7902,9
7902,17
7902,25
7902,14
7903,9
7903,17
7903,25
7903,20
7903,7
7904,9
7905,9
7906,9
7906,17
7906,25
7907,9
7908,8
7909,9
7909,6
7910,3
7910,21
7910,25
7911,9
7911,13
7911,20
7911,26
7912,9
7912,6
7913,9
7914,5
7914,23
7914,8
7915,9
7915,25
7915,6
7915,20
7916,1
7916,9
7916,6
7917,21
7918,9
7918,25
7919,9
7919,6
7919,8
7920,8
7921,17
7921,6
7921,7
7922,17
7922,6
7922,7
7923,6
7923,10
7924,6
7925,25
7926,1
7926,9
7926,23
7926,20
7927,1
7927,25
7927,7
7928,1
7928,21
7928,25
7928,6
7929,1
7929,21
7929,6
7929,20
7930,1
7930,3
7930,21
7931,5
7931,8
7932,21
7932,25
7933,9
7933,20
7934,5
7934,8
7935,6
7936,6
7937,23
7937,6
7937,4
7937,10
7938,23
7938,8
7939,25
7940,1
7940,21
7940,25
7941,9
7941,17
7941,25
7941,7
7942,14
7943,6
7943,20
7944,6
7945,8
7946,1
7946,25
7946,7
7947,13
7947,8
7947,18
7948,21
7948,25
7948,14
7948,7
7949,25
7950,17
7950,25
7950,11
7950,14
7951,9
7951,20
7952,8
7953,9
7953,25
7953,14
7954,3
7954,9
7954,26
7954,10
7955,9
7956,21
7956,9
7957,1
7957,25
7957,7
7958,9
7959,9
7959,15
7959,18
7960,9
7960,25
7960,14
7960,16
7961,9
7962,3
7962,9
7962,13
7962,25
7962,7
7962,27
7963,1
7963,9
7963,25
7964,6
7964,20
7965,9
7965,20
7966,9
7966,6
7966,20
7967,9
7967,7
7968,9
7969,9
7969,25
7970,3
7970,27
7970,8
7971,25
7971,27
7972,6
7972,20
7973,9
7973,25
7973,7
7974,9
7974,6
7974,15
7975,9
7975,25
7976,9
7977,8
7978,9
7978,17
7978,25
7978,7
7979,5
7979,9
7979,23
7980,9
7980,23
7980,6
7980,20
7981,11
7981,6
7981,20
7982,9
7982,6
7983,1
7983,9
7983,17
7983,25
7983,20
7983,7
7984,3
7984,9
7984,11
7984,6
7984,20
7984,16
7985,9
7985,6
7986,1
7986,25
7986,7
7987,9
7988,9
7989,6
7989,20
7990,5
7990,9
7990,20
7991,9
7991,20
7991,15
7992,9
7992,11
7992,6
7993,9
7993,6
7994,9
7994,25
7994,7
7995,21
7995,9
7995,14
7996,21
7996,17
7996,25
7997,9
7998,9
7998,6
7999,9
7999,6
8000,9
8000,25
8001,9
8001,6
8002,5
8002,8
8003,9
8003,6
8004,8
8005,9
8005,13
8006,9
8006,20
8007,9
8007,6
8007,20
8008,1
8008,9
8008,26
8009,6
8010,1
8010,9
8011,9
8011,25
8011,7
8012,9
8012,6
8012,20
8013,23
8013,8
8014,6
8014,7
8015,9
8015,6
8016,9
8017,15
8017,8
8018,9
8019,9
8019,20
8020,9
8021,9
8021,15
8022,9
8022,6
8023,1
8023,9
8023,25
8023,7
8024,1
8024,9
8024,25
8024,7
8025,1
8025,25
8025,7
8026,1
8026,25
8026,7
8027,17
8027,25
8028,9
8028,26
8028,15
8029,9
8029,6
8029,15
8030,13
8030,11
8030,14
8030,20
8031,3
8031,11
8031,4
8032,13
8032,6
8033,9
8033,6
8034,7
8034,8
8035,11
8035,4
8036,8
8037,9
8038,5
8038,9
8038,13
8038,26
8038,15
8039,1
8039,23
8039,6
8040,9
8040,6
8040,20
8041,21
8041,9
8041,11
8041,4
8042,25
8042,11
8042,14
8043,6
8044,6
8045,9
8046,9
8046,6
8047,9
8047,13
8047,26
8048,6
8048,4
8048,10
8048,16
8049,1
8049,25
8049,14
8050,9
8050,20
8051,9
8052,9
8053,9
8053,25
8054,8
8055,6
8056,9
8056,25
8056,7
8057,1
8057,25
8057,6
8057,7
8058,7
8058,26
8058,8
8059,9
8059,14
8059,6
8060,8
8061,9
8061,13
8062,8
8063,11
8063,6
8063,4
8063,10
8063,16
8064,1
8064,3
8064,6
8065,1
8065,6
8065,20
8066,1
8066,9
8066,25
8066,26
8067,11
8067,6
8068,6
8069,5
8069,9
8069,25
8069,7
8070,9
8071,6
8072,9
8072,15
8073,1
8073,21
8073,6
8073,4
8073,10
8073,16
8074,13
8074,8
8075,1
8075,3
8075,21
8075,11
8075,6
8075,4
8076,1
8076,3
8076,21
8076,11
8076,6
8077,25
8077,14
8077,6
8078,9
8078,4
8079,1
8079,3
8079,7
8079,4
8080,21
8080,9
8080,20
8081,9
8081,6
8081,20
8082,9
8082,20
8083,17
8083,25
8083,14
8083,7
8084,9
8084,17
8084,8
8085,9
8085,17
8085,25
8085,7
8086,5
8086,8
8087,9
8088,8
8089,9
8090,3
8090,9
8090,6
8091,9
8091,6
8091,15
8092,8
8093,3
8093,6
8093,15
8094,1
8094,21
8094,9
8094,25
8095,9
8096,9
8096,25
8096,7
8097,1
8097,21
8097,25
8098,1
8098,3
8098,21
8099,1
8099,3
8099,21
8099,25
8100,1
8100,3
8100,21
8100,25
8101,8
8101,18
8102,9
8103,6
8104,9
8105,8
8106,5
8106,13
8106,8
8107,5
8107,9
8108,9
8109,9
8110,9
8110,25
8111,5
8111,9
8111,13
8111,26
8112,9
8112,6
8113,9
8113,17
8114,14
8115,9
8115,25
8115,7
8116,3
8116,9
8116,27
8117,9
8117,6
8118,5
8118,9
8118,26
8119,9
8119,6
8120,6
8120,20
8121,1
8121,7
8122,9
8123,8
8124,8
8125,8
8126,6
8127,6
8128,6
8129,3
8129,6
8130,8
8131,9
8131,25
8132,9
8132,13
8132,25
8132,26
8133,5
8133,9
8133,13
8133,25
8134,9
8134,13
8135,5
8135,9
8135,13
8136,6
8136,20
8137,1
8137,3
8137,21
8137,25
8138,1
8138,21
8138,25
8139,17
8139,25
8140,1
8140,3
8140,25
8141,17
8141,25
8141,14
8142,17
8142,25
8142,14
8143,14
8144,1
8144,9
8144,25
8144,7
8145,13
8145,7
8145,8
8146,3
8146,21
8146,11
8146,14
8146,6
8146,20
8146,4
8146,10
8147,11
8147,14
8147,6
8147,4
8147,10
8148,1
8148,9
8148,25
8148,20
8148,7
8149,21
8149,25
8149,20
8150,3
8150,11
8150,10
8151,9
8151,6
8151,20
8152,1
8152,21
8152,6
8153,3
8153,11
8153,6
8153,4
8153,10
8154,1
8154,3
8154,11
8154,10
8155,3
8155,17
8155,4
8155,10
8156,1
8156,3
8156,5
8156,9
8156,25
8156,20
8157,9
8158,9
8158,13
8159,9
8159,20
8159,26
8160,9
8160,20
8161,1
8161,9
8161,25
8162,8
8163,8
8164,8
8165,9
8165,25
8165,20
8165,7
8166,9
8166,13
8166,26
8166,27
8167,9
8167,6
8168,8
8169,9
8170,8
8171,1
8171,3
8171,25
8171,11
8172,1
8172,3
8172,11
8173,5
8173,9
8174,8
8175,9
8175,25
8175,7
8176,21
8176,6
8176,16
8177,8
8178,9
8178,17
8178,25
8178,14
8179,9
8179,25
8179,14
8180,9
8180,6
8180,20
8181,9
8181,6
8182,9
8182,6
8183,1
8183,6
8183,4
8183,10
8184,1
8184,3
8184,6
8184,4
8184,10
8185,6
8186,9
8186,6
8187,1
8187,21
8187,25
8188,6
8188,20
8189,3
8189,11
8189,6
8189,4
8189,10
8190,6
8191,25
8191,14
8192,9
8193,5
8193,8
8194,9
8195,9
8196,6
8196,8
8197,8
8197,18
8198,8
8199,9
8199,13
8199,26
8200,20
8201,9
8201,23
8201,6
8201,20
8202,1
8202,9
8202,23
8202,17
8202,25
8202,6
8202,7
8203,8
8204,6
8204,7
8205,1
8205,25
8206,20
8207,9
8208,9
8209,9
8209,26
8210,9
8211,1
8211,9
8212,5
8212,9
8212,13
8212,7
8212,27
8213,5
8213,9
8213,13
8213,25
8213,7
8214,1
8214,25
8215,1
8215,25
8215,7
8216,9
8217,3
8217,9
8218,9
8219,9
8220,9
8221,9
8221,25
8221,7
8222,9
8222,13
8222,26
8223,8
8224,14
8225,1
8225,3
8225,21
8225,25
8226,5
8226,9
8227,25
8227,14
8228,8
8229,1
8229,5
8229,9
8229,13
8229,7
8230,9
8230,25
8230,14
8231,3
8231,6
8232,9
8233,6
8233,20
8234,8
8235,21
8235,20
8236,8
8237,9
8237,7
8238,9
8238,25
8238,7
8239,15
8239,8
8240,9
8240,17
8240,6
8240,20
8240,27
8240,16
8241,5
8241,20
8241,15
8241,8
8242,9
8243,27
8244,5
8244,15
8244,8
8245,9
8245,6
8245,15
8246,9
8247,9
8247,6
8248,9
8248,25
8248,14
8249,9
8250,9
8250,25
8251,5
8251,9
8252,25
8252,14
8253,9
8253,17
8253,6
8253,20
8253,7
8254,25
8255,9
8256,8
8257,9
8257,6
8257,20
8258,9
8258,6
8258,20
8259,21
8259,25
8259,14
8260,1
8260,6
8260,7
8261,3
8261,9
8261,25
8262,6
8263,14
8264,5
8264,8
8265,1
8265,9
8265,25
8265,20
8265,7
8265,15
8266,15
8266,8
8267,9
8268,9
8269,8
8270,9
8270,6
8271,15
8271,8
8272,9
8273,9
8274,1
8274,25
8274,14
8275,23
8275,6
8275,10
8276,9
8277,1
8277,9
8277,25
8278,6
8279,9
8279,6
8280,9
8280,6
8281,5
8281,9
8281,13
8282,9
8282,20
8283,9
8283,20
8284,9
8284,17
8284,20
8284,7
8285,25
8285,14
8286,8
8287,5
8287,9
8287,13
8288,3
8288,11
8288,10
8289,17
8289,25
8290,25
8290,6
8290,7
8291,8
8292,9
8292,6
8293,9
8294,1
8294,9
8294,26
8295,9
8295,25
8295,20
8295,7
8296,5
8296,9
8296,6
8297,9
8297,6
8297,20
8298,6
8299,9
8300,8
8301,6
8302,6
8303,8
8304,6
8305,5
8305,9
8305,13
8306,9
8307,9
8307,13
8307,17
8307,25
8307,20
8307,7
8308,8
8309,8
8310,9
8310,10
8311,25
8311,11
8311,14
8312,25
8312,14
8313,3
8313,25
8313,11
8313,14
8313,6
8313,20
8314,8
8315,5
8315,9
8315,23
8316,1
8316,9
8316,6
8316,7
8316,15
8317,9
8317,6
8317,7
8318,8
8319,26
8319,8
8320,9
8320,6
8321,9
8321,16
8322,25
8322,7
8323,9
8323,25
8323,20
8324,9
8325,1
8325,3
8325,9
8325,25
8325,27
8326,9
8326,25
8326,7
8327,3
8327,11
8327,6
8327,20
8327,4
8327,10
8328,9
8328,26
8329,8
8330,9
8331,1
8331,9
8331,25
8331,7
8332,6
8333,11
8333,6
8333,4
8333,10
8334,3
8334,11
8334,6
8334,4
8334,10
8335,6
8336,1
8336,6
8336,20
8336,7
8337,1
8337,3
8337,17
8337,25
8338,1
8338,3
8338,17
8338,25
8339,1
8339,3
8339,17
8339,25
8340,1
8340,3
8340,17
8340,25
8341,21
8341,9
8341,17
8341,25
8342,3
8342,11
8342,6
8342,4
8342,10
8343,17
8343,25
8343,14
8344,9
8344,25
8344,14
8345,1
8345,3
8345,11
8345,4
8346,9
8346,6
8346,20
8347,5
8347,15
8347,8
8348,9
8348,25
8348,26
8349,25
8350,9
8351,9
8352,6
8352,20
8352,15
8353,9
8354,8
8355,8
8356,11
8356,6
8357,25
8357,11
8357,6
8358,9
8358,25
8358,7
8359,9
8359,20
8360,9
8360,4
8360,10
8361,9
8361,6
8361,20
8362,6
8363,9
8363,25
8363,20
8364,8
8365,9
8365,20
8366,8
8367,9
8367,20
8367,15
8368,9
8368,23
8368,6
8368,20
8369,6
8369,20
8370,5
8370,9
8370,13
8370,26
8371,9
8371,6
8372,6
8372,15
8373,9
8373,6
8374,3
8374,9
8374,6
8374,20
8375,3
8375,25
8375,11
8375,6
8376,1
8376,6
8377,6
8378,9
8379,9
8379,20
8380,3
8380,9
8380,6
8381,8
8382,9
8382,20
8382,7
8383,1
8383,9
8383,25
8384,8
8385,9
8385,15
8386,9
8386,25
8387,9
8387,7
8388,9
8388,6
8389,21
8389,17
8389,25
8390,25
8390,14
8391,21
8391,25
8391,14
8392,1
8392,9
8392,8
8393,9
8393,20
8394,9
8395,25
8396,3
8396,9
8396,4
8396,10
8397,25
8398,8
8399,6
8400,9
8400,25
8401,5
8401,8
8402,9
8402,13
8402,26
8403,25
8404,9
8404,25
8405,8
8406,5
8406,8
8406,18
8407,3
8407,6
8407,10
8408,3
8408,11
8408,6
8408,20
8408,4
8408,10
8409,5
8409,9
8409,26
8410,6
8411,9
8411,17
8412,8
8413,1
8413,3
8413,14
8414,26
8414,8
8415,9
8416,9
8416,17
8416,25
8416,7
8416,15
8417,3
8418,21
8418,25
8418,11
8418,14
8419,9
8419,20
8420,8
8421,8
8422,9
8423,6
8424,25
8425,6
8425,10
8426,9
8427,25
8428,6
8429,9
8430,9
8430,17
8430,14
8431,9
8432,9
8432,26
8433,5
8433,9
8433,20
8434,8
8435,9
8435,20
8436,9
8436,15
8437,9
8438,3
8438,11
8438,6
8438,4
8438,10
8439,3
8439,11
8439,6
8439,10
8440,1
8440,3
8440,11
8440,10
8441,3
8441,11
8441,10
8442,3
8442,11
8442,10
8443,1
8443,3
8443,21
8443,25
8444,9
8444,6
8445,9
8446,5
8446,9
8446,20
8446,8
8447,21
8447,9
8447,25
8448,9
8449,9
8449,20
8449,27
8450,5
8450,9
8450,25
8450,7
8451,6
8452,9
8453,9
8453,13
8454,8
8455,9
8455,25
8456,9
8456,6
8457,6
8458,6
8459,9
8459,17
8459,25
8459,14
8460,1
8460,3
8460,21
8460,17
8460,25
8460,14
8461,9
8462,9
8462,11
8462,6
8463,8
8464,1
8464,9
8464,25
8464,7
8465,1
8465,25
8466,1
8466,25
8466,14
8467,25
8467,14
8467,7
8468,1
8468,21
8468,25
8469,9
8469,10
8470,5
8470,9
8470,20
8471,6
8471,20
8471,10
8472,9
8472,25
8472,6
8472,7
8473,23
8473,6
8474,6
8475,9
8476,1
8476,9
8476,13
8476,25
8477,9
8477,10
8478,1
8478,9
8478,17
8478,25
8478,7
8479,9
8479,20
8479,15
8480,9
8481,9
8481,25
8482,8
8483,9
8483,6
8483,15
8484,1
8484,25
8484,7
8485,17
8486,6
8487,21
8487,9
8487,4
8488,5
8488,25
8488,14
8489,17
8489,25
8489,14
8490,17
8490,25
8490,14
8491,1
8491,25
8491,7
8492,5
8493,9
8494,9
8494,25
8494,20
8495,9
8495,25
8496,6
8497,8
8498,9
8498,20
8499,1
8499,3
8499,21
8499,25
8500,13
8500,8
8501,9
8501,7
8501,15
8502,9
8502,25
8502,7
8503,1
8503,3
8503,9
8503,13
8503,25
8503,20
8503,7
8504,9
8504,7
8504,26
8505,6
8505,15
8505,10
8505,16
8506,9
8506,6
8507,9
8507,25
8508,9
8508,8
8509,1
8509,25
8509,14
8510,9
8510,11
8510,14
8511,25
8511,7
8512,5
8512,23
8512,10
8512,8
8513,21
8513,17
8513,25
8514,8
8515,6
8515,7
8516,9
8516,20
8517,17
8517,25
8517,7
8518,1
8518,3
8518,6
8519,3
8519,6
8519,4
8519,10
8520,3
8520,11
8520,6
8520,4
8520,10
8521,9
8522,9
8522,6
8522,26
8523,8
8524,23
8524,6
8525,21
8525,9
8525,14
8526,9
8526,17
8526,11
8526,20
8527,5
8527,9
8527,13
8528,9
8528,17
8528,25
8528,14
8529,17
8529,25
8529,14
8530,17
8530,6
8530,7
8531,9
8531,13
8532,6
8533,17
8533,25
8534,5
8534,9
8534,23
8535,5
8535,9
8535,11
8536,5
8536,9
8536,13
8536,15
8537,9
8537,25
8537,7
8538,9
8538,6
8539,5
8539,9
8539,20
8540,3
8540,9
8540,6
8541,17
8541,25
8541,14
8542,14
8543,9
8544,1
8544,9
8544,25
8544,7
8545,1
8545,3
8545,9
8545,25
8545,7
8546,1
8546,3
8546,21
8546,11
8546,14
8546,27
8547,1
8547,21
8547,25
8547,14
8548,21
8548,25
8549,25
8549,14
8550,9
8551,21
8551,9
8551,25
8552,9
8552,20
8553,1
8553,3
8553,21
8553,25
8554,9
8555,9
8555,6
8556,6
8556,7
8557,9
8557,6
8558,21
8558,9
8558,25
8559,17
8559,25
8559,14
8560,11
8560,14
8560,6
8561,9
8561,17
8561,25
8562,1
8563,9
8563,25
8563,7
8564,9
8565,8
8566,21
8566,9
8566,6
8566,7
8567,5
8567,9
8567,13
8568,9
8569,5
8569,9
8569,13
8569,6
8570,9
8570,25
8571,9
8571,6
8572,8
8573,8
8574,8
8575,9
8575,6
8576,9
8576,20
8577,9
8577,17
8577,25
8577,7
8578,17
8578,25
8578,7
8579,8
8580,9
8580,6
8581,1
8581,3
8581,9
8581,25
8581,14
8582,3
8582,9
8582,20
8582,27
8582,4
8582,10
8583,3
8583,5
8583,9
8583,13
8583,26
8583,8
8584,9
8585,6
8586,9
8586,25
8586,14
8586,7
8587,5
8587,15
8587,8
8588,14
8588,8
8589,8
8590,9
8590,25
8591,25
8591,14
8592,9
8592,20
8593,9
8593,17
8593,25
8593,11
8593,14
8594,14
8595,1
8595,5
8595,9
8596,8
8597,25
8597,14
8597,7
8598,5
8598,9
8598,16
8599,9
8599,20
8600,6
8601,5
8601,9
8601,13
8602,9
8602,6
8603,9
8603,17
8603,25
8604,5
8604,9
8604,6
8604,15
8605,9
8605,7
8606,9
8606,25
8606,7
8607,9
8608,9
8608,20
8609,9
8610,9
8610,17
8611,8
8612,9
8612,25
8612,14
8613,5
8613,9
8613,13
8613,6
8614,9
8614,15
8615,6
8616,21
8616,9
8616,17
8616,25
8616,20
8617,9
8617,6
8618,25
8618,7
8618,8
8619,1
8619,3
8619,21
8619,17
8619,25
8619,20
8620,1
8620,3
8620,21
8620,25
8620,20
8621,21
8621,25
8622,9
8622,6
8623,5
8623,9
8624,25
8624,14
8625,6
8626,1
8626,3
8626,17
8626,6
8627,8
8628,9
8628,17
8628,6
8629,9
8629,17
8629,25
8629,7
8630,9
8630,25
8630,6
8631,9
8631,17
8631,25
8632,9
8632,13
8632,20
8633,9
8634,9
8634,7
8635,9
8635,25
8636,9
8636,17
8636,25
8636,7
8637,9
8638,5
8638,9
8638,13
8638,20
8639,9
8639,20
8639,15
8640,9
8640,27
8641,1
8641,9
8641,25
8642,6
8643,5
8643,9
8643,6
8644,9
8645,9
8645,6
8645,7
8645,15
8646,1
8646,3
8646,6
8647,9
8647,20
8648,9
8649,3
8649,23
8649,10
8649,8
8650,1
8650,9
8650,17
8650,25
8651,9
8651,14
8651,20
8652,13
8652,8
8653,9
8654,5
8654,9
8654,20
8654,26
8655,9
8655,6
8656,9
8657,9
8657,20
8657,7
8658,1
8658,9
8658,26
8659,5
8659,9
8659,13
8660,8
8661,10
8661,8
8662,9
8662,20
8663,3
8663,21
8663,6
8663,4
8663,10
8664,9
8665,9
8665,6
8665,20
8666,8
8667,3
8667,11
8667,6
8667,4
8667,10
8668,9
8668,20
8669,9
8670,8
8671,9
8672,21
8672,25
8672,11
8672,14
8673,13
8673,8
8674,9
8674,6
8675,1
8675,25
8675,7
8676,1
8676,25
8676,7
8677,1
8677,14
8678,9
8679,9
8679,25
8679,7
8680,9
8681,9
8682,6
8682,20
8683,9
8683,20
8683,26
8684,8
8685,9
8685,25
8685,14
8685,7
8686,1
8686,3
8686,25
8687,1
8687,3
8687,25
8688,1
8688,3
8688,25
8689,9
8689,25
8690,9
8691,5
8691,9
8691,23
8692,9
8692,11
8693,6
8694,9
8694,6
8695,9
8695,25
8695,14
8696,9
8696,25
8696,14
8697,9
8698,9
8698,14
8699,8
8700,5
8700,8
8701,5
8701,9
8701,13
8702,9
8703,9
8703,6
8703,20
8704,9
8704,6
8705,3
8705,9
8705,11
8706,8
8707,6
8707,7
8708,1
8708,9
8708,26
8709,9
8709,17
8709,25
8710,9
8710,17
8711,1
8711,9
8711,25
8711,6
8711,7
8712,9
8712,17
8712,6
8713,9
8713,11
8713,6
8713,20
8714,9
8714,6
8714,20
8715,9
8716,9
8716,6
8717,25
8717,7
8718,20
8718,16
8719,9
8720,9
8720,6
8721,9
8721,6
8722,13
8722,8
8723,1
8723,25
8723,7
8724,1
8724,9
8724,25
8724,7
8725,1
8725,3
8725,25
8725,7
8726,9
8727,9
8727,20
8728,9
8729,5
8729,9
8729,13
8729,6
8730,15
8730,8
8731,14
8732,6
8733,9
8733,13
8733,23
8734,9
8734,17
8734,25
8735,5
8735,9
8735,25
8735,8
8736,8
8737,9
8737,23
8738,9
8738,6
8738,20
8738,15
8739,5
8739,15
8739,8
8740,21
8740,25
8741,25
8741,14
8742,14
8742,6
8743,1
8743,9
8744,9
8744,6
8744,8
8745,9
8745,23
8746,8
8747,1
8747,3
8747,5
8747,9
8747,13
8747,25
8748,9
8748,6
8749,5
8749,9
8750,8
8751,1
8751,21
8751,25
8751,14
8751,7
8752,23
8752,8
8753,9
8753,6
8753,20
8754,9
8754,8
8755,9
8756,9
8757,8
8758,9
8758,6
8758,15
8759,6
8759,20
8760,8
8761,6
8761,10
8762,9
8763,9
8763,25
8764,9
8764,13
8765,9
8765,6
8765,20
8766,6
8766,8
8767,9
8767,23
8768,1
8768,3
8769,1
8769,17
8769,25
8769,14
8770,26
8770,8
8771,9
8772,6
8773,1
8773,3
8773,11
8773,6
8773,20
8774,9
8774,17
8774,6
8774,20
8775,8
8776,1
8776,9
8776,17
8776,25
8776,7
8777,17
8777,25
8777,14
8778,1
8778,21
8778,25
8778,14
8779,9
8779,25
8779,7
8780,25
8781,9
8782,21
8782,17
8782,25
8782,14
8783,25
8783,14
8784,6
8785,5
8785,9
8785,13
8786,21
8786,9
8786,20
8787,3
8787,9
8787,26
8788,9
8789,21
8789,17
8789,25
8790,6
8791,9
8792,9
8792,6
8792,20
8793,6
8794,9
8795,9
8795,26
8796,5
8796,9
8796,13
8796,25
8797,5
8797,13
8797,25
8797,7
8798,9
8798,6
8799,9
8800,8
8801,5
8801,13
8801,17
8801,7
8801,8
8802,25
8802,14
8803,9
8803,25
8803,7
8804,9
8804,13
8804,23
8805,23
8805,6
8805,10
8806,1
8806,9
8806,7
8807,9
8808,9
8809,8
8810,1
8810,6
8810,7
8811,9
8811,13
8811,25
8812,8
8813,8
8814,9
8814,6
8814,20
8815,17
8815,25
8815,14
8816,17
8816,25
8816,14
8817,9
8817,17
8817,20
8818,9
8819,9
8819,20
8820,9
8820,25
8821,9
8821,6
8822,1
8822,21
8822,6
8823,1
8823,25
8823,20
8824,9
8825,25
8825,14
8825,7
8826,1
8826,9
8826,25
8826,7
8827,25
8827,7
8828,5
8828,9
8828,13
8828,20
8829,8
8829,2
8830,9
8830,6
8830,20
8831,9
8832,9
8832,17
8832,25
8833,9
8833,25
8833,7
8834,1
8834,17
8834,25
8834,7
8835,9
8835,25
8835,14
8836,17
8836,25
8836,7
8837,9
8837,25
8838,4
8839,9
8840,21
8840,9
8840,11
8841,5
8841,9
8842,25
8843,8
8844,5
8844,9
8844,13
8845,9
8845,6
8846,8
8847,1
8847,9
8847,25
8847,7
8848,5
8848,13
8848,26
8848,8
8849,9
8849,20
8850,3
8850,11
8850,10
8851,9
8852,9
8852,25
8852,14
8852,7
8853,9
8854,3
8854,11
8854,6
8854,4
8854,10
8855,9
8855,25
8856,9
8856,17
8856,25
8857,9
8857,6
8857,20
8858,6
8858,20
8859,9
8860,9
8860,17
8860,25
8860,7
8861,9
8862,9
8862,11
8862,6
8862,20
8863,9
8863,25
8864,8
8865,1
8865,3
8865,6
8865,27
8866,9
8866,25
8866,7
8867,6
8868,9
8868,15
8869,8
8870,8
8871,15
8871,8
8872,9
8873,8
8874,6
8875,9
8875,6
8876,6
8877,1
8877,5
8877,9
8878,25
8878,14
8878,6
8879,1
8879,3
8879,9
8879,13
8880,9
8880,6
8881,6
8882,9
8883,8
8884,8
8885,5
8885,9
8886,13
8886,15
8886,8
8887,9
8887,20
8888,9
8888,6
8888,10
8889,8
8890,8
8891,8
8892,9
8892,6
8893,1
8893,9
8893,26
8894,9
8894,6
8894,20
8895,1
8895,3
8895,17
8895,25
8895,11
8896,9
8896,26
8897,9
8897,20
8898,9
8898,13
8898,23
8899,5
8899,9
8899,20
8899,16
8900,9
8900,6
8901,17
8902,1
8902,25
8902,7
8903,3
8903,25
8903,14
8904,3
8904,9
8904,11
8904,14
8904,20
8905,9
8905,25
8905,8
8906,8
8907,3
8908,1
8908,3
8908,9
8908,25
8909,9
8910,9
8911,9
8911,11
8911,6
8911,4
8911,10
8911,16
8912,9
8912,6
8912,20
8912,15
8913,9
8914,26
8914,8
8915,17
8915,25
8915,14
8916,9
8916,17
8916,25
8916,14
8917,25
8917,14
8918,17
8918,14
8919,25
8919,6
8920,1
8920,3
8920,9
8921,9
8922,9
8922,13
8922,20
8923,1
8923,17
8923,25
8924,1
8924,9
8925,6
8926,9
8926,25
8926,7
8927,1
8927,3
8927,9
8927,25
8927,7
8928,1
8928,9
8928,17
8928,25
8928,7
8929,11
8929,6
8929,20
8929,15
8930,9
8931,9
8931,6
8931,20
8932,14
8933,23
8933,6
8933,20
8934,9
8935,9
8935,25
8935,8
8935,18
8936,9
8936,25
8936,20
8937,6
8937,7
8938,6
8939,6
8940,21
8940,9
8940,17
8940,25
8941,5
8941,9
8941,23
8941,20
8942,5
8942,9
8942,13
8943,9
8944,1
8944,17
8944,25
8944,11
8944,14
8944,6
8944,7
8945,9
8945,25
8945,7
8946,9
8946,27
8947,25
8947,14
8948,9
8948,7
8949,9
8949,17
8949,25
8949,6
8949,7
8949,27
8950,17
8950,25
8950,11
8950,6
8950,10
8951,9
8951,25
8951,14
8952,9
8952,25
8952,14
8953,9
8954,9
8954,17
8954,25
8955,9
8956,9
8956,25
8957,9
8957,20
8958,23
8958,8
8959,6
8959,20
8960,1
8960,6
8960,7
8961,6
8962,9
8962,6
8963,3
8963,25
8964,9
8965,9
8966,9
8966,6
8967,4
8967,10
8968,9
8968,20
8969,8
8970,9
8970,20
8970,15
8971,5
8971,9
8971,17
8971,25
8971,7
8972,25
8972,14
8973,3
8973,25
8973,14
8974,25
8974,14
8974,7
8975,15
8975,8
8976,9
8976,6
8977,21
8977,6
8977,15
8978,1
8978,25
8978,14
8978,7
8979,3
8979,21
8979,6
8980,1
8980,6
8981,1
8981,3
8981,25
8981,6
8981,7
8982,9
8982,6
8983,3
8983,11
8984,3
8984,11
8985,3
8985,9
8985,11
8986,3
8986,25
8986,11
8987,14
8988,6
8988,20
8989,9
8989,6
8989,20
8989,10
8990,25
8990,7
8991,9
8992,9
8993,9
8993,27
8994,9
8994,6
8994,20
8994,10
8995,1
8995,13
8995,26
8995,8
8996,8
8997,21
8997,9
8997,25
8997,11
8997,14
8997,6
8998,1
8998,3
8998,21
8998,25
8998,20
8999,11
8999,6
9000,6
9001,9
9002,6
9002,20
9003,9
9004,6
9005,6
9005,20
9006,8
9007,9
9007,20
9008,25
9008,14
9009,9
9009,6
9010,9
9010,25
9010,14
9010,6
9010,7
9011,21
9011,17
9011,25
9011,11
9011,14
9011,6
9011,10
9012,25
9013,9
9013,14
9014,9
9014,14
9015,14
9016,8
9017,1
9017,21
9017,14
9018,9
9019,8
9019,18
9020,25
9020,20
9021,9
9021,8
9022,9
9022,22
9023,9
9024,9
9024,6
9025,9
9025,25
9026,9
9026,20
9027,1
9027,3
9027,21
9027,9
9027,25
9028,1
9028,3
9028,21
9028,9
9028,25
9029,1
9029,3
9029,21
9029,9
9029,25
9030,1
9030,3
9030,21
9030,9
9030,25
9030,26
9031,9
9032,1
9032,25
9032,14
9033,1
9033,9
9033,25
9033,7
9034,25
9035,3
9035,9
9036,8
9036,18
9037,8
9038,3
9038,9
9038,25
9038,6
9038,26
9039,1
9039,3
9039,9
9039,11
9040,1
9040,25
9040,7
9041,1
9041,9
9041,25
9041,26
9042,6
9042,7
9043,9
9043,25
9043,6
9043,7
9044,1
9044,3
9044,9
9044,25
9045,5
9045,9
9045,25
9045,7
9046,9
9046,15
9047,9
9048,9
9048,6
9049,5
9049,9
9049,6
9049,15
9050,9
9051,9
9051,17
9051,25
9051,20
9052,4
9053,9
9054,3
9054,17
9054,11
9055,5
9055,9
9055,25
9055,26
9056,9
9056,17
9056,25
9056,20
9057,9
9057,8
9058,9
9058,6
9058,20
9059,1
9059,9
9059,13
9059,25
9060,5
9060,8
9061,9
9061,17
9061,25
9062,1
9062,25
9062,6
9063,6
9064,6
9065,1
9065,21
9065,25
9066,6
9067,1
9067,3
9067,4
9067,10
9068,6
9069,9
9070,5
9070,9
9070,25
9070,7
9071,9
9072,9
9072,25
9072,6
9073,1
9073,9
9073,25
9073,7
9074,9
9074,25
9074,7
9075,9
9076,9
9077,25
9077,14
9078,9
9079,21
9079,17
9079,7
9079,8
9080,9
9080,25
9081,9
9082,6
9083,1
9083,17
9083,25
9083,7
9084,5
9084,7
9084,8
9084,18
9085,6
9086,9
9086,17
9086,25
9087,8
9088,9
9088,6
9089,1
9089,6
9090,9
9090,6
9091,9
9092,9
9092,17
9092,25
9092,14
9093,21
9093,25
9094,11
9094,6
9094,20
9095,9
9095,17
9095,25
9095,11
9095,20
9095,7
9096,9
9097,1
9097,21
9097,9
9097,17
9097,25
9097,14
9098,9
9098,13
9098,7
9098,8
9099,5
9099,9
9099,20
9100,5
9100,9
9100,13
9100,26
9101,25
9101,14
9102,23
9102,8
9103,5
9103,9
9103,13
9103,25
9103,7
9104,6
9105,5
9105,9
9106,8
9107,9
9107,13
9107,20
9108,1
9108,21
9108,25
9109,8
9110,9
9111,9
9111,10
9112,1
9112,25
9112,7
9113,8
9114,21
9114,17
9114,25
9114,11
9114,14
9115,9
9115,20
9116,5
9116,9
9116,17
9116,7
9116,8
9117,9
9117,6
9117,20
9117,7
9118,9
9119,9
9120,9
9121,8
9122,3
9122,4
9122,10
9122,16
9123,3
9123,9
9123,11
9123,10
9123,16
9124,3
9124,9
9124,10
9125,9
9126,9
9127,11
9127,6
9127,10
9128,5
9128,9
9128,27
9129,9
9129,17
9129,6
9130,6
9131,5
9131,8
9132,1
9132,3
9132,11
9132,10
9133,9
9134,9
9134,6
9135,9
9135,6
9136,8
9137,8
9138,1
9138,9
9138,25
9138,26
9139,9
9139,25
9139,7
9139,27
9140,9
9140,17
9140,25
9140,14
9141,9
9141,7
9142,9
9143,9
9144,9
9145,9
9146,9
9147,8
9148,5
9148,9
9148,13
9148,20
9148,26
9149,9
9150,23
9150,8
9151,9
9151,6
9152,1
9152,9
9152,25
9153,8
9154,8
9155,5
9155,9
9155,13
9155,26
9156,1
9156,3
9156,25
9156,6
9156,7
9157,6
9158,9
9158,13
9159,6
9159,20
9160,6
9160,20
9161,1
9161,9
9161,6
9161,7
9162,9
9162,20
9163,8
9164,6
9165,5
9165,9
9166,9
9166,13
9166,26
9167,5
9167,8
9168,5
9168,9
9168,6
9169,25
9169,6
9169,7
9170,9
9170,11
9170,20
9171,9
9172,9
9172,6
9173,1
9173,3
9173,11
9173,10
9174,9
9175,1
9175,9
9175,25
9176,6
9177,1
9177,3
9177,25
9177,7
9178,21
9178,25
9178,14
9179,1
9179,9
9179,13
9179,25
9180,25
9180,14
9181,25
9181,14
9182,9
9183,5
9183,9
9184,9
9184,6
9184,20
9184,16
9185,9
9185,26
9186,9
9186,25
9186,14
9186,7
9187,5
9187,9
9187,13
9187,25
9188,9
9188,6
9188,20
9189,8
9190,1
9190,3
9190,11
9190,26
9191,8
9192,1
9192,9
9192,25
9192,6
9192,20
9193,3
9193,5
9193,13
9193,8
9194,1
9194,6
9195,3
9195,21
9195,9
9195,11
9195,10
9196,9
9196,20
9197,5
9197,8
9198,8
9199,9
9200,5
9200,9
9201,8
9202,5
9202,9
9202,15
9203,9
9204,1
9204,3
9204,9
9204,13
9204,26
9205,5
9205,9
9206,9
9206,13
9206,20
9207,3
9207,9
9207,10
9207,8
9208,6
9209,6
9210,9
9211,9
9211,20
9212,5
9212,9
9212,13
9213,9
9214,9
9214,17
9214,25
9214,7
9215,9
9215,6
9215,20
9216,9
9217,9
9218,25
9218,14
9219,1
9219,3
9219,11
9220,9
9220,6
9221,9
9221,6
9221,20
9222,9
9222,13
9222,6
9222,7
9223,8
9224,8
9225,6
9226,25
9226,14
9227,1
9227,21
9227,11
9228,9
9228,25
9229,3
9229,9
9229,6
9230,9
9230,23
9230,20
9231,1
9231,6
9232,1
9232,3
9233,8
9234,8
9235,1
9235,3
9235,9
9235,20
9236,1
9236,3
9236,27
9237,1
9237,3
9237,11
9237,6
9237,4
9237,10
9238,1
9238,3
9238,11
9238,6
9238,4
9238,10
9239,1
9239,3
9239,11
9239,6
9239,4
9239,10
9239,16
9240,1
9240,3
9240,6
9240,4
9240,10
9241,3
9241,9
9241,6
9241,20
9242,9
9243,8
9244,9
9245,9
9246,5
9246,9
9246,13
9247,9
9248,9
9249,9
9249,17
9249,25
9249,14
9249,7
9250,9
9251,8
9252,5
9252,23
9252,8
9253,3
9253,9
9253,6
9254,9
9254,25
9255,9
9255,25
9255,7
9256,5
9256,6
9257,9
9257,6
9257,20
9258,9
9258,20
9259,9
9260,9
9260,17
9260,11
9260,14
9261,25
9261,14
9262,9
9262,17
9262,25
9262,7
9263,9
9264,3
9264,9
9264,6
9264,4
9264,10
9264,16
9265,9
9265,6
9265,20
9266,6
9266,20
9267,3
9267,9
9267,11
9267,4
9267,10
9268,9
9268,17
9268,25
9268,14
9269,25
9270,9
9271,3
9271,11
9271,14
9271,6
9271,10
9272,9
9272,25
9273,6
9274,3
9274,6
9274,20
9274,15
9274,10
9275,9
9276,21
9276,9
9276,25
9276,6
9276,20
9277,9
9277,25
9277,14
9278,9
9278,17
9278,25
9278,14
9278,7
9279,9
9279,25
9279,14
9279,20
9280,25
9281,25
9282,3
9282,8
9283,6
9284,9
9284,20
9285,9
9285,6
9286,9
9286,23
9286,6
9287,9
9287,23
9287,6
9287,10
9288,8
9289,5
9289,9
9289,6
9290,8
9291,9
9291,25
9291,7
9292,1
9292,3
9292,11
9293,1
9293,3
9293,11
9294,1
9294,3
9294,11
9295,25
9295,14
9296,1
9296,3
9296,17
9296,25
9296,7
9297,9
9297,20
9298,13
9298,8
9299,9
9300,1
9300,3
9300,5
9300,9
9300,13
9301,9
9302,20
9303,9
9304,21
9304,14
9304,6
9305,9
9305,8
9305,18
9306,23
9306,6
9306,20
9307,6
9308,8
9309,9
9309,25
9309,14
9309,6
9310,1
9310,9
9310,17
9310,25
9310,6
9310,20
9310,7
9311,9
9311,25
9311,11
9312,1
9312,3
9312,21
9312,20
9313,6
9314,25
9314,8
9315,9
9316,9
9317,9
9317,6
9317,26
9318,9
9318,20
9319,9
9319,25
9319,14
9319,6
9319,16
9320,9
9320,20
9321,9
9321,6
9322,9
9323,21
9323,25
9324,8
9325,17
9325,25
9326,25
9327,6
9327,20
9327,7
9328,9
9329,9
9329,6
9330,1
9330,3
9330,27
9331,9
9332,25
9333,1
9333,6
9333,10
9334,9
9334,20
9335,1
9335,6
9335,7
9336,9
9336,20
9337,1
9337,3
9337,6
9338,5
9338,13
9338,26
9338,8
9339,8
9340,9
9340,6
9340,20
9340,7
9341,9
9341,20
9341,26
9341,15
9342,5
9342,9
9342,6
9343,3
9343,21
9343,9
9343,11
9343,6
9344,3
9344,21
9344,9
9344,26
9345,5
9345,9
9346,9
9347,9
9347,7
9348,1
9349,9
9349,25
9349,6
9349,20
9349,7
9349,15
9350,9
9350,17
9350,25
9351,9
9351,25
9351,14
9351,7
9352,9
9352,7
9353,9
9353,11
9354,6
9355,1
9355,9
9355,25
9356,1
9356,25
9357,1
9357,3
9357,21
9357,9
9357,6
9358,9
9359,6
9359,10
9360,9
9360,25
9360,6
9360,7
9361,9
9362,1
9362,3
9362,21
9362,25
9363,1
9363,21
9364,1
9364,3
9364,21
9364,25
9365,9
9365,25
9366,1
9366,21
9366,17
9366,25
9367,8
9368,9
9369,1
9369,9
9369,25
9370,1
9370,25
9370,11
9370,6
9371,9
9371,6
9371,20
9372,1
9372,21
9372,25
9372,14
9373,1
9373,9
9373,25
9373,7
9374,6
9374,26
9375,9
9375,6
9376,9
9377,3
9377,5
9377,9
9377,17
9378,21
9378,9
9378,11
9378,20
9379,9
9380,9
9380,20
9380,26
9381,9
9381,25
9381,14
9382,1
9382,3
9382,6
9382,20
9382,7
9383,9
9383,6
9384,9
9385,21
9385,9
9385,25
9385,11
9386,9
9387,9
9387,15
9388,9
9388,13
9389,9
9389,17
9389,25
9390,1
9390,21
9390,14
9391,5
9391,9
9391,23
9392,9
9392,6
9393,9
9393,20
9394,1
9394,3
9394,25
9395,9
9395,6
9396,3
9396,25
9396,27
9397,9
9397,17
9397,6
9398,8
9399,21
9399,9
9399,25
9400,3
9400,21
9400,6
9400,4
9400,10
9401,8
9402,25
9403,8
9404,9
9404,17
9404,25
9405,17
9405,25
9405,7
9406,9
9406,14
9407,1
9407,3
9407,5
9407,9
9407,13
9407,25
9407,6
9407,26
9408,1
9408,3
9408,9
9408,17
9408,11
9408,20
9409,11
9409,14
9410,5
9410,13
9410,8
9411,8
9412,5
9412,9
9412,13
9413,6
9413,20
9414,9
9414,6
9415,9
9415,17
9415,25
9416,14
9417,9
9417,20
9418,9
9418,17
9418,25
9418,14
9419,3
9419,5
9419,9
9420,9
9421,1
9421,3
9421,9
9421,25
9421,20
9422,9
9423,9
9423,17
9423,25
9423,7
9424,1
9424,3
9424,25
9424,11
9424,14
9425,1
9425,3
9425,21
9425,25
9425,11
9426,1
9426,3
9426,25
9426,11
9427,6
9427,10
9428,9
9429,15
9429,8
9430,1
9430,3
9430,9
9430,20
9431,6
9431,8
9432,9
9433,3
9433,9
9433,6
9434,9
9434,6
9435,9
9435,6
9436,6
9437,9
9438,9
9438,6
9438,20
9439,9
9439,10
9440,13
9440,26
9440,8
9441,9
9441,25
9441,14
9442,9
9442,20
9443,9
9443,8
9443,18
9444,9
9445,6
9446,1
9446,21
9446,14
9447,8
9448,8
9449,9
9449,6
9449,20
9450,3
9450,5
9450,9
9450,13
9450,20
9451,6
9451,20
9452,9
9452,6
9452,20
9453,9
9453,25
9453,20
9453,7
9454,1
9454,17
9454,25
9454,6
9454,7
9455,17
9455,25
9455,14
9456,6
9457,9
9457,7
9458,14
9459,17
9459,25
9459,14
9460,3
9460,11
9460,6
9460,20
9460,4
9460,10
9461,17
9461,25
9462,3
9462,9
9462,25
9462,7
9463,8
9464,9
9464,25
9464,7
9465,21
9465,9
9465,17
9465,11
9466,9
9466,26
9467,9
9467,17
9467,25
9467,11
9467,14
9468,5
9468,15
9468,8
9469,9
9469,20
9470,9
9470,26
9471,5
9471,9
9472,1
9472,25
9472,7
9473,25
9474,9
9474,25
9474,14
9474,6
9474,15
9475,1
9475,25
9476,17
9476,25
9476,14
9477,3
9477,6
9477,4
9477,10
9478,3
9478,6
9478,4
9478,10
9479,1
9479,11
9479,10
9480,3
9480,11
9480,10
9481,25
9482,8
9483,1
9483,9
9483,25
9483,14
9483,6
9484,9
9484,11
9484,6
9485,9
9485,6
9485,20
9486,1
9486,3
9486,25
9486,11
9487,9
9487,6
9487,7
9488,25
9488,14
9489,1
9489,21
9489,25
9490,8
9491,3
9491,9
9491,11
9491,6
9491,4
9491,10
9492,9
9492,6
9492,20
9493,25
9494,9
9495,10
9496,25
9497,9
9497,25
9498,9
9498,6
9498,20
9498,7
9499,9
9499,6
9499,20
9500,9
9500,14
9501,1
9501,17
9501,25
9501,14
9502,8
9503,6
9503,8
9504,3
9504,9
9504,17
9505,9
9505,17
9505,25
9505,14
9506,5
9506,9
9506,13
9506,20
9507,8
9508,6
9508,20
9509,9
9509,6
9509,15
9509,8
9510,1
9510,6
9510,7
9511,9
9511,20
9512,9
9512,14
9513,9
9514,9
9514,8
9515,3
9515,5
9515,9
9516,9
9516,6
9517,9
9517,6
9517,20
9517,16
9518,14
9519,9
9519,25
9520,9
9520,6
9521,9
9522,9
9523,9
9523,6
9524,6
9524,20
9525,17
9525,25
9525,14
9526,9
9526,26
9527,1
9527,9
9527,13
9527,26
9528,8
9529,9
9530,8
9531,1
9531,9
9531,17
9531,25
9531,7
9532,9
9532,17
9532,25
9532,7
9533,17
9533,6
9534,9
9534,8
9535,1
9535,9
9535,25
9535,6
9535,10
9536,17
9536,25
9536,14
9537,17
9537,25
9537,14
9538,9
9538,25
9538,15
9539,9
9539,26
9540,9
9540,20
9541,8
9542,4
9543,1
9543,6
9544,25
9545,9
9545,6
9546,9
9546,6
9547,9
9547,13
9548,9
9548,17
9549,9
9549,26
9550,1
9550,9
9550,26
9551,3
9551,9
9551,23
9551,6
9552,3
9552,6
9552,4
9552,10
9553,8
9554,6
9555,5
9555,9
9555,25
9556,6
9556,8
9557,9
9557,15
9558,9
9558,6
9559,9
9559,6
9560,9
9560,23
9560,10
9561,9
9561,25
9562,6
9562,20
9562,10
9563,25
9564,6
9564,20
9564,10
9565,6
9565,20
9566,6
9566,7
9567,1
9567,3
9567,9
9567,25
9567,20
9568,9
9568,25
9568,14
9569,9
9569,20
9570,9
9570,6
9571,8
9572,9
9572,25
9572,20
9572,16
9573,9
9573,23
9573,10
9574,9
9574,20
9575,5
9575,9
9575,26
9576,9
9576,15
9577,9
9577,11
9577,20
9577,15
9578,3
9578,17
9578,6
9578,7
9579,3
9579,17
9579,6
9579,7
9580,8
9581,3
9581,4
9581,10
9582,5
9582,9
9583,3
9583,6
9583,4
9583,10
9584,9
9585,9
9585,7
9586,9
9587,21
9587,25
9587,14
9588,6
9589,9
9590,5
9590,13
9590,15
9590,8
9591,9
9591,17
9591,25
9591,7
9592,3
9592,11
9592,4
9592,10
9593,5
9593,9
9593,6
9594,9
9594,6
9595,25
9595,14
9596,17
9596,25
9596,14
9597,14
9598,5
9598,9
9598,13
9598,25
9599,14
9600,9
9601,1
9601,3
9601,9
9601,11
9601,6
9601,4
9601,10
9602,1
9602,3
9602,21
9602,25
9602,14
9603,9
9604,9
9604,13
9604,6
9604,7
9605,9
9605,17
9605,25
9606,9
9606,6
9607,1
9607,25
9607,7
9608,8
9609,9
9609,11
9609,6
9609,20
9610,8
9611,8
9612,1
9612,25
9613,6
9613,20
9614,11
9614,20
9614,4
9614,10
9614,16
9615,9
9615,20
9616,1
9616,21
9617,25
9617,6
9617,20
9617,10
9618,25
9618,6
9618,20
9618,10
9619,1
9619,9
9619,13
9619,20
9620,8
9621,9
9621,20
9622,5
9622,9
9623,25
9623,14
9624,6
9624,16
9625,9
9625,6
9626,5
9626,9
9626,23
9627,9
9627,6
9627,16
9628,1
9628,9
9628,11
9629,9
9629,13
9630,6
9631,9
9631,6
9631,20
9632,8
9633,9
9633,7
9633,27
9634,1
9634,9
9634,25
9634,7
9635,1
9636,1
9636,25
9636,7
9637,8
9638,9
9638,13
9638,8
9638,18
9639,9
9640,8
9641,9
9641,6
9641,20
9642,1
9642,9
9642,25
9642,7
9643,8
9644,21
9644,25
9644,14
9645,1
9645,25
9645,14
9646,1
9646,21
9646,25
9646,14
9647,5
9647,9
9648,14
9649,1
9649,9
9649,25
9650,17
9650,25
9650,7
9651,5
9651,9
9652,9
9652,6
9653,8
9654,8
9655,9
9655,25
9656,9
9656,25
9656,20
9656,26
9657,15
9657,8
9658,14
9659,3
9659,4
9660,8
9661,8
9662,1
9662,25
9662,7
9663,1
9663,25
9663,7
9664,5
9664,9
9665,13
9665,8
9666,8
9667,17
9667,25
9668,9
9668,20
9669,8
9670,8
9671,8
9672,8
9673,25
9673,14
9674,8
9675,9
9675,6
9675,20
9676,9
9676,17
9677,1
9677,9
9677,13
9677,25
9677,14
9677,20
9678,1
9678,25
9679,9
9679,13
9679,25
9680,11
9680,4
9681,9
9682,25
9683,25
9683,14
9684,23
9684,6
9685,5
9685,9
9685,13
9685,25
9685,7
9686,9
9686,17
9686,20
9686,7
9686,26
9687,9
9687,8
9688,9
9688,13
9688,27
9689,9
9689,17
9689,25
9689,14
9690,9
9691,9
9691,25
9691,14
9692,1
9693,14
9693,6
9694,3
9694,9
9694,25
9694,27
9695,8
9696,6
9696,20
9697,1
9697,9
9697,17
9697,25
9698,3
9698,9
9698,6
9698,20
9698,27
9698,15
9699,9
9700,6
9700,27
9701,17
9701,25
9701,14
9702,9
9702,17
9702,25
9702,14
9703,23
9703,6
9704,9
9704,25
9705,9
9706,13
9706,26
9706,8
9707,9
9707,25
9707,14
9708,14
9709,3
9709,9
9709,25
9710,9
9710,25
9710,14
9710,7
9711,9
9711,20
9712,8
9713,3
9713,6
9713,20
9713,4
9713,10
9714,9
9714,8
9715,9
9716,9
9717,5
9717,9
9717,23
9717,7
9718,6
9718,15
9719,9
9720,9
9720,6
9720,20
9721,9
9721,23
9721,10
9722,9
9722,25
9723,14
9724,21
9724,9
9724,7
9725,9
9725,6
9726,25
9726,14
9727,9
9727,25
9727,6
9727,20
9728,3
9728,9
9729,9
9729,15
9730,1
9730,3
9730,25
9730,6
9731,9
9732,13
9732,26
9732,8
9732,18
9733,25
9733,14
9734,9
9734,11
9734,6
9734,20
9734,15
9734,16
9735,9
9736,9
9736,25
9737,9
9737,6
9738,6
9739,9
9740,5
9740,8
9741,9
9741,17
9741,25
9741,7
9742,9
9742,27
9743,25
9744,3
9744,8
9745,11
9745,6
9745,10
9746,3
9746,11
9746,6
9746,10
9747,5
9747,9
9747,6
9747,16
9748,9
9748,6
9749,9
9750,17
9750,25
9750,14
9750,6
9751,9
9751,11
9751,6
9751,20
9752,1
9752,9
9752,25
9752,7
9753,1
9753,3
9753,25
9753,11
9753,20
9754,21
9754,17
9754,25
9755,25
9756,9
9757,9
9758,5
9758,9
9759,9
9759,20
9760,9
9761,9
9762,9
9762,6
9763,13
9763,17
9763,6
9763,8
9764,5
9764,8
9765,9
9765,6
9766,9
9767,9
9768,9
9768,20
9769,13
9769,6
9769,15
9769,8
9770,9
9770,11
9770,10
9771,9
9771,17
9771,25
9771,20
9771,7
9772,9
9773,3
9773,6
9773,4
9773,10
9774,3
9774,6
9774,4
9774,10
9775,3
9775,9
9775,11
9775,6
9776,9
9777,9
9778,6
9779,3
9779,11
9779,4
9780,9
9781,9
9781,20
9782,3
9782,11
9782,4
9782,10
9783,9
9783,25
9784,3
9784,9
9784,25
9784,11
9785,9
9786,9
9787,7
9787,8
9788,1
9788,25
9788,7
9789,8
9790,9
9791,8
9792,8
9793,9
9793,10
9793,8
9794,9
9794,11
9795,11
9795,6
9795,10
9796,9
9796,25
9796,14
9797,9
9797,6
9797,20
9798,3
9798,9
9798,25
9798,11
9798,14
9798,20
9798,26
9799,9
9799,20
9800,23
9800,8
9801,9
9802,9
9802,7
9803,21
9803,25
9803,14
9804,21
9804,25
9805,9
9805,25
9805,7
9806,9
9807,3
9807,6
9807,4
9808,17
9808,6
9808,16
9809,9
9809,11
9809,20
9810,9
9810,17
9810,25
9811,3
9811,6
9811,20
9812,9
9812,6
9812,20
9813,9
9814,3
9814,9
9814,6
9814,7
9814,27
9815,6
9816,9
9817,9
9817,17
9817,25
9817,14
9818,9
9819,9
9820,1
9820,9
9820,25
9820,14
9820,7
9821,8
9822,6
9823,9
9823,23
9824,9
9825,1
9825,3
9825,6
9825,10
9826,9
9827,9
9828,11
9828,4
9828,10
9829,11
9829,6
9829,4
9829,10
9830,9
9830,17
9830,25
9830,14
9830,7
9831,9
9831,25
9831,7
9832,9
9832,8
9833,5
9833,9
9833,13
9833,6
9834,5
9834,9
9834,15
9835,9
9836,9
9837,1
9837,25
9837,7
9838,17
9838,25
9839,9
9840,9
9841,9
9841,20
9841,16
9842,13
9842,8
9843,9
9843,17
9844,1
9844,11
9845,1
9845,3
9845,9
9845,11
9845,6
9846,9
9847,15
9847,8
9848,9
9848,17
9848,20
9849,9
9849,20
9850,3
9850,21
9850,9
9850,20
9851,15
9851,8
9852,8
9853,1
9853,11
9853,6
9854,9
9854,6
9854,20
9855,3
9855,11
9855,10
9856,1
9856,9
9856,25
9856,11
9856,7
9857,3
9857,6
9857,4
9857,10
9858,3
9858,6
9858,4
9858,10
9859,3
9859,6
9859,4
9859,10
9860,8
9861,1
9861,3
9861,6
9862,9
9862,25
9863,9
9863,13
9863,6
9863,8
9863,18
9864,9
9864,6
9865,9
9865,23
9865,6
9866,9
9866,6
9867,6
9868,9
9868,25
9868,7
9869,9
9869,25
9870,3
9870,11
9870,6
9870,4
9870,10
9871,9
9871,11
9871,6
9872,9
9872,25
9873,9
9873,6
9874,17
9874,25
9875,25
9875,11
9875,6
9876,15
9876,8
9877,9
9877,7
9878,9
9878,10
9878,8
9879,9
9880,17
9880,25
9880,14
9881,9
9881,6
9881,10
9882,9
9882,25
9883,9
9883,25
9883,14
9884,14
9885,6
9886,9
9887,1
9887,3
9887,21
9887,17
9887,11
9887,6
9888,1
9888,9
9888,25
9889,9
9889,20
9890,3
9890,8
9891,3
9891,9
9891,13
9891,23
9891,17
9891,4
9892,9
9892,13
9893,5
9893,13
9893,8
9893,18
9894,9
9894,20
9895,9
9895,20
9896,9
9897,21
9897,9
9897,25
9898,9
9899,1
9899,9
9899,7
9900,6
9900,20
9901,20
9901,15
9901,8
9902,8
9903,9
9903,6
9903,20
9904,9
9904,6
9905,9
9905,25
9906,9
9906,7
9907,8
9908,1
9908,9
9908,25
9909,1
9909,25
9909,7
9910,3
9911,9
9911,17
9911,25
9912,3
9912,11
9912,6
9912,4
9912,10
9913,9
9913,11
9913,4
9914,9
9914,6
9915,9
9915,17
9915,25
9915,14
9915,7
9916,9
9916,6
9916,20
9917,9
9918,9
9919,9
9919,6
9919,20
9920,1
9920,9
9920,25
9920,7
9921,9
9921,6
9922,9
9922,11
9922,6
9922,20
9923,6
9924,9
9925,9
9926,9
9926,6
9927,9
9927,6
9927,20
9928,25
9928,14
9929,25
9929,14
9930,5
9930,9
9930,20
9931,21
9931,17
9931,25
9931,14
9932,6
9933,9
9933,17
9933,7
9934,9
9935,8
9936,3
9936,9
9936,17
9936,7
9936,27
9937,9
9938,1
9938,3
9938,20
9939,6
9940,9
9941,9
9942,9
9942,6
9942,20
9942,26
9943,9
9943,6
9944,6
9944,4
9944,10
9945,8
9946,17
9947,1
9947,3
9947,21
9948,9
9948,13
9949,9
9949,17
9949,11
9949,20
9950,8
9951,6
9951,20
9952,9
9952,13
9952,26
9953,6
9954,9
9954,20
9955,1
9955,3
9955,21
9955,9
9955,25
9955,26
9956,6
9956,15
9956,8
9957,25
9957,14
9958,9
9958,25
9959,9
9959,25
9959,7
9960,9
9961,9
9962,9
9962,13
9963,9
9963,13
9963,25
9963,26
9964,5
9964,9
9964,7
9965,9
9965,14
9966,1
9966,25
9966,7
9967,1
9967,25
9967,7
9968,6
9969,9
9969,6
9969,20
9970,9
9970,20
9971,9
9971,11
9972,9
9972,26
9973,9
9973,13
9973,25
9974,8
9975,5
9975,23
9975,26
9975,8
9976,9
9976,7
9977,9
9978,9
9978,6
9978,20
9979,6
9980,9
9980,6
9981,9
9981,6
9982,9
9982,6
9983,3
9983,6
9983,15
9983,4
9984,6
9984,20
9985,9
9985,6
9986,3
9986,9
9986,7
9987,8
9988,9
9988,4
9988,16
9989,25
9989,6
9989,7
9990,9
9990,10
9991,17
9991,25
9992,9
9992,25
9993,1
9993,9
9993,13
9993,25
9994,15
9994,8
9995,9
9996,9
9996,17
9996,14
9997,1
9997,21
9997,25
9997,6
9998,9
9998,6
9999,5
9999,9
9999,6
10000,9
10000,25
10000,11
10000,20
10001,3
10001,9
10001,25
10001,11
10001,20
10002,21
10002,9
10002,25
10002,11
10002,20
10003,9
10003,11
10003,20
10004,9
10004,20
10005,25
10006,5
10006,9
10006,6
10007,6
10007,20
10008,9
10009,9
10010,9
10010,20
10010,16
10011,5
10011,13
10011,8
10011,18
10012,17
10012,25
10012,14
10013,5
10013,8
10014,8
10015,9
10016,9
10016,17
10016,14
10017,9
10017,17
10017,25
10017,14
10018,9
10018,7
10019,5
10019,9
10019,15
10020,8
10021,9
10021,17
10021,25
10021,7
10022,8
10023,9
10023,17
10023,25
10024,25
10024,14
10025,21
10025,9
10025,25
10025,14
10026,5
10026,8
10027,9
10027,6
10028,9
10028,6
10028,20
10029,5
10029,8
10030,9
10030,6
10031,9
10031,17
10031,25
10031,7
10032,9
10032,17
10033,21
10033,9
10033,17
10033,25
10033,11
10034,25
10034,14
10035,8
10036,15
10036,8
10037,9
10038,17
10038,25
10038,14
10039,17
10039,25
10040,1
10040,9
10040,25
10040,7
10041,9
10041,25
10042,9
10042,17
10043,6
10044,1
10044,25
10044,7
10045,9
10046,25
10046,14
10046,6
10047,9
10047,20
10047,7
10047,15
10048,5
10048,9
10048,13
10049,25
10049,6
10049,7
10050,21
10050,17
10050,14
10051,9
10051,20
10052,9
10052,17
10052,25
10053,9
10053,6
10053,20
10054,9
10054,25
10055,17
10055,25
10055,11
10055,14
10056,9
10056,25
10057,8
10058,13
10058,8
10059,3
10059,5
10059,9
10059,25
10060,9
10060,17
10060,7
10061,9
10061,11
10062,9
10062,25
10062,26
10063,21
10063,9
10064,9
10064,17
10064,25
10064,7
10065,9
10065,17
10065,11
10066,26
10066,8
10067,9
10067,6
10067,10
10068,9
10069,25
10069,14
10070,3
10070,9
10071,1
10071,3
10071,9
10071,11
10071,26
10072,1
10072,11
10072,27
10073,6
10074,21
10074,6
10075,17
10075,25
10075,7
10076,9
10076,26
10077,3
10077,11
10077,10
10078,3
10078,9
10078,17
10078,25
10078,11
10078,10
10079,1
10079,9
10079,25
10080,21
10080,25
10081,1
10081,3
10081,9
10081,6
10081,7
10082,9
10083,9
10083,23
10084,9
10084,20
10085,9
10086,8
10087,1
10087,9
10087,25
10087,7
10088,9
10088,6
10089,8
10090,21
10090,9
10090,6
10090,16
10091,9
10092,9
10092,6
10093,8
10094,6
10094,20
10095,25
10096,6
10096,20
10097,6
10097,20
10098,6
10098,20
10099,9
10099,26
10100,6
10101,9
10101,6
10101,15
10102,6
10103,9
10104,17
10104,25
10105,9
10105,20
10106,9
10106,6
10106,20
10107,8
10108,9
10109,6
10109,7
10110,9
10110,13
10110,20
10110,26
10111,5
10111,9
10112,3
10112,8
10113,9
10113,17
10113,7
10114,9
10114,7
10115,3
10115,9
10115,6
10115,20
10115,7
10116,25
10116,6
10116,7
10117,9
10117,25
10118,9
10119,17
10119,25
10119,14
10120,9
10120,20
10121,9
10122,3
10122,6
10122,4
10122,10
10123,21
10124,9
10124,7
10125,3
10125,6
10125,4
10125,10
10126,8
10127,9
10128,3
10128,11
10128,6
10128,4
10128,10
10129,5
10130,3
10130,6
10130,4
10130,10
10131,14
10131,27
10132,5
10132,9
10132,13
10132,20
10132,26
10132,4
10133,9
10133,13
10133,26
10134,9
10135,23
10135,6
10136,25
10136,20
10137,17
10137,14
10138,3
10138,17
10138,11
10138,14
10138,6
10138,10
10139,5
10139,17
10139,7
10139,8
10140,9
10141,9
10141,14
10141,4
10142,25
10142,14
10142,6
10143,5
10143,9
10143,6
10143,7
10144,25
10144,14
10145,5
10145,9
10145,10
10145,8
10146,1
10146,3
10146,21
10146,11
10147,11
10147,14
10147,6
10147,20
10148,9
10148,25
10148,7
10149,6
10150,9
10150,25
10150,14
10151,9
10151,25
10151,14
10152,25
10153,9
10153,17
10153,25
10153,7
10154,6
10155,9
10156,8
10157,9
10158,8
10159,9
10159,6
10160,9
10160,6
10161,9
10162,5
10162,8
10163,9
10164,9
10164,25
10164,20
10165,8
10166,23
10166,8
10167,9
10168,9
10169,6
10169,7
10170,9
10171,9
10172,1
10172,21
10172,6
10173,5
10173,9
10173,23
10174,9
10174,20
10175,15
10175,8
10176,9
10176,23
10177,14
10178,6
10178,20
10179,21
10179,9
10179,17
10179,25
10180,9
10180,25
10180,7
10181,9
10182,9
10182,6
10183,8
10184,9
10184,26
10185,9
10185,20
10186,9
10186,25
10186,7
10187,8
10188,8
10189,8
10190,1
10190,3
10190,9
10190,10
10191,3
10191,9
10191,10
10192,6
10193,5
10193,9
10193,13
10194,9
10195,9
10196,5
10196,9
10196,13
10196,20
10197,8
10198,21
10198,9
10198,11
10199,5
10199,9
10199,13
10199,26
10200,8
10201,3
10201,9
10201,25
10202,9
10203,9
10203,6
10203,20
10203,26
10204,21
10204,9
10204,17
10204,25
10204,11
10204,20
10205,17
10205,25
10205,14
10206,25
10207,3
10207,9
10207,6
10208,9
10208,6
10208,20
10209,8
10210,14
10210,6
10211,9
10212,5
10212,9
10213,1
10213,9
10214,9
10214,25
10215,17
10215,25
10215,14
10216,5
10216,9
10217,9
10217,8
10217,18
10218,9
10218,25
10219,25
10219,14
10220,13
10220,8
10220,18
10221,8
10222,6
10223,25
10224,13
10224,26
10224,8
10225,8
10226,25
10226,14
10226,6
10227,9
10227,6
10227,7
10228,9
10228,17
10228,25
10228,14
10229,9
10230,9
10231,9
10231,20
10232,6
10232,20
10233,6
10233,20
10234,9
10234,20
10235,1
10235,9
10235,25
10236,9
10236,14
10236,20
10237,9
10237,6
10237,20
10238,9
10238,20
10239,9
10240,9
10240,13
10240,25
10241,17
10241,25
10241,14
10242,13
10242,23
10242,8
10243,9
10243,11
10243,6
10243,20
10244,8
10245,8
10246,9
10246,6
10246,20
10247,8
10248,8
10249,6
10250,13
10250,26
10250,8
10251,9
10251,7
10252,8
10253,15
10253,8
10254,9
10255,9
10256,8
10257,1
10257,5
10257,26
10257,8
10257,18
10258,9
10259,9
10260,1
10260,21
10260,11
10260,6
10261,9
10261,6
10262,1
10262,6
10262,20
10263,9
10263,6
10264,8
10265,9
10265,25
10265,20
10266,8
10267,9
10267,7
10268,11
10268,10
10269,21
10269,9
10269,6
10269,20
10270,1
10270,3
10270,9
10270,11
10271,1
10271,3
10271,21
10271,9
10271,11
10271,6
10272,1
10272,3
10272,11
10273,9
10273,25
10274,1
10274,9
10274,25
10275,25
10275,6
10275,20
10276,9
10276,17
10276,25
10276,14
10277,1
10277,25
10277,7
10278,9
10278,6
10278,7
10279,9
10280,9
10281,14
10282,8
10283,9
10284,8
10285,9
10286,8
10287,9
10287,20
10288,13
10288,10
10288,8
10289,5
10289,23
10289,8
10290,15
10290,10
10290,8
10291,9
10291,6
10292,3
10292,11
10292,6
10292,4
10292,10
10293,1
10293,6
10294,9
10294,6
10295,15
10295,8
10296,1
10296,3
10296,21
10296,11
10296,6
10296,10
10297,8
10298,13
10298,8
10299,5
10299,9
10299,16
10300,8
10301,8
10302,9
10302,25
10302,11
10303,9
10304,9
10304,26
10305,17
10305,11
10305,14
10306,9
10307,9
10307,17
10308,9
10309,6
10310,9
10311,9
10311,20
10312,8
10313,1
10313,9
10313,25
10313,7
10314,9
10315,9
10316,9
10317,8
10318,9
10319,9
10320,1
10320,3
10320,21
10320,9
10320,25
10321,1
10321,3
10321,21
10321,11
10322,3
10322,9
10322,11
10322,6
10322,10
10323,8
10324,5
10324,13
10324,15
10324,8
10325,25
10326,6
10327,5
10327,15
10327,4
10327,8
10328,25
10328,6
10329,8
10330,3
10330,21
10330,4
10331,9
10332,9
10333,1
10333,9
10333,4
10333,10
10334,1
10334,3
10334,9
10334,11
10334,6
10334,4
10334,10
10335,20
10336,9
10336,20
10337,9
10337,6
10337,20
10338,10
10338,8
10339,8
10340,8
10341,9
10341,11
10341,16
10342,9
10342,6
10343,6
10343,20
10344,9
10345,8
10346,9
10346,6
10347,9
10348,9
10348,10
10349,9
10350,9
10350,20
10351,9
10351,6
10352,6
10353,9
10353,15
10354,9
10354,6
10355,9
10356,6
10357,3
10357,5
10357,9
10357,13
10357,10
10358,9
10359,25
10359,6
10360,3
10360,9
10360,6
10360,4
10361,9
10362,21
10362,9
10362,7
10362,16
10363,13
10363,8
10363,18
10364,5
10364,9
10364,26
10365,9
10365,25
10366,1
10366,3
10366,9
10366,25
10366,7
10366,26
10367,15
10367,8
10368,3
10368,6
10368,4
10368,10
10369,5
10369,9
10370,8
10371,1
10371,3
10371,9
10371,17
10371,25
10371,11
10372,9
10373,6
10374,9
10375,5
10375,9
10375,13
10375,23
10375,20
10376,8
10377,1
10377,3
10377,21
10377,17
10377,10
10378,9
10378,6
10379,8
10380,9
10380,6
10380,15
10381,8
10382,9
10383,9
10384,9
10385,17
10385,6
10386,11
10386,6
10386,10
10387,6
10387,20
10388,9
10389,1
10389,25
10389,7
10390,9
10390,6
10391,9
10391,6
10391,20
10392,9
10392,16
10393,1
10393,3
10393,21
10393,25
10394,8
10395,9
10396,9
10396,6
10396,20
10397,8
10398,9
10398,20
10399,9
10400,3
10400,9
10400,23
10400,8
10401,9
10402,5
10402,9
10403,9
10404,13
10404,7
10404,4
10404,8
10405,1
10405,6
10405,7
10406,6
10407,3
10407,11
10407,6
10407,4
10407,10
10408,3
10408,11
10408,6
10408,4
10408,10
10409,25
10409,11
10409,4
10409,10
10410,1
10410,9
10410,25
10410,7
10411,3
10411,5
10411,9
10412,9
10412,23
10413,9
10413,25
10413,7
10414,9
10414,25
10414,7
10415,25
10416,14
10416,6
10417,1
10417,25
10417,14
10418,1
10418,25
10418,14
10419,9
10419,25
10419,7
10420,6
10420,20
10421,9
10421,25
10421,7
10422,6
10422,20
10423,9
10423,17
10423,25
10423,7
10424,3
10424,9
10424,6
10425,1
10425,21
10425,9
10425,17
10425,25
10426,1
10426,3
10426,21
10426,25
10426,6
10427,1
10427,3
10427,21
10428,1
10428,3
10428,21
10429,1
10429,3
10429,21
10429,25
10430,1
10430,3
10430,21
10430,25
10431,9
10432,25
10433,1
10433,25
10433,7
10434,1
10434,3
10434,25
10434,7
10435,9
10435,17
10435,25
10435,7
10436,14
10436,6
10437,9
10437,25
10437,7
10438,8
10439,3
10439,9
10439,17
10439,25
10439,6
10439,7
10440,14
10440,6
10440,20
10441,14
10442,3
10442,9
10443,3
10443,21
10443,20
10443,4
10443,10
10444,8
10445,9
10445,25
10445,7
10446,1
10446,9
10446,25
10446,7
10447,25
10447,14
10448,9
10448,25
10448,7
10449,5
10449,9
10450,9
10450,13
10450,20
10451,1
10451,9
10451,25
10451,7
10452,1
10452,3
10452,9
10452,17
10452,25
10452,7
10453,9
10454,1
10454,3
10454,9
10454,20
10455,6
10456,17
10456,6
10456,7
10457,1
10457,3
10457,9
10457,25
10457,14
10458,3
10458,11
10458,6
10458,4
10458,10
10458,16
10459,1
10459,3
10459,11
10459,6
10459,4
10459,10
10459,16
10460,9
10460,20
10461,1
10461,3
10461,21
10461,25
10462,9
10462,6
10462,10
10463,8
10464,1
10464,3
10464,6
10464,26
10465,9
10465,11
10465,20
10466,5
10466,15
10466,8
10467,9
10467,25
10467,14
10468,8
10469,9
10470,5
10470,13
10470,8
10471,1
10471,20
10472,9
10473,8
10474,9
10474,27
10475,1
10475,5
10475,9
10475,7
10475,27
10476,1
10476,9
10476,13
10477,9
10478,9
10478,17
10478,25
10479,9
10479,6
10480,8
10481,5
10481,8
10482,5
10482,9
10483,9
10484,9
10484,6
10485,9
10485,6
10485,20
10486,5
10486,9
10487,9
10487,7
10488,9
10488,6
10489,9
10489,11
10489,20
10489,10
10490,14
10490,6
10491,9
10491,20
10492,9
10492,20
10493,9
10494,9
10494,6
10495,9
10495,6
10496,6
10496,20
10496,15
10497,5
10497,15
10497,8
10498,3
10498,23
10498,6
10498,4
10498,10
10499,3
10499,9
10499,17
10499,25
10499,14
10500,1
10500,9
10500,7
10500,15
10501,6
10502,9
10503,8
10504,9
10504,26
10505,9
10505,14
10505,6
10506,9
10506,6
10506,20
10507,9
10507,20
10508,9
10508,25
10509,9
10510,9
10511,9
10511,14
10512,9
10512,20
10512,26
10513,9
10513,25
10513,11
10513,20
10514,9
10515,5
10515,10
10515,8
10516,9
10517,8
10518,9
10518,17
10518,25
10518,7
10519,3
10519,9
10519,10
10520,6
10520,20
10521,9
10522,9
10523,9
10524,9
10524,23
10524,25
10525,8
10526,8
10527,9
10527,20
10528,9
10528,20
10529,9
10529,6
10529,26
10530,6
10530,20
10531,6
10531,20
10532,9
10532,6
10532,20
10533,6
10534,9
10534,25
10534,7
10535,9
10535,6
10536,6
10536,20
10537,9
10537,7
10538,8
10539,9
10539,6
10540,6
10541,9
10541,25
10541,6
10542,14
10542,6
10543,9
10544,9
10544,6
10545,1
10545,9
10545,25
10546,9
10547,9
10547,6
10548,23
10548,8
10549,1
10549,9
10549,26
10550,9
10550,20
10550,16
10551,9
10551,25
10552,15
10552,8
10553,3
10553,11
10553,6
10553,4
10553,10
10553,16
10554,23
10554,8
10554,22
10555,8
10556,1
10556,21
10557,8
10558,9
10558,20
10559,9
10560,3
10560,6
10560,10
10561,9
10561,17
10561,25
10561,11
10562,1
10562,5
10562,9
10562,13
10562,23
10562,26
10563,5
10563,9
10564,9
10564,6
10564,8
10565,9
10565,6
10566,9
10567,11
10567,6
10568,23
10568,6
10569,9
10570,5
10570,8
10571,9
10571,6
10572,17
10572,6
10572,20
10573,9
10574,26
10574,8
10575,9
10575,17
10575,25
10575,6
10575,7
10576,1
10576,21
10576,14
10576,6
10577,8
10578,5
10578,13
10578,15
10578,8
10579,8
10580,8
10581,9
10581,20
10582,9
10582,25
10582,7
10583,9
10584,20
10585,15
10585,8
10586,9
10587,9
10587,17
10588,8
10589,25
10589,14
10590,9
10590,17
10590,25
10590,6
10590,7
10591,21
10591,9
10591,25
10591,14
10592,8
10593,9
10593,6
10594,9
10594,6
10594,20
10595,8
10596,1
10596,9
10596,25
10596,6
10596,7
10597,1
10597,6
10598,1
10598,3
10598,21
10598,6
10598,10
10599,25
10599,11
10600,9
10600,25
10601,9
10602,1
10602,21
10602,9
10602,17
10602,25
10602,14
10603,1
10603,21
10603,25
10603,11
10604,1
10604,11
10604,14
10605,1
10605,14
10606,1
10606,21
10606,25
10606,11
10607,1
10607,3
10607,25
10607,11
10608,9
10608,20
10609,6
10609,20
10609,15
10610,1
10610,9
10610,23
10610,7
10611,9
10611,6
10612,9
10612,25
10612,20
10613,6
10614,9
10614,6
10614,20
10614,15
10615,9
10615,25
10616,9
10617,9
10617,25
10617,20
10617,7
10618,25
10618,14
10619,14
10620,25
10621,9
10621,11
10621,6
10622,8
10623,9
10624,9
10624,13
10624,7
10625,9
10625,23
10626,1
10626,21
10626,25
10627,9
10627,17
10627,25
10627,7
10628,9
10628,17
10628,25
10629,9
10629,6
10630,5
10630,8
10631,1
10631,9
10631,25
10631,20
10631,7
10631,15
10632,1
10632,9
10632,17
10632,25
10633,9
10633,13
10633,8
10633,18
10634,9
10634,6
10634,15
10635,9
10635,6
10636,6
10636,8
10637,8
10638,5
10638,9
10639,9
10639,6
10640,9
10641,9
10641,13
10641,20
10641,8
10642,25
10642,14
10643,1
10643,9
10643,25
10644,15
10644,8
10645,9
10645,6
10645,15
10646,9
10647,5
10647,8
10648,9
10648,25
10648,7
10649,3
10649,9
10649,6
10649,4
10649,10
10650,9
10650,6
10651,9
10652,6
10652,8
10653,9
10653,20
10654,8
10655,1
10655,21
10655,25
10655,14
10655,6
10656,9
10657,1
10657,13
10657,8
10657,18
10658,21
10658,9
10658,11
10658,20
10659,21
10659,9
10660,9
10660,6
10660,20
10661,9
10661,7
10662,17
10662,25
10662,14
10663,9
10663,25
10664,9
10664,17
10664,25
10664,14
10665,9
10665,25
10665,7
10666,8
10667,9
10668,1
10668,26
10669,1
10669,21
10669,25
10670,9
10670,6
10670,20
10670,7
10671,17
10671,25
10671,14
10672,3
10672,6
10673,3
10673,6
10673,10
10674,8
10675,8
10676,9
10677,25
10677,14
10678,6
10678,20
10679,8
10680,1
10680,3
10680,21
10680,11
10681,1
10681,3
10682,3
10682,6
10682,26
10682,4
10682,10
10683,9
10683,13
10683,25
10683,26
10684,6
10684,20
10684,16
10685,9
10686,8
10687,1
10687,17
10687,11
10687,14
10687,6
10688,1
10688,3
10688,21
10688,17
10688,25
10688,11
10688,20
10688,4
10689,6
10690,14
10690,6
10690,20
10691,1
10691,3
10691,9
10691,17
10691,25
10691,11
10692,6
10692,20
10693,6
10693,20
10694,1
10694,3
10694,25
10694,6
10695,21
10695,17
10695,25
10695,20
10696,17
10696,25
10696,14
10697,9
10697,20
10698,1
10698,25
10698,7
10699,1
10699,9
10699,25
10699,7
10700,5
10700,8
10701,5
10701,9
10701,20
10702,3
10702,9
10703,25
10704,17
10704,25
10704,14
10705,9
10705,16
10706,25
10706,14
10707,1
10707,21
10707,25
10707,14
10708,1
10708,3
10708,21
10708,25
10708,14
10708,6
10709,9
10709,6
10709,20
10710,6
10710,20
10711,8
10712,9
10712,6
10712,20
10713,8
10714,9
10715,9
10715,7
10716,5
10716,9
10716,25
10716,7
10717,9
10717,17
10717,6
10717,7
10718,1
10718,3
10718,25
10719,6
10719,16
10720,9
10721,8
10722,1
10722,14
10723,25
10723,14
10724,1
10724,25
10724,14
10725,25
10725,14
10726,14
10727,6
10728,1
10728,3
10728,21
10728,25
10729,5
10729,9
10729,13
10729,6
10730,5
10730,9
10730,13
10731,9
10731,20
10732,21
10732,9
10732,14
10733,9
10733,25
10733,7
10734,5
10734,9
10734,13
10735,8
10736,1
10736,21
10736,13
10736,4
10736,8
10737,8
10738,6
10738,20
10739,9
10739,10
10740,9
10740,25
10740,14
10740,6
10740,7
10741,9
10741,25
10741,7
10742,9
10743,5
10743,9
10743,13
10744,9
10745,9
10745,14
10746,9
10747,1
10747,9
10747,25
10747,6
10747,7
10748,5
10749,5
10749,9
10750,9
10751,8
10752,9
10752,20
10752,7
10753,9
10754,9
10755,8
10756,9
10757,8
10758,8
10759,8
10760,8
10761,5
10761,9
10761,20
10762,9
10763,9
10763,15
10764,9
10765,9
10765,6
10765,16
10766,9
10767,21
10767,17
10767,14
10767,6
10768,3
10768,6
10768,4
10768,10
10768,16
10769,8
10770,9
10770,6
10771,9
10771,17
10771,25
10772,8
10773,26
10773,8
10774,9
10774,17
10774,6
10774,7
10775,9
10775,15
10775,16
10776,8
10776,22
10777,3
10777,21
10777,25
10778,8
10779,9
10779,25
10779,7
10780,5
10780,9
10781,5
10781,8
10782,9
10783,9
10784,8
10785,5
10785,13
10785,15
10785,8
10786,8
10787,3
10787,9
10788,9
10789,1
10789,9
10789,25
10789,7
10790,6
10790,8
10791,6
10792,8
10793,9
10793,20
10794,8
10795,8
10796,9
10797,9
10797,6
10797,20
10798,9
10799,9
10800,9
10800,17
10800,11
10800,4
10801,8
10802,9
10802,17
10802,25
10802,20
10803,6
10803,20
10804,8
10805,9
10805,8
10806,6
10806,15
10807,6
10808,9
10808,17
10808,25
10809,5
10809,9
10809,20
10809,15
10810,9
10811,3
10811,13
10811,6
10811,8
10812,3
10812,9
10812,17
10812,25
10813,1
10813,5
10813,9
10813,25
10813,6
10814,1
10814,3
10814,4
10814,10
10814,8
10815,1
10815,9
10815,13
10815,20
10815,26
10816,8
10817,3
10817,21
10817,20
10817,4
10817,10
10818,9
10819,3
10819,6
10819,4
10819,10
10820,8
10821,5
10821,9
10821,26
10821,4
10822,9
10823,6
10824,1
10824,25
10824,7
10825,1
10825,25
10825,7
10826,26
10826,15
10826,8
10827,9
10827,25
10827,6
10827,7
10827,26
10828,1
10828,3
10828,21
10828,9
10828,25
10828,26
10829,26
10830,1
10830,25
10830,6
10830,26
10831,9
10831,6
10831,26
10832,3
10832,10
10833,1
10833,3
10833,21
10833,9
10833,25
10834,1
10834,3
10834,21
10834,4
10835,1
10835,6
10836,26
10836,8
10837,9
10838,9
10839,9
10839,26
10840,1
10840,3
10840,11
10841,1
10841,9
10841,13
10841,26
10842,9
10842,14
10842,6
10842,20
10843,9
10843,6
10843,20
10844,1
10844,9
10845,1
10845,3
10845,9
10846,1
10846,9
10846,13
10847,1
10847,9
10847,25
10847,6
10847,7
10848,9
10848,20
10849,9
10849,25
10849,7
10850,9
10850,6
10851,8
10852,9
10852,25
10852,7
10853,5
10853,13
10853,8
10853,18
10854,9
10854,6
10855,1
10855,21
10855,9
10855,17
10855,25
10856,9
10856,20
10857,9
10858,9
10859,9
10860,8
10861,8
10862,13
10862,23
10862,8
10863,6
10863,15
10863,8
10864,9
10864,23
10864,20
10865,6
10866,9
10866,20
10867,8
10868,9
10868,15
10869,9
10869,23
10870,14
10871,9
10872,9
10872,11
10872,14
10873,8
10874,9
10874,14
10875,9
10875,25
10875,14
10876,8
10877,15
10877,8
10878,9
10878,20
10878,15
10879,9
10879,6
10880,6
10881,1
10881,9
10881,11
10881,6
10881,10
10882,8
10883,9
10883,20
10884,9
10884,6
10885,9
10885,17
10885,25
10886,13
10886,15
10886,8
10887,8
10888,17
10888,14
10889,9
10889,25
10890,9
10890,25
10890,7
10891,6
10891,8
10892,25
10892,14
10892,6
10892,15
10893,9
10894,6
10895,8
10896,1
10896,13
10896,26
10897,9
10897,11
10897,20
10897,4
10897,10
10898,9
10898,8
10899,6
10899,20
10900,9
10901,6
10901,20
10902,9
10903,8
10904,9
10905,8
10906,9
10907,6
10907,20
10908,8
10909,6
10909,7
10910,25
10910,8
10911,5
10911,9
10911,11
10911,6
10911,4
10912,9
10912,6
10913,6
10913,20
10914,9
10915,9
10916,6
10917,1
10917,3
10917,25
10917,7
10918,9
10919,6
10919,20
10920,17
10920,25
10920,14
10921,9
10921,11
10922,9
10923,9
10924,21
10924,9
10924,17
10924,25
10924,14
10924,7
10925,6
10925,7
10926,9
10927,14
10927,6
10928,8
10929,9
10929,7
10930,8
10931,9
10931,20
10931,7
10931,16
10932,27
10932,8
10933,9
10934,8
10935,8
10936,6
10936,20
10937,9
10938,9
10938,6
10939,8
10940,9
10940,10
10941,6
10941,20
10942,9
10942,7
10943,9
10944,9
10944,7
10945,9
10946,8
10947,1
10947,3
10947,21
10947,9
10947,17
10947,25
10947,7
10948,6
10948,20
10949,9
10949,6
10949,20
10950,8
10951,25
10951,14
10952,9
10952,17
10952,25
10952,14
10953,6
10954,9
10954,10
10955,11
10955,6
10955,20
10956,8
10957,21
10957,6
10958,9
10959,5
10959,8
10960,9
10960,6
10960,8
10961,9
10961,8
10962,9
10963,9
10964,9
10964,20
10965,9
10965,6
10966,9
10966,6
10966,20
10967,25
10967,14
10968,9
10968,6
10969,14
10969,6
10970,5
10970,9
10970,15
10971,9
10972,11
10972,6
10972,20
10973,6
10973,8
10974,8
10975,9
10975,6
10975,20
10976,6
10976,20
10977,9
10977,6
10978,8
10979,6
10979,7
10980,6
10981,9
10981,20
10982,8
10983,25
10983,14
10984,9
10984,17
10984,14
10985,6
10985,20
10986,9
10986,6
10986,8
10987,6
10988,9
10989,9
10990,6
10990,20
10991,8
10992,9
10992,17
10992,4
10992,10
10993,9
10993,17
10993,25
10993,14
10994,9
10994,23
10995,8
10996,15
10996,8
10997,9
10997,6
10997,20
10998,8
10999,9
11000,9
11000,25
11001,15
11001,8
11002,9
11002,6
11003,9
11003,20
11003,26
11004,9
11005,6
11005,26
11005,8
11006,9
11007,8
11008,9
11008,6
11008,20
11009,9
11009,6
11009,7
11010,9
11010,17
11010,25
11011,3
11011,9
11011,11
11011,10
11012,8
11013,9
11013,17
11013,6
11014,8
11015,6
11016,8
11017,9
11017,6
11018,9
11018,23
11018,6
11019,9
11019,15
11020,6
11020,20
11021,6
11021,26
11022,9
11022,6
11023,6
11023,20
11024,9
11024,17
11024,25
11025,9
11025,7
11026,6
11026,7
11027,9
11028,9
11029,9
11030,1
11030,9
11030,25
11031,9
11032,13
11032,8
11033,9
11034,21
11034,9
11034,17
11034,25
11034,14
11035,9
11036,6
11037,9
11038,9
11038,6
11039,15
11039,8
11040,3
11040,9
11041,6
11041,20
11042,1
11042,9
11042,17
11042,25
11042,7
11043,5
11043,7
11043,8
11044,5
11044,15
11044,8
11045,15
11045,8
11046,8
11047,9
11048,8
11049,6
11049,7
11050,15
11050,8
11051,9
11051,25
11052,17
11052,15
11052,8
11053,8
11054,8
11055,9
11056,9
11056,20
11057,9
11057,6
11058,8
11059,23
11059,6
11060,8
11061,9
11061,6
11062,6
11063,9
11063,25
11063,6
11064,1
11064,9
11064,6
11065,6
11066,9
11066,6
11067,13
11067,26
11067,8
11068,9
11068,17
11068,25
11068,20
11069,9
11069,25
11069,20
11069,7
11070,9
11070,6
11071,9
11072,9
11072,6
11073,5
11073,9
11074,17
11074,6
11074,20
11075,1
11075,9
11075,25
11075,7
11076,9
11076,20
11077,1
11077,3
11077,6
11078,9
11078,7
11079,25
11080,9
11080,6
11080,20
11081,13
11081,6
11082,9
11082,15
11083,9
11084,9
11084,25
11084,6
11085,1
11085,9
11085,6
11085,7
11086,9
11087,6
11087,8
11088,9
11089,9
11090,9
11090,25
11090,11
11090,14
11091,9
11091,25
11091,14
11092,9
11093,5
11093,8
11094,8
11095,8
11096,3
11096,17
11096,25
11096,14
11097,1
11097,25
11097,14
11097,6
11098,9
11098,6
11099,9
11099,23
11099,6
11099,20
11100,6
11100,20
11101,6
11102,6
11103,5
11103,17
11103,25
11103,11
11103,14
11104,9
11104,25
11104,14
11105,1
11105,9
11105,17
11105,25
11105,7
11106,9
11106,8
11107,1
11107,13
11107,20
11107,26
11108,6
11109,8
11110,6
11110,8
11111,5
11111,9
11111,13
11112,4
11112,10
11113,9
11114,9
11114,13
11114,26
11115,8
11116,9
11116,6
11117,9
11118,9
11118,25
11118,20
11119,9
11120,9
11120,25
11121,9
11121,17
11121,11
11121,20
11122,9
11122,6
11123,5
11123,15
11123,8
11124,25
11124,11
11124,14
11125,9
11125,17
11126,14
11126,6
11127,13
11127,8
11128,8
11129,3
11129,17
11129,6
11130,8
11131,8
11131,18
11132,8
11133,9
11133,17
11133,25
11134,25
11134,14
11135,25
11135,14
11136,3
11137,8
11138,3
11138,11
11138,4
11138,10
11139,9
11139,20
11140,1
11140,14
11141,9
11142,1
11142,3
11142,9
11142,25
11142,6
11143,9
11144,9
11145,9
11145,6
11145,20
11146,6
11146,20
11147,9
11148,5
11148,9
11148,13
11148,27
11149,21
11149,9
11149,20
11150,6
11151,9
11152,9
11152,10
11153,9
11153,6
11154,3
11154,11
11154,6
11154,4
11154,10
11155,9
11156,1
11156,3
11156,21
11156,11
11156,26
11157,1
11157,3
11157,11
11158,9
11158,20
11159,9
11159,17
11159,25
11159,7
11160,9
11161,9
11161,17
11161,10
11162,9
11162,23
11162,6
11162,10
11163,9
11164,5
11164,8
11165,9
11165,25
11166,8
11167,13
11167,8
11168,6
11168,8
11169,8
11170,9
11170,6
11170,20
11171,9
11171,20
11172,6
11172,15
11173,9
11174,8
11175,21
11175,7
11176,9
11176,13
11177,9
11178,1
11178,3
11178,21
11178,9
11178,25
11178,14
11179,9
11179,6
11180,5
11180,9
11180,13
11181,25
11181,14
11182,9
11182,17
11182,25
11182,14
11183,1
11183,25
11184,3
11184,6
11184,4
11184,10
11185,25
11186,23
11186,8
11187,8
11188,9
11188,4
11189,17
11189,14
11189,6
11189,8
11190,9
11190,11
11190,20
11191,8
11192,8
11193,9
11193,6
11194,6
11194,7
11195,25
11195,14
11196,25
11196,14
11197,9
11197,20
11198,1
11198,21
11198,7
11198,4
11199,1
11199,14
11200,1
11200,25
11200,11
11200,14
11200,4
11201,23
11201,8
11202,1
11202,21
11202,25
11203,1
11203,3
11203,21
11203,11
11204,1
11204,3
11204,21
11204,25
11204,11
11205,1
11205,21
11205,9
11206,1
11206,21
11206,25
11206,11
11207,1
11207,21
11207,25
11208,1
11208,21
11208,25
11209,14
11210,1
11210,3
11210,25
11210,7
11211,1
11211,3
11211,25
11212,1
11212,3
11212,25
11212,7
11213,9
11213,20
11214,9
11215,8
11216,9
11216,6
11217,6
11218,1
11218,14
11218,6
11219,25
11220,9
11221,8
11222,9
11222,7
11223,9
11223,6
11223,20
11224,9
11224,6
11224,20
11225,9
11225,6
11226,11
11226,20
11226,4
11227,3
11227,6
11228,9
11229,9
11229,15
11230,9
11230,20
11231,6
11231,10
11232,9
11232,6
11233,6
11233,20
11234,6
11234,16
11235,9
11235,11
11235,6
11235,20
11235,15
11235,16
11236,9
11236,20
11236,15
11237,13
11237,8
11238,25
11238,11
11238,14
11238,6
11239,3
11239,6
11239,4
11239,10
11240,3
11240,9
11240,6
11241,5
11241,8
11242,9
11243,9
11243,20
11244,9
11244,20
11244,26
11245,6
11246,9
11247,9
11248,8
11249,13
11249,8
11249,18
11250,1
11250,9
11250,6
11251,8
11252,9
11252,23
11252,6
11252,15
11252,10
11253,25
11253,6
11253,20
11253,7
11254,6
11254,20
11255,9
11255,17
11255,25
11255,14
11256,9
11256,6
11256,15
11257,9
11257,17
11257,25
11258,9
11259,9
11260,6
11260,20
11261,9
11261,6
11262,9
11262,25
11262,7
11263,9
11263,6
11264,9
11265,9
11266,9
11266,6
11267,9
11268,1
11268,21
11268,9
11268,27
11269,15
11269,8
11270,3
11270,25
11270,11
11270,6
11271,9
11271,11
11271,20
11271,4
11272,9
11272,6
11273,15
11273,8
11274,9
11274,6
11274,20
11275,25
11275,14
11275,6
11276,9
11277,6
11277,20
11277,10
11278,9
11278,6
11279,15
11279,16
11279,8
11280,9
11280,6
11281,9
11281,20
11282,9
11282,6
11283,9
11283,6
11283,20
11284,9
11284,17
11284,25
11284,11
11284,20
11285,8
11286,1
11286,3
11286,25
11286,11
11286,4
11286,10
11287,5
11287,9
11288,5
11288,8
11289,21
11289,9
11289,25
11290,9
11290,6
11290,20
11291,1
11291,3
11291,21
11291,11
11292,9
11293,5
11293,15
11293,8
11294,4
11294,10
11295,1
11295,3
11295,21
11295,11
11295,6
11295,10
11296,3
11296,9
11296,25
11296,26
11297,6
11298,9
11298,20
11299,9
11299,17
11299,6
11300,9
11301,6
11302,1
11302,9
11302,13
11302,25
11303,9
11304,8
11305,9
11305,6
11306,6
11306,20
11307,25
11307,26
11308,9
11308,6
11309,9
11309,13
11310,9
11310,6
11310,20
11311,9
11311,20
11312,5
11312,15
11312,8
11313,9
11314,9
11314,25
11315,13
11315,8
11315,18
11316,8
11317,9
11317,17
11317,25
11317,7
11318,21
11318,20
11319,9
11319,6
11319,7
11320,11
11321,9
11321,14
11321,20
11322,14
11322,6
11323,1
11323,3
11323,14
11323,6
11324,1
11324,14
11324,6
11325,8
11326,6
11326,20
11326,10
11327,6
11328,6
11329,1
11329,3
11329,21
11329,10
11330,9
11330,6
11330,4
11331,1
11331,3
11331,6
11331,7
11331,4
11331,10
11332,11
11332,6
11332,20
